user_id,ingreso,ratio_deuda,frecuencia_ahorro,pct_gasto_esencial,tasa_gasto,perfil
USR_0001,5633321.39,0.103,4,0.6221,0.8586,En observación
USR_0002,6444101.63,0.8633,1,0.7272,0.5943,En riesgo
USR_0003,11733651.47,0.7455,9,0.3559,0.4281,En riesgo
USR_0004,7276957.07,0.8877,5,0.5649,1.2214,En riesgo
USR_0005,10026710.91,0.1729,13,0.3498,1.0165,En riesgo
USR_0006,4341025.99,0.9873,11,0.7698,1.0222,En riesgo
USR_0007,9688012.09,0.1508,3,0.4731,0.5841,Saludable
USR_0008,11314327.18,0.1087,9,0.7282,1.0216,En riesgo
USR_0009,3144214.66,0.877,1,0.5334,0.35,En riesgo
USR_0010,9616533.64,0.4067,14,0.3173,0.9619,En observación
USR_0011,8795939.35,0.1221,0,0.7449,0.3564,En observación
USR_0012,8445881.41,0.0834,11,0.5922,0.3847,Saludable
USR_0013,13671691.63,0.9071,8,0.5552,1.0344,En observación
USR_0014,2867598.23,0.2213,9,0.4142,0.5178,Saludable
USR_0015,5715360.3,0.6285,1,0.8746,1.2308,En observación
USR_0016,9067752.25,0.7342,4,0.8462,1.0481,En riesgo
USR_0017,10396687.28,0.5827,12,0.734,0.6671,En observación
USR_0018,8724300.61,0.5164,7,0.725,0.4756,En observación
USR_0019,6332164.79,0.0283,14,0.7806,1.1019,En riesgo
USR_0020,11230097.25,0.7933,4,0.4613,1.1746,En riesgo
USR_0021,4144182.73,0.3254,12,0.7111,0.5986,En observación
USR_0022,8692049.41,0.4334,3,0.582,0.9276,En observación
USR_0023,14106454.34,0.2991,1,0.7761,0.8866,En observación
USR_0024,9659941.74,0.8206,5,0.5275,0.7194,En riesgo
USR_0025,3660192.35,0.9244,6,0.3444,0.4451,En riesgo
USR_0026,2865484.81,0.6278,6,0.3753,0.8427,En riesgo
USR_0027,12226343.12,0.0363,13,0.5011,0.9911,En observación
USR_0028,8391127.28,0.9769,5,0.7541,1.2554,En riesgo
USR_0029,6908297.62,0.9524,0,0.3929,0.6817,En riesgo
USR_0030,6372661.86,0.2442,0,0.2406,0.9963,En riesgo
USR_0031,1928980.09,0.8171,6,0.6149,1.1962,En riesgo
USR_0032,2701255.2,0.4729,4,0.4011,0.8925,En observación
USR_0033,5309461.61,0.0555,4,0.8971,0.4786,Saludable
USR_0034,14757447.99,0.3761,5,0.5589,0.4468,En observación
USR_0035,8804232.67,0.1447,3,0.7982,1.299,En riesgo
USR_0036,5590783.14,0.1489,3,0.4628,0.4107,Saludable
USR_0037,6064161.09,0.1735,5,0.6377,0.7239,Saludable
USR_0038,8881410.07,0.2132,13,0.4804,0.4923,Saludable
USR_0039,4935974.06,0.854,14,0.8243,1.2712,En riesgo
USR_0040,12050897.01,0.5428,4,0.8602,1.1841,En riesgo
USR_0041,2357855.08,0.5167,0,0.7617,0.9704,En observación
USR_0042,2947886.83,0.3465,5,0.3455,1.1003,En riesgo
USR_0043,9818348.61,0.4681,6,0.7957,1.2316,En riesgo
USR_0044,14621582.16,0.7811,10,0.565,1.079,En riesgo
USR_0045,5893503.32,0.1787,2,0.78,0.7255,En observación
USR_0046,2052754.59,0.5568,0,0.2527,1.2583,En riesgo
USR_0047,7203164.6,0.6233,11,0.6372,0.6027,En riesgo
USR_0048,5286105.71,0.5016,13,0.5871,0.7886,En observación
USR_0049,2772346.93,0.084,9,0.2561,1.0511,En riesgo
USR_0050,3143504.91,0.0999,0,0.5624,0.4674,En observación
USR_0051,14702702.08,0.375,1,0.4979,1.1719,En observación
USR_0052,6654113.98,0.3334,4,0.8204,0.5715,En observación
USR_0053,1737818.62,0.8478,11,0.3984,1.1994,En riesgo
USR_0054,12113325.06,0.582,7,0.8231,0.8527,En observación
USR_0055,14553529.88,0.9961,9,0.7353,0.5439,En riesgo
USR_0056,12776075.02,0.3759,10,0.2392,0.8065,En observación
USR_0057,13218289.87,0.2135,13,0.8427,0.5485,Saludable
USR_0058,9662728.64,0.4004,7,0.5636,0.932,En observación
USR_0059,12249560.65,0.4521,15,0.7538,0.8533,En observación
USR_0060,2219411.77,0.2859,7,0.5906,0.3566,Saludable
USR_0061,3544383.68,0.2853,11,0.6938,1.0971,En riesgo
USR_0062,10607123.95,0.2066,11,0.417,0.8279,Saludable
USR_0063,4179773.29,0.8845,10,0.6223,0.3313,Saludable
USR_0064,2839980.05,0.3119,0,0.4945,1.0067,Saludable
USR_0065,14630998.26,0.8931,3,0.5736,0.7524,En riesgo
USR_0066,14676294.87,0.0498,4,0.3396,0.3608,Saludable
USR_0067,4472643.41,0.4261,2,0.8797,1.1834,En riesgo
USR_0068,14248636.14,0.1136,12,0.7705,0.6232,Saludable
USR_0069,14755250.95,0.7086,0,0.6429,0.3525,En riesgo
USR_0070,5247071.98,0.9212,2,0.558,0.3933,En riesgo
USR_0071,13908228.98,0.344,5,0.4489,1.1998,En riesgo
USR_0072,2830546.59,0.3107,2,0.8361,0.8184,En observación
USR_0073,2234227.38,0.1103,3,0.8544,0.4553,Saludable
USR_0074,1667481.41,0.9898,9,0.2302,1.2743,En riesgo
USR_0075,1436987.27,0.9477,9,0.3357,0.5366,En riesgo
USR_0076,13300295.8,0.8195,8,0.3127,0.4812,En riesgo
USR_0077,9004437.02,0.6373,3,0.4903,0.3362,En riesgo
USR_0078,5635613.63,0.7636,6,0.578,0.7143,En riesgo
USR_0079,14685124.11,0.5821,9,0.7226,0.86,En observación
USR_0080,9913177.61,0.2421,10,0.228,0.5009,Saludable
USR_0081,3766916.36,0.2548,9,0.3822,0.7756,Saludable
USR_0082,5331896.37,0.3232,6,0.6718,0.8373,En observación
USR_0083,7329189.99,0.6344,0,0.5831,0.8433,En riesgo
USR_0084,14666758.69,0.3671,7,0.4982,0.9447,En observación
USR_0085,3643578.72,0.5605,9,0.6611,0.4505,En observación
USR_0086,13938584.31,0.565,2,0.6055,0.3423,En observación
USR_0087,9297216.19,0.2746,6,0.3723,0.8774,En observación
USR_0088,6965941.57,0.1658,12,0.336,1.2739,En riesgo
USR_0089,6190705.52,0.6014,14,0.2613,0.6816,En riesgo
USR_0090,8192296.51,0.2687,7,0.8037,0.4811,Saludable
USR_0091,8710467.26,0.9506,14,0.8854,0.5704,En riesgo
USR_0092,10759361.45,0.2535,6,0.391,0.4697,Saludable
USR_0093,7879072.35,0.7019,15,0.7765,0.6582,En riesgo
USR_0094,2566468.04,0.7581,5,0.4809,0.4926,En riesgo
USR_0095,6114037.5,0.1698,11,0.7669,0.428,Saludable
USR_0096,11621584.38,0.2145,15,0.4308,0.7617,Saludable
USR_0097,4026533.21,0.3014,5,0.7364,0.675,En observación
USR_0098,9004732.05,0.8356,5,0.8363,1.2695,En riesgo
USR_0099,3596222.51,0.223,12,0.4412,0.3878,Saludable
USR_0100,7814009.91,0.7287,3,0.4316,0.8424,En riesgo
USR_0101,14431453.17,0.206,14,0.3028,0.9923,En observación
USR_0102,13777695.62,0.5016,13,0.2156,0.4715,En observación
USR_0103,8994918.56,0.7033,6,0.7934,0.6766,En riesgo
USR_0104,9120017.46,0.0272,4,0.6577,1.2951,En riesgo
USR_0105,14141874.12,0.0043,15,0.3651,0.7613,Saludable
USR_0106,7720922.77,0.3408,15,0.2641,0.4123,En observación
USR_0107,11229019.8,0.9443,8,0.4605,0.9728,En riesgo
USR_0108,13959069.03,0.8165,11,0.2013,0.6506,En riesgo
USR_0109,4532206.35,0.0623,9,0.5712,0.564,Saludable
USR_0110,10070401.11,0.7034,5,0.6152,0.8435,En riesgo
USR_0111,2566978.79,0.3188,12,0.5759,1.208,En riesgo
USR_0112,2007317.01,0.5883,1,0.5725,0.7342,En observación
USR_0113,6545201.21,0.8417,13,0.4022,0.6875,En riesgo
USR_0114,9849522.24,0.5535,4,0.5294,0.3932,En observación
USR_0115,1833834.44,0.1116,9,0.8505,0.636,Saludable
USR_0116,2126096.77,0.4216,11,0.8684,1.2589,En riesgo
USR_0117,12758365.74,0.3638,15,0.4778,1.1215,En riesgo
USR_0118,2318005.52,0.3165,14,0.5557,0.6452,En observación
USR_0119,3765443.62,0.0048,0,0.2697,0.6064,En observación
USR_0120,8111936.19,0.2317,2,0.6397,1.1403,En riesgo
USR_0121,3246563.94,0.8553,9,0.3516,1.1444,En riesgo
USR_0122,9915438.1,0.0787,1,0.5238,0.6135,En observación
USR_0123,10378068.67,0.8396,0,0.6874,0.5389,En riesgo
USR_0124,2836313.38,0.8708,8,0.5071,0.5341,En riesgo
USR_0125,6883715.82,0.7161,11,0.4178,1.15,En riesgo
USR_0126,9524005.76,0.1457,13,0.2173,0.9753,En observación
USR_0127,14068443.07,0.2369,12,0.4689,1.0341,Saludable
USR_0128,14143171.16,0.5292,13,0.3038,1.002,En riesgo
USR_0129,11215472.48,0.6742,5,0.6429,0.4211,En riesgo
USR_0130,4962301.02,0.5076,7,0.509,0.6386,En observación
USR_0131,5250004.37,0.2115,11,0.7852,0.3469,Saludable
USR_0132,14278904.9,0.1287,8,0.7227,0.6255,Saludable
USR_0133,10421670.83,0.7169,14,0.3739,0.9848,En riesgo
USR_0134,3777526.83,0.5431,13,0.8036,0.4679,En observación
USR_0135,5710120.23,0.1725,7,0.493,1.1502,En riesgo
USR_0136,14065818.42,0.6012,11,0.4949,1.154,En riesgo
USR_0137,11847389.11,0.0647,9,0.5131,1.0902,En riesgo
USR_0138,12269592.42,0.7197,12,0.4832,0.5915,En riesgo
USR_0139,4434799.27,0.5325,7,0.7767,0.9382,En observación
USR_0140,2061467.53,0.6523,7,0.8799,1.0272,En riesgo
USR_0141,6025216.65,0.0928,8,0.6539,0.978,En observación
USR_0142,13379180.54,0.2346,5,0.6437,0.841,Saludable
USR_0143,13996265.73,0.9319,3,0.2987,0.9788,En riesgo
USR_0144,11514970.13,0.1153,0,0.5501,0.4033,En observación
USR_0145,3927539.38,0.4796,12,0.7125,0.9834,En observación
USR_0146,5070354.72,0.6738,9,0.5132,0.9591,En riesgo
USR_0147,1897942.81,0.4933,8,0.6561,1.1323,En riesgo
USR_0148,7538595.37,0.6795,2,0.5569,1.163,En riesgo
USR_0149,6950047.15,0.7439,7,0.7463,1.2212,En riesgo
USR_0150,5424851.38,0.2477,8,0.231,0.6084,Saludable
USR_0151,10575838.09,0.5654,2,0.5885,0.5953,En observación
USR_0152,3928230.86,0.3641,13,0.8308,0.5608,En observación
USR_0153,13176033.33,0.6442,14,0.2921,0.9762,En riesgo
USR_0154,4384603.78,0.791,10,0.4081,0.5574,En riesgo
USR_0155,6463886.93,0.3562,1,0.2225,1.1958,En riesgo
USR_0156,10198741.02,0.7375,9,0.7687,0.7765,En riesgo
USR_0157,12967673.52,0.2471,14,0.5891,1.1571,En riesgo
USR_0158,4410314.51,0.806,6,0.8789,0.9345,En riesgo
USR_0159,11743967.14,0.0838,1,0.6608,0.3795,En observación
USR_0160,8018313.91,0.3606,12,0.6251,0.4852,En observación
USR_0161,9851444.65,0.1738,1,0.4562,0.7045,En observación
USR_0162,8841125.18,0.938,11,0.3236,0.8487,En riesgo
USR_0163,7838727.23,0.0459,9,0.4875,0.5797,Saludable
USR_0164,9614191.86,0.6869,0,0.3866,0.6449,Saludable
USR_0165,10156813.65,0.8828,11,0.4482,1.2515,En riesgo
USR_0166,9994461.38,0.7877,0,0.2986,1.2173,En riesgo
USR_0167,7540254.7,0.0777,10,0.6915,0.7768,Saludable
USR_0168,5508836.38,0.285,4,0.7855,0.99,En observación
USR_0169,13202677.64,0.7969,12,0.3,0.505,En riesgo
USR_0170,10665580.16,0.5602,7,0.8546,0.591,En observación
USR_0171,8384590.02,0.3913,0,0.4716,0.7916,En observación
USR_0172,5274409.35,0.7691,12,0.4647,1.0477,En riesgo
USR_0173,13797964.53,0.7549,15,0.731,0.9259,En riesgo
USR_0174,12485961.88,0.4556,9,0.3319,1.0845,En riesgo
USR_0175,9427046.61,0.8933,15,0.6331,0.3656,En riesgo
USR_0176,10930103.01,0.5435,7,0.8934,0.5804,En observación
USR_0177,14662496.07,0.1825,2,0.7137,0.6219,En observación
USR_0178,5988145.64,0.2084,11,0.7904,0.5349,Saludable
USR_0179,7306098.79,0.1555,12,0.8998,0.6888,Saludable
USR_0180,6540587.02,0.5036,4,0.2644,0.9859,En observación
USR_0181,7119785.73,0.8648,7,0.224,1.2826,En riesgo
USR_0182,13139060.82,0.5796,0,0.8941,0.8312,En observación
USR_0183,10622357.1,0.2373,2,0.8612,0.7442,En observación
USR_0184,10329591.04,0.6886,6,0.6986,0.6759,En riesgo
USR_0185,14002705.46,0.0945,4,0.8491,1.0028,En riesgo
USR_0186,4583124.46,0.5057,10,0.2392,0.421,En observación
USR_0187,14033790.01,0.5518,10,0.6811,0.6204,En observación
USR_0188,3942565.96,0.8546,10,0.7233,1.0305,En riesgo
USR_0189,1839675.12,0.5497,1,0.8567,1.2663,En riesgo
USR_0190,14638465.58,0.0391,15,0.3704,0.4292,Saludable
USR_0191,13032324.88,0.5583,3,0.2856,1.1743,En riesgo
USR_0192,2023026.27,0.3177,13,0.8407,0.7043,En observación
USR_0193,6632731.34,0.3028,6,0.3309,1.1648,En riesgo
USR_0194,6587841.9,0.3814,6,0.4129,0.769,En observación
USR_0195,13258712.91,0.0527,0,0.6632,1.1866,En riesgo
USR_0196,11098611.4,0.1313,0,0.8016,0.4016,En observación
USR_0197,5988986.75,0.5383,1,0.7099,1.1968,En riesgo
USR_0198,1926649.48,0.1417,11,0.7313,0.3909,Saludable
USR_0199,8303789.76,0.0639,4,0.7165,0.6162,En riesgo
USR_0200,7877868.2,0.8141,0,0.3587,0.7559,En riesgo
USR_0201,14354917.01,0.8505,9,0.7028,0.9123,En riesgo
USR_0202,5141109.98,0.6536,11,0.7465,0.6147,En riesgo
USR_0203,7850324.45,0.9687,15,0.6468,1.1858,En riesgo
USR_0204,7041381.14,0.7739,13,0.4068,0.3214,Saludable
USR_0205,14229606.22,0.1697,10,0.22,1.2089,En riesgo
USR_0206,12537963.72,0.9726,14,0.8154,0.7569,En observación
USR_0207,6870418.69,0.555,3,0.4515,0.3574,En observación
USR_0208,10027335.38,0.5701,7,0.5307,0.7916,En observación
USR_0209,1454392.09,0.148,14,0.6056,0.5468,Saludable
USR_0210,5467629.54,0.8857,7,0.822,0.6261,En riesgo
USR_0211,3043104.07,0.4893,11,0.7786,1.2902,En riesgo
USR_0212,6370485.88,0.2524,6,0.5381,0.5982,Saludable
USR_0213,12862480.73,0.6022,6,0.7526,0.9737,En riesgo
USR_0214,9608508.25,0.0483,11,0.8988,0.4815,Saludable
USR_0215,2861284.91,0.1436,15,0.8319,0.8433,Saludable
USR_0216,9166900.54,0.705,10,0.629,0.9883,En riesgo
USR_0217,8275763.29,0.4757,15,0.5449,0.6813,Saludable
USR_0218,3756700.82,0.3553,11,0.65,0.8197,En observación
USR_0219,10608796.0,0.4495,15,0.8111,0.5842,En observación
USR_0220,9360944.23,0.5467,7,0.453,0.6941,En observación
USR_0221,3984834.22,0.0705,10,0.3541,0.4802,Saludable
USR_0222,1415382.63,0.2106,9,0.8134,0.7438,Saludable
USR_0223,5131739.0,0.896,7,0.7306,1.2978,En riesgo
USR_0224,13620408.07,0.9261,1,0.8806,0.8585,En riesgo
USR_0225,6351011.9,0.8887,8,0.8197,0.7818,En riesgo
USR_0226,10825125.08,0.0522,6,0.5586,1.0894,En riesgo
USR_0227,3675076.36,0.5732,12,0.5267,0.7866,En observación
USR_0228,13111206.64,0.4485,0,0.7341,0.4686,En observación
USR_0229,9914335.23,0.0857,5,0.7664,0.6407,En riesgo
USR_0230,6570414.39,0.7559,10,0.6983,1.0417,En riesgo
USR_0231,8091782.95,0.4747,14,0.3862,1.1903,En riesgo
USR_0232,14713304.62,0.4943,13,0.4891,0.4513,En observación
USR_0233,12037577.34,0.1221,0,0.3597,0.617,En observación
USR_0234,4146087.26,0.9059,10,0.2593,0.7645,En riesgo
USR_0235,11523921.33,0.2217,5,0.3185,0.8107,Saludable
USR_0236,6950019.09,0.2192,13,0.3317,0.512,Saludable
USR_0237,5895108.33,0.3181,2,0.3751,0.5063,En observación
USR_0238,3076082.14,0.4246,10,0.7795,0.4636,En observación
USR_0239,13222150.58,0.2722,12,0.5847,0.9801,En observación
USR_0240,14149626.57,0.6384,5,0.895,0.9784,En riesgo
USR_0241,11275037.3,0.2129,1,0.6041,0.9764,En observación
USR_0242,11736287.24,0.3182,9,0.6023,0.6281,En observación
USR_0243,12520761.21,0.1839,6,0.7735,1.0745,En riesgo
USR_0244,14140249.87,0.1416,8,0.7534,0.7901,Saludable
USR_0245,2394905.54,0.5924,4,0.6956,0.6887,En observación
USR_0246,8529825.33,0.8938,2,0.7621,1.1793,En riesgo
USR_0247,14140013.01,0.4055,15,0.6881,0.5074,En observación
USR_0248,13980811.31,0.2157,7,0.4486,0.581,Saludable
USR_0249,4819958.73,0.2225,6,0.7494,1.2295,En riesgo
USR_0250,11641137.34,0.0519,14,0.377,0.9289,En observación
USR_0251,11717961.26,0.8765,11,0.3396,0.5625,En riesgo
USR_0252,11489063.87,0.9777,1,0.8263,0.3116,En riesgo
USR_0253,14529461.29,0.4735,13,0.4723,1.1898,En observación
USR_0254,5367350.4,0.4321,5,0.2863,1.1058,En riesgo
USR_0255,1327543.94,0.3125,13,0.7948,0.612,En observación
USR_0256,12481021.75,0.1223,2,0.6569,0.4213,En observación
USR_0257,3622058.04,0.2472,12,0.8601,0.5119,Saludable
USR_0258,2014344.49,0.5375,10,0.2519,0.3347,Saludable
USR_0259,7668522.67,0.3987,0,0.5619,0.8593,En observación
USR_0260,10470397.85,0.4314,6,0.8741,1.1315,En riesgo
USR_0261,7597020.68,0.7375,11,0.8857,1.2804,En riesgo
USR_0262,6418350.46,0.0255,6,0.2917,0.999,En observación
USR_0263,7496112.61,0.5311,8,0.8453,1.0908,En riesgo
USR_0264,3970280.3,0.4115,6,0.4,1.1695,En riesgo
USR_0265,2197353.77,0.8759,13,0.5576,1.1143,En observación
USR_0266,11591540.77,0.9137,9,0.8194,1.0238,En riesgo
USR_0267,10442177.51,0.7987,9,0.8327,0.3443,En riesgo
USR_0268,5649689.54,0.5692,12,0.6502,1.1822,En riesgo
USR_0269,6749676.57,0.0666,0,0.8351,0.564,En observación
USR_0270,5077485.83,0.413,2,0.5263,0.9546,En observación
USR_0271,2628265.55,0.2535,5,0.3033,0.7561,Saludable
USR_0272,1732489.57,0.0178,13,0.7351,1.1399,En riesgo
USR_0273,5232039.89,0.931,1,0.7325,0.3482,En riesgo
USR_0274,6328397.54,0.273,1,0.286,0.5549,En observación
USR_0275,12428064.75,0.6186,12,0.6913,0.7509,En riesgo
USR_0276,8407450.01,0.5163,2,0.7993,0.5308,En observación
USR_0277,12912561.32,0.1392,6,0.2343,0.4085,Saludable
USR_0278,8440740.51,0.7584,0,0.7155,1.2253,En riesgo
USR_0279,7366312.38,0.1731,10,0.4404,1.0459,En riesgo
USR_0280,9839866.62,0.4158,4,0.2273,0.336,En observación
USR_0281,12675659.08,0.5914,9,0.6552,0.5105,En observación
USR_0282,10810902.48,0.3098,1,0.3284,0.9791,En observación
USR_0283,11734661.39,0.4293,1,0.7467,0.5433,En observación
USR_0284,14293394.63,0.3572,13,0.3671,1.2176,En observación
USR_0285,2277913.7,0.4274,6,0.3328,1.1507,En riesgo
USR_0286,10900010.1,0.0867,0,0.751,1.2632,En riesgo
USR_0287,10960336.02,0.0798,4,0.4348,0.6629,Saludable
USR_0288,8189646.13,0.361,3,0.8535,0.335,En observación
USR_0289,11815390.61,0.7227,3,0.6574,0.9856,En observación
USR_0290,10655630.38,0.027,2,0.5817,1.0654,En riesgo
USR_0291,13560235.13,0.7897,9,0.4764,0.9084,En riesgo
USR_0292,1754741.94,0.7619,14,0.2793,1.1427,En riesgo
USR_0293,4767386.28,0.2847,1,0.6837,0.9826,En observación
USR_0294,12814166.0,0.1326,0,0.272,0.3775,En observación
USR_0295,9386980.69,0.1893,3,0.2508,0.6547,Saludable
USR_0296,1575394.62,0.5532,8,0.4792,1.0504,En riesgo
USR_0297,2209816.36,0.0895,10,0.6189,0.5017,Saludable
USR_0298,2226660.46,0.0209,6,0.6175,0.8007,Saludable
USR_0299,14746227.05,0.8311,14,0.7158,0.994,En riesgo
USR_0300,5848529.96,0.104,6,0.861,0.3193,Saludable
USR_0301,14522364.11,0.1493,13,0.6025,0.4768,Saludable
USR_0302,9370487.45,0.5401,9,0.4437,0.9574,En observación
USR_0303,1415932.99,0.0644,0,0.5426,0.7887,En observación
USR_0304,2269744.4,0.1908,8,0.6021,1.0684,En riesgo
USR_0305,5185846.13,0.409,9,0.2106,0.7492,En observación
USR_0306,7163019.98,0.5519,5,0.2515,0.4897,En observación
USR_0307,5862383.62,0.0779,3,0.6442,0.9724,En observación
USR_0308,10582309.32,0.2654,7,0.6709,0.8887,En observación
USR_0309,4284282.81,0.8472,14,0.5257,0.9567,En riesgo
USR_0310,3224467.95,0.8409,9,0.8762,0.8143,En riesgo
USR_0311,7736937.63,0.7555,10,0.4099,0.4818,En riesgo
USR_0312,7351372.37,0.2444,15,0.5819,0.4798,Saludable
USR_0313,5994083.59,0.9314,1,0.7638,0.6302,En riesgo
USR_0314,5618870.18,0.3831,1,0.5941,0.4872,En observación
USR_0315,12248606.46,0.9722,13,0.7107,0.5502,En riesgo
USR_0316,11193544.73,0.575,12,0.2139,0.8412,En observación
USR_0317,14401087.84,0.3913,1,0.4217,0.4263,En observación
USR_0318,7879833.09,0.5253,12,0.8822,0.9889,En observación
USR_0319,13551451.97,0.6994,15,0.7788,0.4563,En riesgo
USR_0320,5944618.07,0.725,6,0.5939,0.5494,En riesgo
USR_0321,12474370.66,0.1105,11,0.5402,0.722,Saludable
USR_0322,2663175.22,0.9382,5,0.4264,0.6515,En riesgo
USR_0323,2073805.61,0.986,1,0.2988,0.4259,En riesgo
USR_0324,7448455.59,0.5155,3,0.6716,1.0292,En observación
USR_0325,10729626.44,0.114,4,0.5457,1.056,En riesgo
USR_0326,8391207.8,0.2856,0,0.527,1.0048,En observación
USR_0327,5462044.57,0.3153,15,0.3806,0.4527,En observación
USR_0328,13437460.62,0.7319,5,0.5762,0.7692,En riesgo
USR_0329,8256278.7,0.6363,2,0.2421,1.2729,En riesgo
USR_0330,7623057.79,0.9265,2,0.811,0.7095,En riesgo
USR_0331,3539378.21,0.7566,14,0.7883,1.1324,En riesgo
USR_0332,10415568.14,0.6658,0,0.2751,0.3926,En riesgo
USR_0333,11033944.64,0.0696,0,0.4328,1.2449,En riesgo
USR_0334,1387425.91,0.3491,7,0.4467,1.0742,En riesgo
USR_0335,1619827.94,0.673,2,0.8836,0.5163,En riesgo
USR_0336,3143038.79,0.5207,4,0.2541,0.5579,En observación
USR_0337,2500268.83,0.3152,5,0.4556,0.758,En observación
USR_0338,11582587.91,0.7927,7,0.8787,0.5962,En riesgo
USR_0339,9857077.68,0.4201,0,0.5473,0.761,En observación
USR_0340,10975793.8,0.0897,11,0.3075,1.0644,En riesgo
USR_0341,11191136.3,0.565,14,0.3028,0.8731,En observación
USR_0342,14689145.04,0.2369,13,0.6499,0.758,Saludable
USR_0343,13132552.99,0.926,8,0.2272,1.2571,En riesgo
USR_0344,1838662.34,0.8813,2,0.4722,0.4191,En riesgo
USR_0345,2310116.16,0.1565,8,0.8004,0.8509,En observación
USR_0346,6867789.66,0.8383,6,0.5627,0.8218,En riesgo
USR_0347,8644194.11,0.5177,9,0.6817,1.0048,En observación
USR_0348,5629985.53,0.5757,14,0.3434,1.1947,En riesgo
USR_0349,14014767.35,0.9759,15,0.3044,1.1376,En riesgo
USR_0350,13386977.16,0.4661,3,0.8219,1.1513,En riesgo
USR_0351,7180463.89,0.7587,6,0.5085,0.9764,En riesgo
USR_0352,3620362.48,0.5132,11,0.2681,1.1556,En riesgo
USR_0353,7823766.3,0.8272,2,0.4098,0.589,En riesgo
USR_0354,12234412.1,0.2775,7,0.2574,0.7316,Saludable
USR_0355,12630856.97,0.4734,3,0.7032,0.5253,En observación
USR_0356,3494586.28,0.835,12,0.8288,0.6044,En observación
USR_0357,8102043.55,0.4224,12,0.7749,0.9988,En observación
USR_0358,10752080.32,0.5062,14,0.5423,1.0979,En riesgo
USR_0359,9051786.47,0.8932,2,0.2194,0.4395,En riesgo
USR_0360,9070587.48,0.7378,10,0.2488,1.1599,En riesgo
USR_0361,11933807.58,0.2452,2,0.2282,0.5359,En observación
USR_0362,6363561.09,0.1826,15,0.7291,1.1136,En riesgo
USR_0363,1261847.37,0.5012,9,0.2301,0.728,En observación
USR_0364,2886519.85,0.4312,1,0.5331,0.9536,En observación
USR_0365,3212993.95,0.1852,9,0.8198,0.9785,En observación
USR_0366,12500198.46,0.5638,1,0.5066,1.076,En riesgo
USR_0367,11125905.38,0.1265,3,0.6998,0.3368,Saludable
USR_0368,6414821.84,0.8096,4,0.6398,0.8824,En riesgo
USR_0369,14819270.6,0.8869,15,0.7921,0.6242,En riesgo
USR_0370,9386680.56,0.539,1,0.2926,0.4141,En observación
USR_0371,4519066.19,0.3067,5,0.7498,0.7582,En observación
USR_0372,1718505.82,0.4923,14,0.4272,0.4829,En observación
USR_0373,3175672.97,0.9451,0,0.674,0.887,En observación
USR_0374,11145250.46,0.4219,12,0.4547,0.4291,En observación
USR_0375,7499862.24,0.2717,10,0.2389,1.101,En riesgo
USR_0376,4779499.49,0.582,11,0.8135,1.1432,En riesgo
USR_0377,14338406.17,0.7901,15,0.5667,1.2444,En riesgo
USR_0378,3588987.36,0.258,14,0.7387,1.2621,En riesgo
USR_0379,11958954.11,0.8749,15,0.2087,0.4723,En riesgo
USR_0380,12519028.3,0.3352,12,0.7907,0.973,En observación
USR_0381,5403203.27,0.0356,0,0.6626,0.8512,En observación
USR_0382,4052086.54,0.3403,15,0.7856,1.1145,En riesgo
USR_0383,10102141.15,0.366,5,0.7429,1.1088,En riesgo
USR_0384,9076519.53,0.0105,3,0.5529,0.8267,Saludable
USR_0385,13988637.27,0.0316,15,0.3698,0.9458,En observación
USR_0386,5390420.31,0.8987,1,0.7524,0.8296,En riesgo
USR_0387,1600735.2,0.0405,8,0.2551,0.9801,En observación
USR_0388,6818877.86,0.7262,8,0.6274,0.5248,En riesgo
USR_0389,9660117.96,0.6283,8,0.258,1.1277,En observación
USR_0390,9921013.02,0.557,8,0.5768,0.972,En observación
USR_0391,2572570.04,0.3806,12,0.2062,0.6448,En observación
USR_0392,7863626.07,0.1844,7,0.8971,1.1973,En riesgo
USR_0393,1490913.11,0.8586,13,0.23,0.4709,En riesgo
USR_0394,7171961.99,0.3563,10,0.4382,0.6226,En observación
USR_0395,7057187.67,0.1456,13,0.5212,0.5738,Saludable
USR_0396,14799293.78,0.8248,7,0.581,1.2565,En observación
USR_0397,13436824.09,0.1695,5,0.3197,1.1604,En riesgo
USR_0398,8541786.01,0.4109,4,0.28,1.0403,En riesgo
USR_0399,11826420.47,0.969,1,0.2431,1.1523,En riesgo
USR_0400,14903657.77,0.8164,4,0.4184,1.206,En riesgo
USR_0401,9274378.6,0.2149,8,0.6695,0.3496,Saludable
USR_0402,8706835.39,0.5151,2,0.5669,1.2148,En riesgo
USR_0403,14632632.9,0.2622,15,0.8169,0.8605,En observación
USR_0404,6438354.61,0.0482,6,0.2514,0.7052,Saludable
USR_0405,1751064.21,0.8352,13,0.3676,0.4868,En observación
USR_0406,6105370.64,0.2355,1,0.2503,1.0157,En riesgo
USR_0407,6591695.2,0.7661,13,0.6469,1.0517,En riesgo
USR_0408,11571809.73,0.3307,4,0.2348,0.8241,En riesgo
USR_0409,1653128.92,0.4684,13,0.8712,0.3258,En observación
USR_0410,14863203.99,0.3225,0,0.73,0.4034,En observación
USR_0411,4389888.87,0.3942,1,0.3546,0.454,En observación
USR_0412,13755299.74,0.9383,4,0.7499,1.2419,En riesgo
USR_0413,13302445.87,0.2087,4,0.4988,0.815,Saludable
USR_0414,9236591.68,0.4656,10,0.5165,0.8237,En observación
USR_0415,14757773.53,0.06,14,0.7411,0.9381,En observación
USR_0416,9315155.77,0.2294,15,0.8072,0.6271,Saludable
USR_0417,5741066.87,0.5982,13,0.531,1.1466,En riesgo
USR_0418,5829402.53,0.5254,3,0.6197,0.8667,En observación
USR_0419,10227522.71,0.3077,0,0.8779,0.9561,En observación
USR_0420,14774519.1,0.5707,11,0.549,0.8333,En observación
USR_0421,10300964.36,0.0416,4,0.794,1.0586,En riesgo
USR_0422,9499686.88,0.3473,7,0.3044,1.285,En riesgo
USR_0423,13472139.38,0.7713,5,0.4707,1.0656,En riesgo
USR_0424,13396261.46,0.6994,14,0.4395,0.6353,En riesgo
USR_0425,14800458.63,0.5218,12,0.2914,0.4796,En observación
USR_0426,3997097.2,0.1118,6,0.4933,1.0793,En riesgo
USR_0427,6098199.11,0.9825,9,0.8015,0.4347,En riesgo
USR_0428,12897503.02,0.5927,7,0.7734,0.8557,En observación
USR_0429,7889430.73,0.835,1,0.2817,0.7154,En riesgo
USR_0430,3774804.55,0.1024,0,0.3775,0.389,En observación
USR_0431,4949991.53,0.7679,15,0.5574,0.4816,En riesgo
USR_0432,14506238.76,0.5789,15,0.4736,1.1413,En riesgo
USR_0433,10545223.3,0.6978,3,0.4458,0.3206,En riesgo
USR_0434,14681599.7,0.0667,15,0.5449,1.1892,En riesgo
USR_0435,5980310.61,0.3693,11,0.5106,0.6255,En observación
USR_0436,1981114.03,0.8332,10,0.6592,0.4198,En riesgo
USR_0437,13333962.45,0.7792,6,0.6022,0.6153,En riesgo
USR_0438,8278858.33,0.2462,6,0.4863,0.9992,En observación
USR_0439,10014383.04,0.5322,9,0.3876,0.6754,En observación
USR_0440,13374883.87,0.9504,4,0.8169,0.9149,En riesgo
USR_0441,12548616.49,0.5463,15,0.8655,0.4154,En observación
USR_0442,5980231.24,0.8991,12,0.7853,0.9781,En riesgo
USR_0443,10646713.18,0.2172,7,0.5101,0.6023,Saludable
USR_0444,14815614.33,0.272,6,0.296,0.8385,Saludable
USR_0445,3213271.6,0.553,5,0.8008,0.499,En observación
USR_0446,13284144.21,0.2092,12,0.7542,0.4708,Saludable
USR_0447,1706570.16,0.1856,1,0.7458,0.4168,En observación
USR_0448,6781827.69,0.042,9,0.7017,0.4102,Saludable
USR_0449,12093438.94,0.1681,10,0.234,0.9756,En observación
USR_0450,12058407.66,0.9579,13,0.3336,1.1072,En riesgo
USR_0451,10273418.02,0.1927,7,0.3886,0.584,Saludable
USR_0452,2911241.33,0.9219,7,0.8962,0.312,Saludable
USR_0453,8664693.42,0.5737,4,0.668,0.6883,En observación
USR_0454,4720592.43,0.3991,11,0.2392,0.7087,En observación
USR_0455,1925762.3,0.5505,12,0.6374,1.2881,En riesgo
USR_0456,7250180.33,0.0663,10,0.333,0.6434,Saludable
USR_0457,9666200.25,0.0957,9,0.4605,0.9097,En observación
USR_0458,4985993.93,0.6986,8,0.5642,1.2307,En riesgo
USR_0459,14067503.41,0.9693,15,0.8749,0.8733,En riesgo
USR_0460,3284282.9,0.3114,4,0.2434,1.1881,En riesgo
USR_0461,13190416.98,0.3573,0,0.4362,0.9559,En observación
USR_0462,13968408.42,0.2477,10,0.5036,0.7573,Saludable
USR_0463,8803029.88,0.1056,7,0.6154,0.7098,Saludable
USR_0464,7985291.45,0.8726,10,0.5079,1.0719,En riesgo
USR_0465,8329830.73,0.6097,8,0.5484,0.5749,En riesgo
USR_0466,10551061.82,0.0384,10,0.4836,1.2262,En riesgo
USR_0467,6073530.75,0.4587,15,0.6987,0.7845,En observación
USR_0468,4299046.95,0.5373,8,0.5305,0.8142,En observación
USR_0469,12734127.9,0.7386,11,0.6613,1.036,Saludable
USR_0470,14123468.82,0.9598,2,0.8694,1.1796,En riesgo
USR_0471,9204601.06,0.4446,0,0.8601,1.1898,En riesgo
USR_0472,8426503.34,0.537,8,0.5189,0.6633,Saludable
USR_0473,9888030.05,0.6738,10,0.5786,0.5253,En riesgo
USR_0474,14645168.27,0.3903,9,0.7114,1.2655,En riesgo
USR_0475,12368081.45,0.9403,15,0.5967,0.5298,En riesgo
USR_0476,1722942.21,0.6183,15,0.6704,1.2707,En riesgo
USR_0477,4716134.51,0.4858,2,0.2432,1.2961,En observación
USR_0478,6541659.41,0.9058,7,0.4539,0.3169,En riesgo
USR_0479,8404914.27,0.3352,11,0.7714,1.0943,En riesgo
USR_0480,12567534.9,0.2115,9,0.5554,0.9924,En observación
USR_0481,9896560.85,0.8038,0,0.5156,0.9698,En riesgo
USR_0482,4910586.95,0.4103,3,0.5042,0.7177,En riesgo
USR_0483,11690837.62,0.1748,15,0.8207,0.9656,Saludable
USR_0484,10133022.53,0.2464,4,0.7587,1.0866,En riesgo
USR_0485,6230113.31,0.9888,10,0.6156,0.3672,En riesgo
USR_0486,11060675.48,0.7031,4,0.3373,0.7683,En riesgo
USR_0487,13093228.21,0.504,13,0.4921,1.1624,En riesgo
USR_0488,4138565.76,0.3906,12,0.2863,0.9902,En observación
USR_0489,11301156.17,0.0428,1,0.7188,0.6161,En observación
USR_0490,11734078.93,0.0221,0,0.4909,0.6843,En observación
USR_0491,11389804.59,0.7742,2,0.7757,0.7132,En riesgo
USR_0492,1397212.63,0.7325,0,0.7732,0.5003,En riesgo
USR_0493,9193252.42,0.4666,7,0.5458,0.3855,En observación
USR_0494,13187780.1,0.2788,3,0.8444,0.9844,En observación
USR_0495,7656916.89,0.0929,0,0.827,0.4882,En observación
USR_0496,5770405.06,0.3961,12,0.2054,0.7231,En observación
USR_0497,3093597.8,0.1605,3,0.3331,0.9518,En observación
USR_0498,1603817.11,0.2919,0,0.5546,0.3327,En observación
USR_0499,2156564.41,0.2576,14,0.4036,1.223,En riesgo
USR_0500,5696529.07,0.7818,0,0.7465,0.6638,En riesgo
USR_0501,11357545.4,0.513,7,0.6122,0.8763,En observación
USR_0502,2106395.53,0.2491,3,0.386,1.2358,En riesgo
USR_0503,7519284.51,0.1276,15,0.5749,0.882,En observación
USR_0504,13744172.32,0.386,5,0.2502,1.2435,En riesgo
USR_0505,11872272.97,0.8389,2,0.4493,0.5411,En observación
USR_0506,4269001.81,0.9522,15,0.4415,0.4376,En riesgo
USR_0507,14976111.87,0.0492,13,0.6403,0.7188,Saludable
USR_0508,6975172.55,0.0384,3,0.7487,0.6324,Saludable
USR_0509,9360527.74,0.7156,4,0.2929,1.1116,En riesgo
USR_0510,10500481.27,0.2418,11,0.7381,1.1775,En riesgo
USR_0511,2632190.61,0.3849,4,0.5515,1.1626,En riesgo
USR_0512,10466654.05,0.8425,3,0.8999,0.793,En riesgo
USR_0513,4077223.75,0.1628,9,0.8214,0.938,En observación
USR_0514,12955384.78,0.361,8,0.7188,0.5591,En observación
USR_0515,5948576.74,0.9905,10,0.5822,1.1417,En riesgo
USR_0516,3547397.2,0.3161,7,0.6674,1.1548,En riesgo
USR_0517,14161215.23,0.58,10,0.3387,0.8469,En observación
USR_0518,14960989.17,0.566,9,0.2359,0.983,En observación
USR_0519,4664890.53,0.4997,12,0.3386,1.2208,En riesgo
USR_0520,7296791.57,0.7428,15,0.3805,0.8654,En riesgo
USR_0521,8154727.76,0.2032,0,0.6228,1.2906,En riesgo
USR_0522,4861508.01,0.0623,7,0.7941,0.8115,Saludable
USR_0523,10952290.38,0.1928,8,0.6886,0.671,Saludable
USR_0524,3701364.42,0.9246,1,0.27,1.1812,En riesgo
USR_0525,5398022.35,0.6544,15,0.3619,1.2164,En riesgo
USR_0526,6803405.95,0.6774,10,0.8432,0.9091,En riesgo
USR_0527,12340937.35,0.3839,7,0.2388,1.1778,En riesgo
USR_0528,14631361.29,0.3025,2,0.311,0.9417,En observación
USR_0529,11094281.23,0.5826,6,0.528,0.9626,En observación
USR_0530,11770222.76,0.4538,3,0.7431,0.384,En observación
USR_0531,13486266.93,0.4718,1,0.2223,0.7512,En observación
USR_0532,13145798.7,0.1508,9,0.2118,0.4516,Saludable
USR_0533,2470710.81,0.2397,1,0.7614,1.0533,En riesgo
USR_0534,10802917.91,0.4875,0,0.8616,1.2331,En riesgo
USR_0535,4311942.81,0.6144,15,0.4461,0.5248,En riesgo
USR_0536,5040913.57,0.1803,1,0.2538,0.6929,En observación
USR_0537,10444983.52,0.4699,7,0.5318,1.2276,En riesgo
USR_0538,4118572.26,0.5547,3,0.2947,0.8954,En observación
USR_0539,5929817.71,0.226,2,0.2534,0.9553,En observación
USR_0540,7940359.67,0.1369,10,0.4124,0.8591,En observación
USR_0541,10439080.36,0.0267,10,0.8954,0.7004,Saludable
USR_0542,3451071.4,0.8121,9,0.818,0.3699,En riesgo
USR_0543,6983650.19,0.583,5,0.5121,0.3695,En observación
USR_0544,7892158.62,0.4689,1,0.3517,1.1272,En riesgo
USR_0545,10454004.7,0.8944,4,0.4232,0.4763,En riesgo
USR_0546,6836068.87,0.1116,9,0.6267,0.4913,En riesgo
USR_0547,4971948.25,0.6403,2,0.345,1.0118,En riesgo
USR_0548,11444856.27,0.4981,13,0.8378,0.329,En observación
USR_0549,11836054.89,0.1103,4,0.4825,0.6168,En observación
USR_0550,14085669.94,0.79,12,0.8871,1.0115,En riesgo
USR_0551,6971926.63,0.6989,7,0.3587,0.3352,En riesgo
USR_0552,2022998.14,0.3735,4,0.6933,1.1508,En riesgo
USR_0553,14370424.68,0.211,11,0.543,0.7302,Saludable
USR_0554,6816435.63,0.4311,4,0.4334,0.7415,En observación
USR_0555,8502823.36,0.4494,1,0.288,0.7754,En observación
USR_0556,11564129.26,0.3777,2,0.6074,1.0861,En riesgo
USR_0557,3535616.84,0.1086,7,0.7637,1.105,En riesgo
USR_0558,13983896.85,0.0849,10,0.4027,0.8237,Saludable
USR_0559,2292196.42,0.1177,12,0.3968,0.8213,Saludable
USR_0560,5025102.83,0.2103,15,0.4966,0.8109,Saludable
USR_0561,4154804.16,0.5518,14,0.3423,0.8605,En observación
USR_0562,5652264.25,0.8232,8,0.4651,1.1181,En riesgo
USR_0563,13797449.92,0.2022,5,0.2624,0.3096,Saludable
USR_0564,1435890.58,0.4075,12,0.5418,0.7012,En riesgo
USR_0565,12178774.4,0.7636,2,0.5825,0.4197,En riesgo
USR_0566,14092462.89,0.2918,0,0.2407,0.8265,En observación
USR_0567,8644085.9,0.8607,14,0.3347,0.5643,En riesgo
USR_0568,12721147.42,0.639,8,0.8949,1.2592,En riesgo
USR_0569,1281996.23,0.0477,7,0.8332,0.3138,Saludable
USR_0570,8725184.19,0.4231,10,0.6338,1.2174,En riesgo
USR_0571,7599497.96,0.1035,9,0.8732,1.2791,Saludable
USR_0572,12143571.1,0.9886,4,0.8958,0.8435,En riesgo
USR_0573,7736104.43,0.9546,13,0.4959,0.3658,En riesgo
USR_0574,12373817.73,0.9527,10,0.3901,0.3332,En riesgo
USR_0575,8334803.19,0.1967,0,0.6274,1.2669,En riesgo
USR_0576,10456136.01,0.3627,1,0.7601,0.9417,En observación
USR_0577,10431532.66,0.8323,3,0.7868,1.2365,En riesgo
USR_0578,5580342.65,0.1555,13,0.6316,0.5338,Saludable
USR_0579,2302828.51,0.0006,2,0.868,1.2167,En observación
USR_0580,4419069.45,0.7808,0,0.485,0.9506,En riesgo
USR_0581,6114720.44,0.9638,9,0.6307,0.6753,En observación
USR_0582,6638021.37,0.5396,13,0.7195,0.9961,En observación
USR_0583,13491364.62,0.7163,8,0.4411,0.9482,En riesgo
USR_0584,6616559.58,0.8943,9,0.4281,1.0856,En riesgo
USR_0585,13625189.11,0.2185,12,0.4443,1.1318,En riesgo
USR_0586,5594352.85,0.6328,8,0.4673,0.9538,En riesgo
USR_0587,2250033.32,0.6036,1,0.504,0.6352,En riesgo
USR_0588,5836237.63,0.5426,2,0.3136,0.3124,En observación
USR_0589,3563700.38,0.8382,2,0.2207,0.6809,En riesgo
USR_0590,6823974.45,0.4851,0,0.7223,0.3506,En observación
USR_0591,13516657.58,0.227,5,0.214,0.8465,Saludable
USR_0592,5915492.83,0.277,14,0.2403,1.2373,En riesgo
USR_0593,9290496.24,0.6992,13,0.4279,1.0655,En riesgo
USR_0594,1425583.98,0.4319,12,0.2536,1.0059,En riesgo
USR_0595,6632555.11,0.2727,10,0.2993,1.2886,En riesgo
USR_0596,1505887.43,0.1671,9,0.3594,0.9222,Saludable
USR_0597,1367496.92,0.4886,12,0.2965,0.9712,En observación
USR_0598,14712635.66,0.532,11,0.8489,0.6984,En observación
USR_0599,5603515.69,0.8871,7,0.6716,0.8719,En riesgo
USR_0600,14820532.07,0.8259,0,0.8032,0.7513,En riesgo
USR_0601,1255548.85,0.4016,12,0.5315,1.0906,En riesgo
USR_0602,5065555.29,0.8371,15,0.6593,1.142,En riesgo
USR_0603,11140475.03,0.83,3,0.6854,1.0073,En riesgo
USR_0604,13929805.77,0.7132,8,0.8593,0.9556,En riesgo
USR_0605,4393825.5,0.2517,7,0.4615,0.9319,En observación
USR_0606,8407057.24,0.3193,7,0.766,1.2203,En riesgo
USR_0607,7099415.43,0.3651,15,0.7498,0.7879,En observación
USR_0608,4187592.5,0.1169,1,0.7914,0.4958,Saludable
USR_0609,14065493.59,0.2506,6,0.7987,0.4777,Saludable
USR_0610,8542711.88,0.3562,6,0.5898,1.183,En riesgo
USR_0611,5441743.53,0.692,2,0.4433,0.3435,En riesgo
USR_0612,6726144.13,0.1304,15,0.4255,0.9864,En observación
USR_0613,4178956.29,0.7094,3,0.6334,0.4637,En riesgo
USR_0614,2256891.55,0.664,1,0.3998,0.9151,En riesgo
USR_0615,14711747.94,0.5955,8,0.8073,0.6918,En observación
USR_0616,6242444.63,0.5428,2,0.6905,0.3229,En observación
USR_0617,13099812.26,0.1576,11,0.6854,1.1293,En riesgo
USR_0618,1676014.84,0.3258,10,0.418,0.7381,En observación
USR_0619,6152999.28,0.5662,9,0.545,0.8729,En observación
USR_0620,3496598.56,0.8943,1,0.8065,0.3218,En riesgo
USR_0621,10577846.84,0.548,11,0.738,0.677,En observación
USR_0622,13746642.81,0.7894,12,0.647,1.1983,En riesgo
USR_0623,9892395.11,0.7408,6,0.7536,0.8634,En riesgo
USR_0624,2251748.85,0.6527,9,0.556,0.3825,En riesgo
USR_0625,11356071.38,0.5465,10,0.6707,0.7888,En observación
USR_0626,2432078.85,0.3874,6,0.7059,1.0223,En riesgo
USR_0627,12448021.07,0.8536,7,0.5768,1.2193,En riesgo
USR_0628,8656510.77,0.7056,14,0.5869,0.7074,En riesgo
USR_0629,6582528.23,0.8098,14,0.4125,0.9209,En riesgo
USR_0630,7079577.28,0.8894,14,0.6819,0.6644,En riesgo
USR_0631,14152684.36,0.6628,12,0.6534,0.5314,En riesgo
USR_0632,8906912.52,0.7868,5,0.4044,1.0781,En riesgo
USR_0633,13536901.81,0.7245,10,0.6834,0.828,En riesgo
USR_0634,5182214.65,0.8147,12,0.6264,0.3065,En observación
USR_0635,14858175.89,0.3639,1,0.833,1.0901,En riesgo
USR_0636,4360546.09,0.3922,14,0.5692,0.8146,En observación
USR_0637,2407218.56,0.6558,8,0.5194,0.5054,En riesgo
USR_0638,4071506.17,0.1517,4,0.6578,0.8348,Saludable
USR_0639,9429320.95,0.4158,12,0.618,0.7889,En observación
USR_0640,10387607.28,0.3714,8,0.6505,0.5437,En observación
USR_0641,1508360.09,0.8087,5,0.476,1.0667,En riesgo
USR_0642,14155383.55,0.4273,11,0.7633,1.2187,En riesgo
USR_0643,13575168.83,0.92,11,0.342,0.6052,En riesgo
USR_0644,8027920.44,0.1865,8,0.387,0.5333,Saludable
USR_0645,8306757.17,0.3218,10,0.7167,1.0344,Saludable
USR_0646,2200480.6,0.8953,2,0.3371,0.467,En riesgo
USR_0647,9142964.33,0.4633,8,0.2347,0.7995,En observación
USR_0648,4681179.86,0.9111,0,0.3445,0.8509,En riesgo
USR_0649,2728255.06,0.2889,4,0.519,0.3757,Saludable
USR_0650,1375797.42,0.6088,1,0.6272,1.0084,En riesgo
USR_0651,10313332.88,0.1143,15,0.2889,0.5964,Saludable
USR_0652,9061317.65,0.6567,9,0.4389,1.2666,En riesgo
USR_0653,9399399.14,0.8012,15,0.5751,1.0062,En riesgo
USR_0654,3001195.31,0.6389,10,0.5868,0.8636,En riesgo
USR_0655,11352625.57,0.27,8,0.8982,1.2805,En observación
USR_0656,8625988.73,0.4552,6,0.8999,0.7353,En observación
USR_0657,7107681.7,0.8426,1,0.5432,1.142,En riesgo
USR_0658,7759190.71,0.7183,9,0.8134,1.1838,Saludable
USR_0659,2697277.16,0.4284,8,0.2789,0.7869,Saludable
USR_0660,3882293.21,0.8611,11,0.5958,0.3961,En observación
USR_0661,12715409.41,0.7525,15,0.3162,0.9632,En riesgo
USR_0662,4022243.11,0.4157,0,0.8574,1.1092,En riesgo
USR_0663,12524633.18,0.1952,11,0.481,0.3373,En riesgo
USR_0664,11808846.28,0.8371,10,0.7104,0.5519,En riesgo
USR_0665,6655036.47,0.9832,12,0.4525,0.7819,En riesgo
USR_0666,5229144.06,0.5972,7,0.4651,0.9949,En observación
USR_0667,12482804.75,0.5442,1,0.6356,0.7622,En observación
USR_0668,14112271.71,0.3919,8,0.3384,1.1193,En riesgo
USR_0669,13772974.82,0.8131,10,0.4115,0.5775,En riesgo
USR_0670,13129101.27,0.0034,15,0.2066,0.3036,Saludable
USR_0671,11684020.91,0.7614,15,0.6182,0.4604,En riesgo
USR_0672,5193417.79,0.6146,5,0.3241,0.9822,En riesgo
USR_0673,8520389.4,0.0832,10,0.6107,0.905,En observación
USR_0674,2881379.74,0.5486,7,0.5472,0.5987,En riesgo
USR_0675,2845579.78,0.4091,14,0.5211,1.2384,En riesgo
USR_0676,2682098.25,0.9499,5,0.6123,0.8497,En riesgo
USR_0677,2277839.4,0.9432,4,0.7552,0.8959,En observación
USR_0678,8292112.46,0.0343,0,0.7305,0.6617,En observación
USR_0679,11387391.84,0.4017,13,0.3628,1.1808,En riesgo
USR_0680,8620709.48,0.8571,6,0.5355,1.023,En observación
USR_0681,6626801.21,0.2172,9,0.3287,0.6592,Saludable
USR_0682,6490252.55,0.4749,1,0.4542,0.5571,En observación
USR_0683,11564254.87,0.3397,12,0.4441,0.4797,En observación
USR_0684,8652021.57,0.7049,14,0.5301,1.0792,En riesgo
USR_0685,10045404.27,0.0606,9,0.355,0.3863,Saludable
USR_0686,6950723.79,0.618,7,0.4689,1.2095,En riesgo
USR_0687,12749267.55,0.665,3,0.518,1.1882,Saludable
USR_0688,10783820.44,0.3487,9,0.5863,0.364,En observación
USR_0689,3079943.34,0.1811,10,0.6598,1.0447,En riesgo
USR_0690,7464372.8,0.0835,9,0.2677,0.5265,Saludable
USR_0691,13588332.13,0.9797,8,0.2714,0.5329,En riesgo
USR_0692,8959485.58,0.9427,12,0.2693,0.9826,En riesgo
USR_0693,4689139.6,0.392,14,0.7051,0.6248,En observación
USR_0694,12089444.09,0.3411,2,0.8715,1.0986,En riesgo
USR_0695,7527973.05,0.1998,10,0.6836,0.5207,En observación
USR_0696,9682064.49,0.8704,13,0.2923,0.4222,En riesgo
USR_0697,8016854.84,0.2764,5,0.3247,0.9996,En observación
USR_0698,1577715.55,0.6962,11,0.7748,1.1859,En riesgo
USR_0699,4438632.75,0.1135,1,0.4411,0.9643,En observación
USR_0700,13610047.34,0.7266,14,0.6991,1.2353,En riesgo
USR_0701,2095256.2,0.1923,13,0.455,0.9502,En observación
USR_0702,13091156.21,0.1321,11,0.3913,0.5977,Saludable
USR_0703,8938256.11,0.258,12,0.3187,1.1628,En riesgo
USR_0704,8074448.43,0.2459,6,0.7618,0.8655,En riesgo
USR_0705,13641881.64,0.4955,12,0.7266,0.3675,En observación
USR_0706,4196870.32,0.4626,11,0.4559,0.3455,En observación
USR_0707,9330972.51,0.7219,9,0.3951,0.8305,En riesgo
USR_0708,8877926.65,0.494,1,0.3106,1.2042,En riesgo
USR_0709,4382758.11,0.2914,4,0.41,1.2953,En riesgo
USR_0710,5705657.88,0.9365,2,0.8897,0.8881,En riesgo
USR_0711,4740150.12,0.5637,5,0.8817,0.8059,En observación
USR_0712,1811473.61,0.0474,10,0.428,0.3351,En observación
USR_0713,10189324.95,0.5349,9,0.4272,0.7191,En observación
USR_0714,10618174.03,0.3534,12,0.3564,0.3333,En observación
USR_0715,8139243.21,0.3141,10,0.3999,0.6486,En observación
USR_0716,8010534.42,0.4166,14,0.5583,1.2339,Saludable
USR_0717,1715452.56,0.5003,13,0.5403,1.0388,En riesgo
USR_0718,11374033.28,0.4276,14,0.8236,0.3411,En observación
USR_0719,2187235.74,0.3251,9,0.4588,0.9258,En observación
USR_0720,7963778.29,0.1428,12,0.8538,0.4442,Saludable
USR_0721,4020772.09,0.2463,3,0.5232,0.3294,Saludable
USR_0722,5889829.47,0.5845,11,0.4857,0.5628,En observación
USR_0723,9145351.15,0.8222,0,0.6337,0.3378,En riesgo
USR_0724,5211194.41,0.4137,12,0.2102,1.1793,En riesgo
USR_0725,3333095.69,0.8615,6,0.8923,0.3478,En riesgo
USR_0726,5179111.7,0.4937,9,0.2179,0.7063,En observación
USR_0727,1633314.89,0.3709,3,0.5962,1.0043,En riesgo
USR_0728,11442661.33,0.688,4,0.6125,0.4421,En riesgo
USR_0729,4779604.18,0.5462,1,0.2171,1.2357,En riesgo
USR_0730,13910274.53,0.0504,12,0.2811,0.6347,En riesgo
USR_0731,5609777.07,0.1512,1,0.2589,0.5117,En observación
USR_0732,2313981.6,0.9804,8,0.5889,1.0913,En riesgo
USR_0733,9118820.52,0.2653,4,0.5101,1.0682,En riesgo
USR_0734,4853267.04,0.3108,15,0.7032,1.1839,En riesgo
USR_0735,1271932.75,0.9336,12,0.4819,1.2195,En observación
USR_0736,5244943.93,0.3228,5,0.3243,0.4592,En observación
USR_0737,10273104.89,0.8701,0,0.8696,1.0451,En riesgo
USR_0738,9026857.12,0.3055,6,0.4238,1.0442,En riesgo
USR_0739,8541348.84,0.6085,14,0.5585,1.1227,En riesgo
USR_0740,14265830.03,0.1067,6,0.6009,1.0172,En riesgo
USR_0741,11482106.36,0.905,0,0.872,0.5257,En riesgo
USR_0742,11209842.03,0.5305,14,0.3554,0.7727,En observación
USR_0743,2043699.29,0.522,3,0.7999,0.9083,En observación
USR_0744,10496140.3,0.2917,5,0.3455,0.8448,Saludable
USR_0745,14824954.58,0.792,12,0.2262,1.1199,En observación
USR_0746,2663321.03,0.4037,7,0.5088,1.109,En riesgo
USR_0747,8173627.43,0.7027,5,0.3144,0.5557,En riesgo
USR_0748,4613786.31,0.9601,15,0.8058,0.7178,En riesgo
USR_0749,11554311.65,0.548,15,0.8806,0.6873,En observación
USR_0750,5473242.79,0.0307,2,0.8268,0.3355,En observación
USR_0751,13111985.41,0.36,7,0.3816,0.9955,Saludable
USR_0752,4725938.97,0.7288,1,0.7303,0.8256,En riesgo
USR_0753,9821404.55,0.7575,0,0.7075,0.3233,En riesgo
USR_0754,3608865.84,0.9876,1,0.2171,0.6626,En riesgo
USR_0755,2963404.77,0.1214,9,0.5049,0.8593,En observación
USR_0756,9875224.96,0.9348,14,0.265,0.3632,En riesgo
USR_0757,4894972.98,0.5719,1,0.6345,1.1821,En riesgo
USR_0758,6049221.87,0.5527,7,0.2535,1.0785,En riesgo
USR_0759,2163464.96,0.5567,9,0.3008,1.1909,En riesgo
USR_0760,14834510.99,0.2889,4,0.6004,1.171,En riesgo
USR_0761,10107769.44,0.9462,9,0.7724,1.169,En riesgo
USR_0762,8675006.79,0.3273,10,0.8859,0.7938,En observación
USR_0763,6590841.04,0.4719,15,0.616,0.8688,En observación
USR_0764,2808367.42,0.57,0,0.745,0.6283,En observación
USR_0765,7713703.25,0.7987,10,0.7071,1.0007,En riesgo
USR_0766,8934734.94,0.0611,15,0.8987,1.1254,En riesgo
USR_0767,13397845.05,0.9371,4,0.3746,0.6166,Saludable
USR_0768,14489962.8,0.8102,14,0.3653,0.677,En observación
USR_0769,8192622.34,0.5281,3,0.5758,1.0179,En riesgo
USR_0770,4059104.31,0.159,6,0.8512,1.2076,En riesgo
USR_0771,1985949.57,0.2057,14,0.6801,0.6062,Saludable
USR_0772,3250506.5,0.4228,2,0.5163,0.4924,En observación
USR_0773,13538684.86,0.9646,7,0.2932,1.1497,En riesgo
USR_0774,14696874.89,0.1579,10,0.8212,1.2758,En riesgo
USR_0775,8898383.12,0.5657,1,0.694,0.452,En observación
USR_0776,6630198.86,0.0563,12,0.3769,0.4979,Saludable
USR_0777,8680179.39,0.6017,15,0.313,0.3131,En riesgo
USR_0778,12534110.35,0.6367,12,0.8914,0.7396,En riesgo
USR_0779,10164217.04,0.0504,4,0.387,0.5176,Saludable
USR_0780,12567472.35,0.5819,14,0.6028,0.7507,Saludable
USR_0781,8980681.23,0.1575,5,0.5234,0.3351,Saludable
USR_0782,12125706.77,0.8838,3,0.6786,0.6122,En riesgo
USR_0783,13751632.26,0.671,15,0.4435,0.3343,En riesgo
USR_0784,4985069.19,0.9899,15,0.8958,0.8374,En riesgo
USR_0785,10999530.31,0.0562,0,0.4441,0.8837,En observación
USR_0786,13214726.41,0.2687,7,0.8828,1.2952,En riesgo
USR_0787,2243223.08,0.9364,2,0.3617,0.6992,En riesgo
USR_0788,9386046.25,0.5453,5,0.5484,0.728,En observación
USR_0789,5699123.64,0.6455,3,0.2864,0.8049,En riesgo
USR_0790,14334471.32,0.6986,7,0.4517,0.6249,En riesgo
USR_0791,8335267.29,0.0457,0,0.8672,0.5423,En observación
USR_0792,7706925.93,0.9381,11,0.3064,0.3381,En riesgo
USR_0793,11128954.41,0.2803,5,0.404,0.4648,Saludable
USR_0794,10946785.63,0.639,11,0.7141,0.801,En riesgo
USR_0795,9540188.35,0.3028,4,0.7493,1.2819,En riesgo
USR_0796,6370325.93,0.1699,2,0.6834,0.3459,En observación
USR_0797,5874674.02,0.4118,9,0.7127,0.6615,En observación
USR_0798,10764436.56,0.0143,4,0.2612,0.3202,Saludable
USR_0799,11126171.64,0.4392,14,0.682,0.9584,En observación
USR_0800,9525452.8,0.4136,2,0.8691,0.8802,En observación
USR_0801,10611564.77,0.3375,5,0.4425,0.8668,En observación
USR_0802,14064742.23,0.2716,5,0.3201,0.512,Saludable
USR_0803,8542078.68,0.1766,12,0.6314,1.2076,En observación
USR_0804,11071976.83,0.6959,5,0.3266,0.9468,En riesgo
USR_0805,14900460.85,0.6226,3,0.6953,0.4355,En riesgo
USR_0806,12475709.35,0.736,15,0.7914,0.5586,En riesgo
USR_0807,5693897.92,0.2362,10,0.6641,0.9737,En observación
USR_0808,5523879.01,0.7015,12,0.4701,0.6397,En riesgo
USR_0809,9955825.01,0.5911,5,0.279,0.9822,En observación
USR_0810,7281748.91,0.7966,6,0.8402,0.3362,En riesgo
USR_0811,4562521.97,0.1937,4,0.4254,0.3411,Saludable
USR_0812,8040168.48,0.0128,11,0.8187,1.2107,En riesgo
USR_0813,14431227.55,0.7733,1,0.4615,1.0837,En riesgo
USR_0814,7366053.46,0.8641,4,0.8562,0.4869,En riesgo
USR_0815,9989821.34,0.7465,11,0.2714,0.9012,En riesgo
USR_0816,5370038.89,0.8893,15,0.5801,0.6835,En riesgo
USR_0817,1219675.05,0.7318,15,0.4843,0.6148,En riesgo
USR_0818,14799931.62,0.4661,12,0.2112,0.8624,En observación
USR_0819,2907897.19,0.08,5,0.5546,1.1905,En riesgo
USR_0820,7188915.05,0.311,13,0.2406,0.8835,En observación
USR_0821,6020713.1,0.8435,6,0.7776,0.3333,En riesgo
USR_0822,6149309.26,0.7499,10,0.4732,0.9545,En riesgo
USR_0823,4710161.64,0.432,3,0.2024,0.6302,En observación
USR_0824,6422955.7,0.9451,12,0.2618,0.5019,En riesgo
USR_0825,3334519.18,0.4817,4,0.3665,0.729,En riesgo
USR_0826,2885154.17,0.4568,4,0.5614,1.1732,En riesgo
USR_0827,4036430.9,0.0408,3,0.4477,0.9386,En observación
USR_0828,9338624.77,0.1368,5,0.6318,0.4726,Saludable
USR_0829,6900150.0,0.4825,3,0.3971,1.2086,En riesgo
USR_0830,6866077.12,0.3859,13,0.757,0.7304,En observación
USR_0831,7462962.76,0.8793,14,0.5704,0.6646,En riesgo
USR_0832,4871894.48,0.5905,8,0.4256,0.952,En observación
USR_0833,10972493.29,0.7787,0,0.554,0.9504,En riesgo
USR_0834,14396548.09,0.7648,15,0.4415,0.9699,En riesgo
USR_0835,4757607.74,0.2451,1,0.2546,1.1924,En riesgo
USR_0836,4600793.07,0.064,12,0.5108,0.897,En observación
USR_0837,5214140.3,0.7155,8,0.5181,0.891,En riesgo
USR_0838,8567989.72,0.9392,5,0.6929,0.9827,En riesgo
USR_0839,6620746.49,0.3949,3,0.5499,1.1739,En riesgo
USR_0840,5710484.42,0.1283,14,0.7787,1.1575,En riesgo
USR_0841,13712029.64,0.4086,5,0.4688,0.9099,En observación
USR_0842,8129808.77,0.7185,10,0.892,0.9748,En riesgo
USR_0843,11597606.0,0.2458,2,0.3048,1.0827,En riesgo
USR_0844,9315918.74,0.3808,11,0.3571,0.3685,En observación
USR_0845,7844612.76,0.1693,2,0.7715,1.0493,En riesgo
USR_0846,6724487.53,0.0827,1,0.4646,1.1156,En riesgo
USR_0847,3673095.92,0.0822,5,0.8242,0.7846,Saludable
USR_0848,13985439.19,0.354,5,0.2275,0.7318,En observación
USR_0849,6475131.62,0.6476,1,0.305,0.8048,En riesgo
USR_0850,4130036.49,0.0746,7,0.316,0.6951,Saludable
USR_0851,5565407.95,0.0971,12,0.6553,0.9731,En observación
USR_0852,3669213.46,0.4926,15,0.4114,1.014,En riesgo
USR_0853,9646249.7,0.4272,12,0.8339,0.8448,En observación
USR_0854,13958022.15,0.5724,1,0.2815,1.1798,En riesgo
USR_0855,7276319.07,0.6252,14,0.5216,0.9229,En riesgo
USR_0856,4782674.56,0.5817,7,0.7038,0.4115,En observación
USR_0857,3652321.56,0.7871,10,0.3922,0.7069,En riesgo
USR_0858,14475360.16,0.5222,15,0.6761,0.4085,En observación
USR_0859,14465653.54,0.7502,4,0.644,1.1081,En riesgo
USR_0860,12730930.72,0.5779,13,0.6436,0.6826,En observación
USR_0861,9663352.23,0.8137,5,0.4969,0.5422,En riesgo
USR_0862,5717204.04,0.9854,3,0.5617,1.2919,En riesgo
USR_0863,1953777.2,0.491,8,0.5666,0.4141,En observación
USR_0864,2994095.98,0.6941,6,0.8628,0.6361,En riesgo
USR_0865,10028518.43,0.5338,13,0.5578,0.4932,En observación
USR_0866,13180423.75,0.1043,9,0.5568,1.2029,En observación
USR_0867,13736557.64,0.5239,7,0.2294,0.6956,En observación
USR_0868,14956046.67,0.7327,0,0.8271,1.0445,En riesgo
USR_0869,2657871.31,0.9818,13,0.7071,0.4649,En riesgo
USR_0870,8434429.72,0.2692,15,0.5801,0.9666,En observación
USR_0871,12486662.08,0.3743,10,0.5264,0.7362,En observación
USR_0872,12964817.49,0.6254,4,0.4659,1.1053,En riesgo
USR_0873,10213203.25,0.4367,15,0.6255,0.6824,En observación
USR_0874,14826901.31,0.705,4,0.7419,0.703,En riesgo
USR_0875,11171246.53,0.684,2,0.4905,0.5148,En riesgo
USR_0876,9906563.95,0.2113,11,0.3408,0.8232,Saludable
USR_0877,5977357.25,0.5259,8,0.6047,0.5572,En observación
USR_0878,6077424.45,0.2138,11,0.4268,0.3493,En observación
USR_0879,14316102.83,0.5811,12,0.3792,0.4503,En observación
USR_0880,6027360.73,0.5977,8,0.5443,1.0333,En riesgo
USR_0881,9019853.87,0.2716,8,0.3598,0.6613,Saludable
USR_0882,1503193.88,0.9538,3,0.5603,1.1269,En riesgo
USR_0883,2250194.57,0.3485,14,0.7008,1.2032,En riesgo
USR_0884,3507320.39,0.4765,8,0.5488,1.2766,En riesgo
USR_0885,14270207.74,0.3585,4,0.3774,1.1916,En riesgo
USR_0886,14186173.74,0.5696,7,0.8587,1.1714,En riesgo
USR_0887,8257911.11,0.5652,3,0.5166,0.8174,En observación
USR_0888,1618369.14,0.7646,1,0.8083,0.9433,En riesgo
USR_0889,4365977.74,0.1577,10,0.4762,1.0919,En riesgo
USR_0890,7662138.84,0.6802,10,0.4175,1.2991,En riesgo
USR_0891,11533980.8,0.6144,15,0.5481,1.2566,En riesgo
USR_0892,11586870.13,0.1711,6,0.8513,0.9263,En observación
USR_0893,2358588.7,0.885,0,0.4765,0.8173,En riesgo
USR_0894,12778387.72,0.7293,13,0.544,1.0175,En riesgo
USR_0895,5568220.69,0.7821,15,0.4388,0.4955,En riesgo
USR_0896,3271847.07,0.0582,14,0.6669,0.3798,En riesgo
USR_0897,12951405.42,0.0555,8,0.56,0.5083,En riesgo
USR_0898,9598270.66,0.723,13,0.8815,0.906,En riesgo
USR_0899,7841159.68,0.7414,15,0.761,0.9488,En riesgo
USR_0900,5669765.18,0.9268,2,0.3837,0.5325,Saludable
USR_0901,5307770.18,0.4413,5,0.4496,0.5326,En observación
USR_0902,9845605.22,0.9212,12,0.7701,0.3322,En riesgo
USR_0903,1858726.3,0.7894,5,0.4641,0.9967,En riesgo
USR_0904,13628656.67,0.3203,5,0.8014,1.217,En riesgo
USR_0905,8105789.04,0.5455,14,0.7553,0.7292,En observación
USR_0906,14931672.38,0.1973,3,0.8364,0.5182,Saludable
USR_0907,8436381.72,0.8425,11,0.8123,1.1769,En riesgo
USR_0908,12328550.1,0.2483,2,0.3353,0.7734,En observación
USR_0909,10610291.3,0.6339,4,0.8808,0.451,En riesgo
USR_0910,11219914.44,0.478,5,0.8455,0.4771,En observación
USR_0911,8491156.77,0.8036,15,0.4262,1.0878,En riesgo
USR_0912,10581834.32,0.5777,2,0.7992,1.1946,En riesgo
USR_0913,10152522.06,0.7254,1,0.8851,0.4302,En riesgo
USR_0914,2634307.46,0.4127,13,0.4201,0.6884,En observación
USR_0915,7208487.3,0.0736,10,0.4543,0.5913,Saludable
USR_0916,9501177.79,0.1628,5,0.8148,1.2555,En riesgo
USR_0917,9253848.58,0.0426,12,0.5143,0.3949,Saludable
USR_0918,9472571.13,0.2811,15,0.3174,0.3456,Saludable
USR_0919,13649727.8,0.5408,10,0.2467,0.9515,En observación
USR_0920,7946485.5,0.5369,11,0.5073,1.2503,En riesgo
USR_0921,11181401.29,0.0707,10,0.5625,1.1319,En riesgo
USR_0922,11647042.35,0.5183,8,0.2085,0.6321,En observación
USR_0923,2058963.42,0.5219,13,0.487,0.3998,En observación
USR_0924,12084191.41,0.6849,1,0.5577,0.3791,En riesgo
USR_0925,9305493.91,0.0313,3,0.2474,1.2078,En riesgo
USR_0926,5086771.54,0.8989,10,0.787,1.0223,En riesgo
USR_0927,3010354.43,0.5925,4,0.3416,0.6099,En observación
USR_0928,11423213.76,0.0247,15,0.7772,1.045,En riesgo
USR_0929,9941362.03,0.6786,15,0.2989,1.1848,En riesgo
USR_0930,8517063.41,0.9485,0,0.212,0.9988,En riesgo
USR_0931,14375930.22,0.7062,13,0.8247,0.418,En riesgo
USR_0932,10979849.12,0.3482,5,0.5122,0.6121,En observación
USR_0933,4906046.67,0.4314,7,0.8205,0.8097,En observación
USR_0934,11094807.52,0.0454,4,0.6668,0.9703,En observación
USR_0935,13635611.1,0.0159,10,0.5926,1.2362,En riesgo
USR_0936,12382588.6,0.1562,14,0.3591,0.5542,Saludable
USR_0937,8156512.58,0.8125,3,0.6016,1.0566,En riesgo
USR_0938,4970662.59,0.2836,6,0.5921,0.554,En riesgo
USR_0939,4375252.93,0.6114,11,0.7961,0.9232,En riesgo
USR_0940,5996767.97,0.6191,7,0.2481,0.6621,En riesgo
USR_0941,14108275.2,0.8626,12,0.4571,0.886,En riesgo
USR_0942,5109922.79,0.9782,0,0.8765,0.663,En riesgo
USR_0943,2058693.58,0.8976,6,0.5997,0.3318,En riesgo
USR_0944,13660197.91,0.0392,15,0.2285,0.7882,Saludable
USR_0945,7418603.12,0.3315,15,0.3379,0.9205,En observación
USR_0946,12166578.04,0.8896,1,0.7089,0.7251,En riesgo
USR_0947,13962045.55,0.167,2,0.3652,0.4685,En observación
USR_0948,5919859.78,0.1644,8,0.3147,0.3401,Saludable
USR_0949,3501088.85,0.4533,13,0.3362,0.7474,En observación
USR_0950,9819970.71,0.1392,5,0.225,0.6652,Saludable
USR_0951,7812536.99,0.1864,2,0.6323,1.1201,En riesgo
USR_0952,9489355.34,0.9628,6,0.8708,0.3832,En riesgo
USR_0953,10082250.95,0.9722,14,0.391,1.1545,En riesgo
USR_0954,7831979.89,0.6207,6,0.8382,0.9079,En observación
USR_0955,11773234.31,0.7399,12,0.3564,0.6097,En riesgo
USR_0956,10868616.14,0.2242,11,0.7207,0.7734,Saludable
USR_0957,5268125.24,0.8019,15,0.5543,0.8271,En riesgo
USR_0958,1751001.69,0.8259,14,0.8325,0.3995,En riesgo
USR_0959,10255032.93,0.7911,15,0.3123,0.5132,En riesgo
USR_0960,9825311.16,0.8109,1,0.4077,0.5813,En riesgo
USR_0961,13481511.58,0.9671,6,0.8141,0.4039,En riesgo
USR_0962,1646685.77,0.0884,15,0.422,0.8361,Saludable
USR_0963,10324434.42,0.7035,14,0.5934,0.8378,En riesgo
USR_0964,9356131.04,0.3475,6,0.8257,1.1658,En riesgo
USR_0965,7250048.79,0.3811,8,0.4103,1.1155,En riesgo
USR_0966,7071781.51,0.0967,6,0.2811,0.5915,Saludable
USR_0967,14570025.22,0.3194,3,0.7233,1.1703,En riesgo
USR_0968,6543180.27,0.657,12,0.5282,0.3218,En riesgo
USR_0969,12092657.54,0.3171,12,0.7607,0.9108,En observación
USR_0970,3681016.87,0.5464,6,0.5114,0.6389,En observación
USR_0971,12904280.79,0.4835,5,0.3676,0.8429,En observación
USR_0972,11103119.71,0.8805,8,0.5568,0.8232,En riesgo
USR_0973,4170709.08,0.7187,3,0.6868,0.4812,En riesgo
USR_0974,2456543.13,0.2511,7,0.2959,0.8728,En observación
USR_0975,2460321.49,0.2038,8,0.5437,0.7347,Saludable
USR_0976,9019098.59,0.0224,9,0.7038,0.3774,Saludable
USR_0977,4294095.41,0.6737,8,0.2168,1.2244,En riesgo
USR_0978,1345822.83,0.5779,8,0.8705,1.0476,En riesgo
USR_0979,12931640.38,0.354,3,0.2314,1.1227,En observación
USR_0980,12746978.47,0.7267,11,0.3004,0.674,En riesgo
USR_0981,11402196.88,0.9162,15,0.246,1.2449,En riesgo
USR_0982,9743806.56,0.7312,3,0.7462,1.0944,Saludable
USR_0983,4739431.26,0.5292,12,0.2312,1.2562,En riesgo
USR_0984,7053403.63,0.2899,1,0.803,1.2337,En riesgo
USR_0985,11509789.69,0.2313,9,0.6419,0.438,Saludable
USR_0986,1733554.73,0.1369,11,0.4468,0.3768,Saludable
USR_0987,11592195.02,0.7265,2,0.2244,0.3906,En riesgo
USR_0988,6072519.97,0.0062,7,0.4989,1.2021,En riesgo
USR_0989,10183366.29,0.3984,9,0.31,0.5781,En observación
USR_0990,1224331.91,0.12,7,0.5692,0.4698,Saludable
USR_0991,12245658.87,0.4844,1,0.6935,0.6221,En observación
USR_0992,5764200.18,0.5636,15,0.7391,0.523,En observación
USR_0993,9703271.33,0.2435,14,0.8574,0.9973,En observación
USR_0994,1901490.77,0.293,4,0.7047,0.9998,En observación
USR_0995,14428045.31,0.5965,5,0.8523,0.4452,En observación
USR_0996,5228269.55,0.3043,4,0.4599,0.4473,Saludable
USR_0997,8179563.1,0.4557,14,0.4651,1.0148,En riesgo
USR_0998,6257937.41,0.2278,10,0.6306,0.997,En observación
USR_0999,5263144.74,0.5486,3,0.2277,1.265,En riesgo
USR_1000,9856642.95,0.1527,14,0.6672,1.2719,En riesgo
USR_1001,12688196.4,0.2708,10,0.5033,1.263,En riesgo
USR_1002,6592060.98,0.4006,15,0.7039,0.7255,En observación
USR_1003,5513531.23,0.7617,15,0.5356,0.497,En riesgo
USR_1004,10587401.57,0.2215,14,0.3556,0.5129,Saludable
USR_1005,6846813.37,0.9918,0,0.4313,0.7745,En riesgo
USR_1006,2157053.06,0.0527,3,0.5201,0.4486,Saludable
USR_1007,6788959.14,0.1032,9,0.2182,1.1857,En riesgo
USR_1008,13427062.45,0.2092,1,0.493,0.6815,En observación
USR_1009,2555282.67,0.5239,13,0.6327,1.1782,En riesgo
USR_1010,7409362.24,0.1223,13,0.3007,0.9221,En observación
USR_1011,2308458.86,0.6946,2,0.2014,1.1724,En riesgo
USR_1012,7324285.97,0.2389,6,0.2215,0.8373,Saludable
USR_1013,13940517.12,0.5964,13,0.5933,0.3773,En observación
USR_1014,14303394.99,0.6033,1,0.2637,0.8829,En riesgo
USR_1015,9641983.1,0.7287,14,0.2651,0.3161,En riesgo
USR_1016,3526123.47,0.1181,3,0.7433,1.2534,En riesgo
USR_1017,2289468.11,0.5355,8,0.3446,0.7003,En observación
USR_1018,11413976.25,0.2545,6,0.7461,1.1199,En riesgo
USR_1019,14524049.38,0.1806,5,0.2677,0.6352,Saludable
USR_1020,8194950.13,0.7327,4,0.2161,1.2694,En riesgo
USR_1021,12376365.88,0.7512,0,0.7853,0.7991,En riesgo
USR_1022,10204491.45,0.6568,12,0.3241,0.5923,En riesgo
USR_1023,8808458.09,0.3192,7,0.3376,0.8867,En observación
USR_1024,12832580.83,0.5866,1,0.3734,0.7087,En observación
USR_1025,8317158.24,0.7461,12,0.7005,1.0494,En observación
USR_1026,7216375.87,0.11,13,0.7555,0.6242,Saludable
USR_1027,8126194.89,0.6239,10,0.5472,1.287,En riesgo
USR_1028,5317280.1,0.6153,1,0.3704,1.1832,En observación
USR_1029,8942472.55,0.6092,3,0.2258,1.1153,En riesgo
USR_1030,2969920.55,0.368,12,0.5832,0.3621,En observación
USR_1031,2440039.27,0.8294,13,0.2362,1.0676,En riesgo
USR_1032,6064874.35,0.8897,5,0.6088,0.8954,En riesgo
USR_1033,11924710.13,0.5059,11,0.5972,0.8434,En observación
USR_1034,9270516.51,0.1468,5,0.481,0.6851,Saludable
USR_1035,1248976.09,0.6134,14,0.7393,1.166,En riesgo
USR_1036,14237367.71,0.6645,0,0.7503,0.5697,En riesgo
USR_1037,11315838.58,0.6103,15,0.7026,0.5174,En riesgo
USR_1038,4844126.47,0.7493,4,0.3844,0.4999,En riesgo
USR_1039,1393109.06,0.7324,2,0.6861,0.5143,En riesgo
USR_1040,10685794.19,0.5964,8,0.5078,0.9973,En observación
USR_1041,9948833.04,0.1146,13,0.3267,0.8407,Saludable
USR_1042,7413856.86,0.461,12,0.4752,0.5799,En observación
USR_1043,4343782.01,0.8054,0,0.23,1.044,En riesgo
USR_1044,7909072.7,0.3177,0,0.7565,1.2667,En riesgo
USR_1045,11233879.66,0.9929,1,0.7128,0.5486,En riesgo
USR_1046,6288617.89,0.8227,3,0.6772,0.5687,En riesgo
USR_1047,12449528.61,0.3592,15,0.264,0.6355,En observación
USR_1048,3136719.22,0.2677,7,0.3547,0.801,Saludable
USR_1049,6032786.57,0.7719,3,0.7586,0.4899,En riesgo
USR_1050,11154858.58,0.3331,10,0.8058,1.1786,En riesgo
USR_1051,12014695.58,0.408,5,0.299,0.7371,En observación
USR_1052,2726567.32,0.22,11,0.6928,1.0534,En riesgo
USR_1053,2107718.51,0.7634,7,0.5489,0.3647,En riesgo
USR_1054,3191304.15,0.8831,11,0.5301,0.5438,En riesgo
USR_1055,6017538.41,0.1626,10,0.5888,0.4411,En riesgo
USR_1056,6544174.76,0.447,7,0.5745,0.9283,En observación
USR_1057,13921927.35,0.1787,1,0.8101,1.0307,En riesgo
USR_1058,5581490.17,0.5046,1,0.2184,1.2899,En riesgo
USR_1059,5048417.72,0.9235,9,0.3952,1.1626,En riesgo
USR_1060,14807791.81,0.2543,5,0.4843,0.9062,En observación
USR_1061,7256099.77,0.9341,7,0.6719,1.1239,En riesgo
USR_1062,7817602.94,0.4814,15,0.2751,0.4396,En observación
USR_1063,8273658.74,0.3212,0,0.2508,0.3065,En observación
USR_1064,8498736.74,0.4175,9,0.4229,0.8275,En observación
USR_1065,14263518.09,0.3912,12,0.4085,0.9424,En observación
USR_1066,8125581.25,0.3596,8,0.2472,0.7647,En observación
USR_1067,9610569.89,0.4219,5,0.428,1.2835,En riesgo
USR_1068,4034840.94,0.1028,15,0.5325,0.6885,Saludable
USR_1069,5927041.37,0.0219,2,0.4179,0.8902,En observación
USR_1070,5786829.37,0.7471,2,0.8246,1.0,En riesgo
USR_1071,3251844.61,0.8678,2,0.4489,0.7286,En riesgo
USR_1072,12365955.71,0.0886,5,0.8508,0.308,Saludable
USR_1073,13922061.1,0.0544,2,0.4662,1.1092,Saludable
USR_1074,9300660.18,0.6349,2,0.8541,0.5405,En riesgo
USR_1075,4981540.78,0.9207,13,0.3279,0.8939,En riesgo
USR_1076,9233852.11,0.5279,11,0.3209,1.1526,En riesgo
USR_1077,3132354.51,0.4008,15,0.3836,0.5793,En observación
USR_1078,9620688.68,0.4069,10,0.5788,1.2326,En riesgo
USR_1079,7802428.36,0.5612,9,0.2336,0.6346,En observación
USR_1080,10791992.94,0.7921,14,0.7056,1.204,En riesgo
USR_1081,13398073.87,0.5087,3,0.6986,0.5351,En observación
USR_1082,9947864.53,0.6433,3,0.8268,0.4384,En riesgo
USR_1083,12931159.49,0.9484,8,0.3725,0.9018,En riesgo
USR_1084,3005027.74,0.5825,15,0.519,1.0139,En riesgo
USR_1085,12137757.73,0.4941,0,0.4348,0.6686,En observación
USR_1086,10530244.08,0.529,1,0.7138,1.2213,En riesgo
USR_1087,4673175.77,0.3552,1,0.7805,0.841,En observación
USR_1088,8483904.84,0.7046,9,0.5874,0.3885,En riesgo
USR_1089,11267152.8,0.602,14,0.2285,1.1073,En riesgo
USR_1090,10589818.44,0.9047,7,0.893,0.8813,En riesgo
USR_1091,2702566.3,0.4591,11,0.5138,0.3976,En observación
USR_1092,11245052.89,0.9689,14,0.5508,0.6689,En riesgo
USR_1093,2657515.22,0.7322,13,0.6306,1.1678,En riesgo
USR_1094,3453425.21,0.9316,8,0.649,0.5712,En riesgo
USR_1095,12168657.61,0.2293,8,0.6165,1.1406,En riesgo
USR_1096,1608243.25,0.3629,4,0.7869,1.0766,En riesgo
USR_1097,5716151.76,0.6582,0,0.3026,1.0851,En riesgo
USR_1098,4582738.86,0.7378,0,0.5326,0.7217,En riesgo
USR_1099,7332513.37,0.0453,7,0.7142,0.7949,Saludable
USR_1100,1449319.56,0.6086,12,0.4963,0.8639,En riesgo
USR_1101,14319410.73,0.1089,15,0.3747,1.2323,Saludable
USR_1102,13997945.52,0.2005,10,0.5277,0.945,En observación
USR_1103,8867759.65,0.6341,4,0.3183,0.761,En riesgo
USR_1104,9573395.53,0.331,4,0.519,0.7578,En observación
USR_1105,1425021.44,0.1741,11,0.8001,0.5051,Saludable
USR_1106,9137143.54,0.149,13,0.2734,1.2583,Saludable
USR_1107,12994499.41,0.0785,11,0.2083,0.3613,Saludable
USR_1108,12309995.82,0.282,8,0.5975,1.1351,En riesgo
USR_1109,3856760.43,0.7094,13,0.2514,0.7006,En riesgo
USR_1110,1794517.39,0.1992,2,0.5137,1.2733,En riesgo
USR_1111,14867301.65,0.6502,15,0.5766,1.1782,En riesgo
USR_1112,3293510.3,0.762,15,0.2131,1.0112,En riesgo
USR_1113,11031041.37,0.1155,15,0.4667,0.8899,En observación
USR_1114,13214291.63,0.2148,10,0.3965,0.807,Saludable
USR_1115,11871865.03,0.7056,15,0.8196,1.2549,En riesgo
USR_1116,14311485.47,0.6989,0,0.6918,1.074,En riesgo
USR_1117,5091024.91,0.2879,12,0.8147,1.1091,En riesgo
USR_1118,9035935.05,0.9987,5,0.7576,0.9417,En riesgo
USR_1119,13271225.77,0.7848,8,0.3104,0.6985,En riesgo
USR_1120,14208543.9,0.342,2,0.715,0.3155,En observación
USR_1121,13343802.54,0.1008,14,0.8927,0.5433,En observación
USR_1122,12767050.08,0.4703,3,0.4459,0.6429,En observación
USR_1123,5708157.83,0.2429,9,0.2666,0.4369,Saludable
USR_1124,12140688.78,0.4358,4,0.7192,1.2308,En riesgo
USR_1125,3484172.35,0.1443,12,0.3232,0.4587,Saludable
USR_1126,6890212.18,0.0752,9,0.5357,0.9581,En observación
USR_1127,7171349.0,0.6794,7,0.5985,1.1024,En riesgo
USR_1128,9885203.38,0.788,1,0.668,1.1451,En riesgo
USR_1129,6093853.9,0.046,6,0.7089,1.0242,En riesgo
USR_1130,4928029.71,0.5424,11,0.4057,0.8747,En observación
USR_1131,6934727.92,0.1178,0,0.4832,0.6712,En observación
USR_1132,9852212.34,0.0115,3,0.6485,1.1134,En riesgo
USR_1133,6022748.04,0.5953,11,0.7461,0.7924,En observación
USR_1134,14331111.74,0.1907,13,0.7713,1.0084,En riesgo
USR_1135,12636670.87,0.2857,14,0.3617,0.8558,En observación
USR_1136,12348928.33,0.2571,2,0.4481,1.0428,En riesgo
USR_1137,2276163.1,0.5673,9,0.8961,0.8638,En observación
USR_1138,12577569.52,0.7251,7,0.6421,0.5424,En riesgo
USR_1139,5031149.09,0.8982,6,0.3383,1.2711,En riesgo
USR_1140,2960911.85,0.1751,2,0.5138,0.9108,En observación
USR_1141,5596170.75,0.7724,14,0.323,0.9311,En riesgo
USR_1142,2900799.44,0.4913,0,0.521,0.5083,En observación
USR_1143,10956558.1,0.2844,13,0.7662,1.2081,En riesgo
USR_1144,12427838.91,0.9739,2,0.6249,0.4231,En riesgo
USR_1145,7708006.48,0.6273,3,0.7708,0.5675,En riesgo
USR_1146,8287559.61,0.662,3,0.5015,0.4147,En riesgo
USR_1147,11056835.79,0.2178,0,0.8668,0.6656,En observación
USR_1148,6391308.71,0.7433,11,0.207,0.7716,En riesgo
USR_1149,7115308.86,0.2339,6,0.589,0.5189,Saludable
USR_1150,4043103.6,0.5457,12,0.2067,1.2664,En riesgo
USR_1151,5911489.09,0.9904,7,0.2354,0.9101,En riesgo
USR_1152,9842333.92,0.8782,15,0.7225,1.2922,En riesgo
USR_1153,9666502.62,0.4633,3,0.3658,0.8396,En observación
USR_1154,3393200.19,0.497,5,0.5834,1.2426,En riesgo
USR_1155,3496588.24,0.2924,12,0.3279,0.9941,En observación
USR_1156,13440410.85,0.5759,4,0.5599,0.7063,En observación
USR_1157,1818465.09,0.9575,8,0.272,0.3078,En riesgo
USR_1158,1961085.51,0.1925,12,0.3835,0.7912,Saludable
USR_1159,6985469.79,0.2912,7,0.7528,1.2215,En riesgo
USR_1160,2843179.81,0.1631,11,0.4226,0.8264,Saludable
USR_1161,11975396.5,0.7689,11,0.6315,0.5568,En riesgo
USR_1162,8529905.41,0.9418,14,0.6758,0.4049,En riesgo
USR_1163,13235123.64,0.5167,9,0.6116,0.9149,En observación
USR_1164,11085050.15,0.8821,5,0.5323,1.2312,En riesgo
USR_1165,6648805.8,0.4282,4,0.2843,0.4191,En observación
USR_1166,14101092.76,0.2958,3,0.8446,0.4064,Saludable
USR_1167,4111147.53,0.3702,11,0.5618,1.2173,En riesgo
USR_1168,2782719.0,0.0712,2,0.5925,0.9588,En observación
USR_1169,6274115.41,0.782,6,0.6535,0.3612,En riesgo
USR_1170,7953741.88,0.1339,7,0.562,0.8721,En observación
USR_1171,2992521.0,0.8407,0,0.6725,1.0668,En riesgo
USR_1172,10998491.07,0.737,2,0.6511,0.6718,En riesgo
USR_1173,9728707.45,0.5754,6,0.8226,1.0167,En riesgo
USR_1174,12316913.65,0.9911,0,0.3845,1.061,En riesgo
USR_1175,8534251.44,0.0677,15,0.599,1.0036,En riesgo
USR_1176,5619569.57,0.9243,4,0.2536,1.2612,En riesgo
USR_1177,4590730.28,0.0091,11,0.2347,0.7918,Saludable
USR_1178,7667177.38,0.0777,8,0.4809,0.7298,Saludable
USR_1179,3244852.68,0.0475,2,0.3042,0.9994,En observación
USR_1180,6260687.71,0.4521,6,0.5777,0.483,En observación
USR_1181,7254573.46,0.7996,7,0.2567,0.957,En riesgo
USR_1182,3070046.31,0.4939,10,0.5355,0.7537,En observación
USR_1183,12949803.52,0.7086,2,0.4758,0.8978,En riesgo
USR_1184,6271940.88,0.7051,1,0.7095,0.9219,En riesgo
USR_1185,11695344.39,0.7257,14,0.6268,0.8949,En riesgo
USR_1186,8239357.0,0.0044,2,0.7017,1.1763,Saludable
USR_1187,4956619.45,0.3421,5,0.2979,0.6984,En observación
USR_1188,8025636.12,0.6295,13,0.7764,1.0457,En riesgo
USR_1189,4071043.83,0.8761,9,0.891,0.5956,En riesgo
USR_1190,13572788.11,0.3047,7,0.3889,1.0152,En riesgo
USR_1191,14408070.43,0.691,2,0.8522,1.135,En riesgo
USR_1192,9184659.17,0.6754,13,0.5554,0.9259,En riesgo
USR_1193,10866996.54,0.2531,11,0.2251,0.7828,Saludable
USR_1194,13064231.68,0.4924,13,0.6636,0.8471,En observación
USR_1195,13366741.77,0.4489,15,0.8956,1.216,En riesgo
USR_1196,2371299.08,0.3332,3,0.2215,1.2344,En riesgo
USR_1197,3238650.62,0.8097,7,0.2745,1.1395,En riesgo
USR_1198,11482953.37,0.0589,2,0.4979,0.7135,En observación
USR_1199,7311444.67,0.0823,0,0.3352,0.52,En observación
USR_1200,13905841.11,0.7158,15,0.3419,0.9675,En riesgo
USR_1201,10166313.31,0.9012,12,0.6889,0.7168,En riesgo
USR_1202,11085765.04,0.9008,7,0.7922,0.9075,En riesgo
USR_1203,6450133.43,0.0565,0,0.4622,0.5828,En observación
USR_1204,8082771.27,0.9345,11,0.7778,0.7506,En riesgo
USR_1205,6551407.57,0.2398,12,0.4725,1.1049,En riesgo
USR_1206,14737832.43,0.3878,11,0.447,0.847,En observación
USR_1207,8553821.79,0.0355,4,0.4124,0.614,Saludable
USR_1208,7996094.59,0.2005,1,0.2964,0.3417,En observación
USR_1209,6438845.24,0.6228,1,0.5541,1.0505,En riesgo
USR_1210,3866161.76,0.0316,10,0.2596,0.3465,Saludable
USR_1211,8373728.07,0.2479,11,0.7647,0.6632,Saludable
USR_1212,13044050.77,0.8247,7,0.8103,1.2726,En riesgo
USR_1213,11732802.71,0.6084,5,0.4846,0.8173,En riesgo
USR_1214,3888296.3,0.6109,4,0.7066,0.7951,En riesgo
USR_1215,7160681.24,0.4103,0,0.5051,0.4486,En riesgo
USR_1216,1778715.08,0.0631,7,0.3594,1.1959,En riesgo
USR_1217,5913407.0,0.3093,3,0.784,0.7963,En observación
USR_1218,9773412.23,0.5399,7,0.4289,0.9296,En observación
USR_1219,10309648.33,0.7337,12,0.8355,0.6053,En riesgo
USR_1220,3904204.13,0.926,0,0.6997,0.3131,En riesgo
USR_1221,5557838.29,0.7798,5,0.7266,1.0414,En riesgo
USR_1222,1752835.77,0.6762,3,0.5078,1.2836,En riesgo
USR_1223,9053210.1,0.2028,7,0.299,0.3665,Saludable
USR_1224,7172362.24,0.6899,13,0.8171,1.2153,En riesgo
USR_1225,5014034.97,0.3773,13,0.2539,1.0965,En riesgo
USR_1226,13888014.16,0.0594,14,0.3459,0.5861,Saludable
USR_1227,2758386.96,0.0657,2,0.5958,0.739,En observación
USR_1228,2958714.17,0.4643,9,0.3578,0.5403,En observación
USR_1229,9130987.0,0.5606,8,0.5017,0.4385,En observación
USR_1230,14593662.95,0.1296,11,0.6358,1.2902,En riesgo
USR_1231,12507303.49,0.0443,2,0.7733,0.6631,Saludable
USR_1232,3881629.43,0.3651,11,0.3979,0.4839,En observación
USR_1233,1944050.24,0.5733,8,0.3169,0.3196,En observación
USR_1234,4347611.2,0.0239,4,0.6912,0.6681,Saludable
USR_1235,10464409.63,0.8317,4,0.4799,0.5093,Saludable
USR_1236,10586447.45,0.3644,8,0.7493,0.5282,En observación
USR_1237,3856980.48,0.59,13,0.2178,0.99,En observación
USR_1238,4842618.1,0.0664,3,0.3165,0.4477,Saludable
USR_1239,5545751.76,0.5927,8,0.3313,1.0771,En riesgo
USR_1240,13985592.59,0.8156,1,0.269,0.8607,En riesgo
USR_1241,2854425.02,0.2116,8,0.8693,1.0229,En riesgo
USR_1242,12630306.02,0.2773,14,0.2692,0.4447,Saludable
USR_1243,5429116.69,0.7659,4,0.5919,1.2932,En riesgo
USR_1244,7066418.65,0.1759,4,0.584,1.0878,En riesgo
USR_1245,10285327.87,0.5143,14,0.8019,0.4556,En observación
USR_1246,3579022.33,0.5124,5,0.7476,0.985,En riesgo
USR_1247,10467162.7,0.149,2,0.3711,1.0398,En observación
USR_1248,14318884.23,0.1371,5,0.2614,0.7756,Saludable
USR_1249,13022435.48,0.552,12,0.7746,0.8771,En observación
USR_1250,4271670.75,0.0401,4,0.5155,0.6719,Saludable
USR_1251,7562535.96,0.8346,13,0.2573,0.9686,En riesgo
USR_1252,1394321.74,0.6299,8,0.6453,0.4875,En riesgo
USR_1253,3556102.65,0.8703,12,0.2597,0.8346,En riesgo
USR_1254,13458842.59,0.5147,3,0.4012,0.6634,En observación
USR_1255,13055272.18,0.468,7,0.4919,1.0643,En riesgo
USR_1256,6650654.99,0.6502,4,0.6864,0.4603,En riesgo
USR_1257,4472914.0,0.6924,11,0.3557,0.4999,En riesgo
USR_1258,11372312.2,0.8875,15,0.3203,0.4042,En riesgo
USR_1259,10568324.43,0.7791,11,0.5844,1.0443,En riesgo
USR_1260,6837003.73,0.9997,10,0.7377,0.5081,En riesgo
USR_1261,6501810.3,0.544,12,0.6916,1.1112,En riesgo
USR_1262,5941547.82,0.9308,7,0.7981,1.0511,En riesgo
USR_1263,11944429.51,0.9564,2,0.5053,0.5563,En riesgo
USR_1264,2017964.46,0.3375,9,0.2442,0.9278,En observación
USR_1265,3195871.07,0.5039,13,0.4354,0.7816,En observación
USR_1266,10455601.96,0.4955,0,0.2736,0.6228,En observación
USR_1267,3531428.46,0.9417,8,0.7011,0.4535,En riesgo
USR_1268,2012939.52,0.5787,9,0.6452,1.2462,Saludable
USR_1269,4056611.48,0.989,9,0.3534,1.0333,En riesgo
USR_1270,8350248.0,0.0115,3,0.3526,1.2615,En riesgo
USR_1271,8574229.12,0.3784,5,0.3433,1.0762,En riesgo
USR_1272,5005662.08,0.4993,5,0.3156,1.2567,En riesgo
USR_1273,4289932.22,0.4577,11,0.2282,0.5592,En observación
USR_1274,5466053.23,0.6877,1,0.2067,1.0979,En riesgo
USR_1275,9085990.21,0.9861,11,0.7982,0.8639,En riesgo
USR_1276,10157514.78,0.3072,10,0.4421,0.918,En observación
USR_1277,7956360.73,0.9672,11,0.7632,0.7441,En riesgo
USR_1278,11758398.63,0.0126,4,0.7817,1.0089,En riesgo
USR_1279,14486453.82,0.5713,5,0.6313,1.1849,En riesgo
USR_1280,4610653.21,0.9044,2,0.619,0.6741,En riesgo
USR_1281,6374278.5,0.1331,1,0.7565,0.4637,En observación
USR_1282,8645308.57,0.5081,14,0.2068,0.6696,En observación
USR_1283,9573118.13,0.4528,10,0.3891,1.0649,En riesgo
USR_1284,3731298.34,0.6737,15,0.7024,0.4432,En riesgo
USR_1285,5740374.07,0.442,4,0.8276,0.332,En observación
USR_1286,1586660.15,0.5998,6,0.2437,1.1711,En riesgo
USR_1287,3754944.21,0.2254,2,0.8644,0.6291,En observación
USR_1288,10776359.97,0.8599,3,0.6319,0.4354,En riesgo
USR_1289,6361191.26,0.8104,1,0.8788,0.5852,En riesgo
USR_1290,3082182.55,0.7591,15,0.7904,0.7363,En riesgo
USR_1291,7180120.02,0.9054,14,0.8814,0.6643,En riesgo
USR_1292,9869717.88,0.4686,3,0.4778,1.2907,Saludable
USR_1293,13370095.32,0.7496,2,0.2193,1.1104,En riesgo
USR_1294,5339667.17,0.1267,7,0.5176,1.1823,En riesgo
USR_1295,3241173.68,0.5083,6,0.3423,0.826,En observación
USR_1296,2097542.33,0.3993,11,0.291,0.4303,En observación
USR_1297,10600243.93,0.3727,3,0.7209,1.1597,En riesgo
USR_1298,4163118.44,0.4048,3,0.5777,0.3882,Saludable
USR_1299,6868788.05,0.5458,0,0.7604,0.7886,En riesgo
USR_1300,12315647.37,0.4263,9,0.7021,0.6953,En observación
USR_1301,4409791.67,0.3429,0,0.7936,0.7601,En riesgo
USR_1302,9403780.41,0.8449,11,0.8317,0.5289,En riesgo
USR_1303,3835370.79,0.519,13,0.2289,1.2798,En riesgo
USR_1304,3200890.18,0.4045,4,0.6988,0.8112,En observación
USR_1305,3412955.66,0.8945,7,0.3972,0.6153,En riesgo
USR_1306,13659716.41,0.2341,7,0.6311,0.6349,Saludable
USR_1307,10558874.25,0.4634,5,0.233,0.4357,En observación
USR_1308,3832785.67,0.245,9,0.5545,0.7902,Saludable
USR_1309,6192941.68,0.9942,3,0.3858,1.2571,En riesgo
USR_1310,4571559.31,0.9051,15,0.6507,0.4168,En riesgo
USR_1311,6357522.53,0.1388,10,0.7853,0.6605,Saludable
USR_1312,6724754.35,0.8888,10,0.305,0.6297,En riesgo
USR_1313,3089437.94,0.7249,5,0.3945,0.8021,En riesgo
USR_1314,9304976.98,0.6304,12,0.4204,0.6201,En riesgo
USR_1315,10865314.84,0.1137,4,0.2358,0.7802,Saludable
USR_1316,4898854.93,0.3809,11,0.7237,0.4889,En observación
USR_1317,3374746.45,0.2365,15,0.7153,0.8478,Saludable
USR_1318,5688109.15,0.0896,12,0.2081,0.9991,En observación
USR_1319,5054167.44,0.3341,6,0.6088,1.0035,En observación
USR_1320,6545634.75,0.4981,7,0.7838,0.4711,En observación
USR_1321,14046048.68,0.5307,2,0.7248,0.9704,En observación
USR_1322,5019933.8,0.2556,13,0.6241,0.7945,Saludable
USR_1323,13799198.61,0.3771,15,0.4145,0.9934,En observación
USR_1324,1817216.26,0.4844,8,0.8717,1.0327,En riesgo
USR_1325,2726304.17,0.2121,5,0.4547,0.4004,Saludable
USR_1326,12910800.84,0.3233,13,0.6998,0.5947,En observación
USR_1327,8801265.29,0.6274,9,0.5625,0.9576,En riesgo
USR_1328,8260952.12,0.0286,13,0.5417,0.6814,Saludable
USR_1329,12672992.72,0.4902,12,0.4576,0.5238,En observación
USR_1330,12449832.88,0.846,15,0.3825,1.2565,En riesgo
USR_1331,11920957.74,0.7871,13,0.6342,0.3261,En riesgo
USR_1332,6783367.3,0.155,6,0.3341,1.2434,En riesgo
USR_1333,6739846.64,0.5284,10,0.6239,0.628,En observación
USR_1334,9102797.75,0.1636,1,0.8765,0.6484,En observación
USR_1335,14879477.68,0.4555,14,0.3953,1.0628,En observación
USR_1336,2863245.03,0.7628,10,0.6786,1.0978,En riesgo
USR_1337,3634688.41,0.7217,2,0.3983,1.267,En riesgo
USR_1338,11787406.7,0.9907,3,0.2992,0.7677,En riesgo
USR_1339,6126348.92,0.5505,14,0.2,0.5562,En observación
USR_1340,12968345.74,0.7672,14,0.8033,0.6309,En riesgo
USR_1341,4779248.33,0.7433,0,0.5124,0.9786,En riesgo
USR_1342,12961861.85,0.5358,2,0.4699,0.6432,En observación
USR_1343,12470166.6,0.9671,5,0.7848,0.3916,En riesgo
USR_1344,1974690.33,0.3633,4,0.2542,1.0133,En riesgo
USR_1345,8589896.07,0.0164,9,0.436,1.0596,En riesgo
USR_1346,7327186.49,0.7799,12,0.7646,0.3102,En riesgo
USR_1347,5172113.9,0.0306,2,0.7255,0.5448,En observación
USR_1348,1238562.5,0.912,10,0.6313,1.2282,En riesgo
USR_1349,8100860.11,0.889,10,0.248,0.9409,En riesgo
USR_1350,11926594.86,0.4691,3,0.4302,0.9628,En observación
USR_1351,14931430.91,0.0255,2,0.8381,0.7491,En observación
USR_1352,10607439.23,0.4655,9,0.2354,0.8535,En observación
USR_1353,5269980.65,0.1337,14,0.8002,0.8227,Saludable
USR_1354,11852663.15,0.1268,8,0.6618,0.3176,En riesgo
USR_1355,4537800.98,0.431,5,0.3872,1.2496,En riesgo
USR_1356,3757672.25,0.7071,0,0.6905,1.1436,En riesgo
USR_1357,9408659.21,0.7845,4,0.8668,1.2168,En riesgo
USR_1358,2324901.41,0.8299,10,0.7456,1.1045,En riesgo
USR_1359,12545599.34,0.4729,2,0.4337,0.3288,Saludable
USR_1360,2907447.62,0.4457,10,0.3009,1.2349,En riesgo
USR_1361,14849607.8,0.4334,1,0.8183,0.3914,En observación
USR_1362,8692213.34,0.0888,3,0.6065,0.9919,En observación
USR_1363,13483358.25,0.8741,15,0.3934,0.9453,En riesgo
USR_1364,1958749.88,0.0808,13,0.3773,1.1182,En riesgo
USR_1365,14804248.46,0.2563,5,0.3493,0.338,Saludable
USR_1366,7941791.56,0.5743,15,0.2497,0.7924,En observación
USR_1367,2379431.12,0.2618,5,0.3802,1.2257,En riesgo
USR_1368,3146296.95,0.9687,0,0.5107,1.1986,En riesgo
USR_1369,10547037.91,0.618,8,0.4595,0.5645,En riesgo
USR_1370,2117517.88,0.5193,11,0.5748,0.5773,En observación
USR_1371,13345058.58,0.5415,0,0.3811,1.0272,En riesgo
USR_1372,1421864.61,0.1516,7,0.8591,1.2539,En riesgo
USR_1373,13373563.94,0.5637,8,0.2064,1.0621,En riesgo
USR_1374,8929451.07,0.9007,3,0.68,1.2755,En riesgo
USR_1375,1991960.95,0.139,14,0.617,1.0938,Saludable
USR_1376,1660653.71,0.7176,3,0.4205,0.7289,En riesgo
USR_1377,4991481.45,0.5794,15,0.8764,1.0304,En riesgo
USR_1378,5346610.25,0.5753,3,0.7551,0.3933,En observación
USR_1379,7237138.75,0.0231,1,0.333,1.0727,En riesgo
USR_1380,7948129.35,0.31,8,0.2735,1.2907,Saludable
USR_1381,5305907.84,0.0841,15,0.6167,1.2054,En riesgo
USR_1382,6073988.89,0.2108,7,0.7016,0.6502,Saludable
USR_1383,11333473.4,0.9405,9,0.4872,0.3642,En riesgo
USR_1384,13229582.97,0.5137,0,0.4104,0.9673,En observación
USR_1385,10102166.15,0.5778,6,0.775,0.9718,En observación
USR_1386,7980431.54,0.7823,12,0.5364,0.314,En riesgo
USR_1387,7255946.99,0.8206,3,0.7711,0.5467,En riesgo
USR_1388,7144765.3,0.6549,0,0.8999,0.9442,En riesgo
USR_1389,10780856.03,0.4915,10,0.274,0.7359,En observación
USR_1390,2394685.26,0.3079,9,0.2476,0.9826,En observación
USR_1391,1843652.02,0.2505,6,0.6164,1.0554,En riesgo
USR_1392,3109989.04,0.8169,12,0.488,1.2218,En riesgo
USR_1393,8093959.89,0.709,10,0.7399,1.1995,En riesgo
USR_1394,11724612.63,0.8468,2,0.5133,0.9792,En riesgo
USR_1395,2513261.82,0.4106,11,0.5545,1.2242,En riesgo
USR_1396,3947611.61,0.6398,10,0.6067,0.8005,En riesgo
USR_1397,14597694.14,0.1297,12,0.6095,0.7845,Saludable
USR_1398,8364934.86,0.1345,6,0.77,0.6888,Saludable
USR_1399,12942845.42,0.6366,10,0.6912,1.0662,En riesgo
USR_1400,5540714.02,0.2277,4,0.2154,0.5119,Saludable
USR_1401,8601933.93,0.4816,2,0.733,0.3805,En observación
USR_1402,10310598.23,0.2708,15,0.8168,0.944,Saludable
USR_1403,11039942.0,0.2773,1,0.3967,0.823,En observación
USR_1404,6031381.91,0.3211,4,0.6629,0.9521,En observación
USR_1405,13072834.62,0.1403,12,0.2872,0.7802,Saludable
USR_1406,2373389.39,0.0227,4,0.5689,1.1498,Saludable
USR_1407,2026684.87,0.2275,11,0.6531,1.1473,En riesgo
USR_1408,6593047.64,0.5528,1,0.2455,0.3795,En observación
USR_1409,11688651.44,0.4448,15,0.4179,0.6268,En observación
USR_1410,2220491.92,0.8859,11,0.7049,0.678,En riesgo
USR_1411,2268427.23,0.0121,13,0.2449,0.9079,En observación
USR_1412,7817706.2,0.2455,10,0.273,1.1964,En riesgo
USR_1413,9279486.4,0.9345,9,0.8904,0.315,En riesgo
USR_1414,8213877.18,0.5161,8,0.2015,1.2315,En riesgo
USR_1415,8857542.39,0.9269,5,0.6522,0.7729,En riesgo
USR_1416,1887409.74,0.7417,4,0.8477,0.3254,En riesgo
USR_1417,10973103.94,0.3303,2,0.3794,1.1358,En riesgo
USR_1418,9586555.38,0.9815,11,0.4857,0.7088,En riesgo
USR_1419,5582302.33,0.1485,14,0.3904,1.005,En riesgo
USR_1420,14732434.58,0.0394,0,0.6716,0.3689,En observación
USR_1421,2824511.15,0.9161,11,0.2657,0.9567,En observación
USR_1422,8171906.54,0.0301,11,0.3318,0.3666,Saludable
USR_1423,3804609.87,0.4105,2,0.4549,1.0025,En riesgo
USR_1424,10619492.5,0.0927,15,0.5004,0.9445,En observación
USR_1425,14133215.77,0.1079,12,0.7049,0.9551,En observación
USR_1426,3478933.35,0.9911,13,0.7802,1.2238,En observación
USR_1427,9969665.61,0.1059,1,0.7924,0.5355,En observación
USR_1428,3538638.88,0.0685,0,0.2966,0.5224,En observación
USR_1429,9164460.72,0.265,3,0.6676,1.2541,En riesgo
USR_1430,5746457.42,0.4076,1,0.3128,0.8971,En observación
USR_1431,5917742.13,0.4596,3,0.8801,0.7258,En observación
USR_1432,4390213.22,0.1777,11,0.5505,0.6837,Saludable
USR_1433,8643368.91,0.3801,1,0.4222,1.0434,En riesgo
USR_1434,11493347.4,0.5002,7,0.7899,0.4528,En observación
USR_1435,1651733.9,0.2468,0,0.7873,1.0195,En riesgo
USR_1436,13577697.76,0.1504,6,0.8883,0.5963,Saludable
USR_1437,4516219.34,0.638,12,0.4887,1.2415,En riesgo
USR_1438,8331410.92,0.5225,4,0.2357,1.2121,En riesgo
USR_1439,13388231.79,0.9708,11,0.6499,0.6331,En riesgo
USR_1440,1344466.31,0.9817,3,0.4026,1.1902,En riesgo
USR_1441,3586979.44,0.9229,13,0.4247,0.999,En riesgo
USR_1442,8469728.36,0.6725,1,0.3863,0.5965,En riesgo
USR_1443,3926843.91,0.1291,1,0.6722,0.3709,En observación
USR_1444,9415937.36,0.22,10,0.7615,1.0841,En riesgo
USR_1445,1497940.77,0.3835,8,0.8648,0.3487,En observación
USR_1446,12135285.56,0.6991,6,0.5194,0.4845,En riesgo
USR_1447,6323042.1,0.5222,11,0.5112,0.6355,En observación
USR_1448,7637575.25,0.8951,0,0.8323,1.2987,Saludable
USR_1449,13886318.45,0.7779,1,0.2139,0.9874,En riesgo
USR_1450,7417645.86,0.5241,6,0.8898,0.8413,En observación
USR_1451,4944892.41,0.6837,6,0.4616,0.4379,En riesgo
USR_1452,14428372.01,0.4618,2,0.2156,0.637,En observación
USR_1453,13142117.06,0.0435,6,0.7421,0.322,Saludable
USR_1454,8465960.15,0.0543,11,0.8653,0.3354,En observación
USR_1455,11493653.74,0.6427,5,0.7681,0.8336,En riesgo
USR_1456,5838477.19,0.332,5,0.6382,0.4588,En observación
USR_1457,4045074.86,0.992,9,0.7947,1.061,En riesgo
USR_1458,4248602.2,0.4131,0,0.5463,0.4749,En observación
USR_1459,11318430.06,0.3618,9,0.8116,1.2493,En riesgo
USR_1460,1647757.2,0.9753,6,0.5679,0.4389,En riesgo
USR_1461,13822734.76,0.9287,2,0.3545,0.9486,En riesgo
USR_1462,1557777.34,0.8482,13,0.8972,1.1576,En riesgo
USR_1463,2080867.69,0.9533,6,0.6385,1.019,En riesgo
USR_1464,3168994.78,0.1401,12,0.3028,0.6571,Saludable
USR_1465,13035121.5,0.038,8,0.6549,0.9842,En observación
USR_1466,8839564.2,0.6833,7,0.3018,1.2151,En riesgo
USR_1467,13372297.13,0.0322,9,0.2695,0.5341,Saludable
USR_1468,3840086.53,0.9731,5,0.2307,0.5344,En observación
USR_1469,6672334.62,0.4498,4,0.5105,0.7165,En observación
USR_1470,5706603.28,0.2863,3,0.8758,0.8992,En observación
USR_1471,9971984.78,0.7133,8,0.4951,1.1065,En riesgo
USR_1472,13670108.63,0.7906,14,0.7193,1.2966,En riesgo
USR_1473,12274866.18,0.8292,6,0.7077,0.3833,En riesgo
USR_1474,9953159.42,0.8581,8,0.7876,1.0624,En observación
USR_1475,11148186.43,0.9971,6,0.6371,0.661,En riesgo
USR_1476,12666461.45,0.9629,12,0.8271,0.8955,En riesgo
USR_1477,12584086.96,0.5453,10,0.8842,1.0834,En riesgo
USR_1478,9211580.64,0.0264,5,0.89,1.2805,En riesgo
USR_1479,14946880.91,0.4766,9,0.29,0.6865,En observación
USR_1480,2380475.01,0.638,12,0.2096,0.846,En observación
USR_1481,2243301.93,0.2864,7,0.3929,0.9768,En observación
USR_1482,11360426.2,0.2428,0,0.8797,0.8099,En observación
USR_1483,10014206.03,0.5763,0,0.6204,0.3074,En observación
USR_1484,6010231.59,0.6074,14,0.3337,0.9502,En riesgo
USR_1485,3955142.66,0.5833,1,0.3503,0.8904,En observación
USR_1486,13839192.77,0.8352,0,0.4789,1.1216,En riesgo
USR_1487,12847977.39,0.737,11,0.8377,0.4686,En riesgo
USR_1488,2085847.61,0.2931,6,0.7113,0.9986,En observación
USR_1489,5887533.47,0.3799,0,0.2105,1.0884,En riesgo
USR_1490,12423322.14,0.2212,2,0.7198,0.6309,En observación
USR_1491,11165635.76,0.7077,11,0.4694,0.5109,En riesgo
USR_1492,11566446.7,0.1504,5,0.6124,0.3127,Saludable
USR_1493,13642689.65,0.5456,0,0.2361,1.2501,En riesgo
USR_1494,10897804.94,0.3202,0,0.5146,1.1951,En riesgo
USR_1495,12076387.39,0.1265,9,0.7733,0.8728,En observación
USR_1496,1589588.53,0.0868,8,0.4452,0.6718,Saludable
USR_1497,11192254.62,0.5,12,0.37,0.7608,En observación
USR_1498,7806334.61,0.1777,7,0.4043,0.8075,Saludable
USR_1499,5921550.18,0.5684,12,0.2126,0.3939,En observación
USR_1500,3235094.35,0.0789,1,0.399,1.2041,En observación
USR_1501,3749756.84,0.6814,11,0.571,0.4308,En riesgo
USR_1502,3091318.12,0.7728,15,0.5199,0.3081,En riesgo
USR_1503,7316951.31,0.369,9,0.5214,1.2953,En riesgo
USR_1504,14298656.68,0.5985,14,0.5186,1.0748,En riesgo
USR_1505,7318860.19,0.0272,9,0.3538,0.6494,Saludable
USR_1506,13991360.6,0.5038,1,0.3545,0.5352,En observación
USR_1507,7144239.25,0.9281,7,0.8254,0.7931,En riesgo
USR_1508,6126524.48,0.8078,9,0.508,0.6924,En riesgo
USR_1509,8993254.69,0.2418,0,0.8846,1.1661,En riesgo
USR_1510,2024390.0,0.7258,7,0.7411,1.0163,En riesgo
USR_1511,9630801.19,0.8525,8,0.6961,1.1896,En riesgo
USR_1512,5086131.74,0.3481,4,0.2687,1.2755,En riesgo
USR_1513,3111393.53,0.3409,8,0.5808,1.101,En riesgo
USR_1514,11254686.62,0.9647,9,0.8067,0.6394,En riesgo
USR_1515,2906947.28,0.6457,15,0.2971,0.4913,En riesgo
USR_1516,3346088.29,0.5891,11,0.5578,0.5397,En observación
USR_1517,14066456.19,0.9815,15,0.8389,0.8696,En riesgo
USR_1518,4078756.62,0.3432,14,0.8402,0.7189,En observación
USR_1519,10260156.36,0.1656,15,0.4607,0.6317,Saludable
USR_1520,14056125.85,0.8715,1,0.763,1.1893,En riesgo
USR_1521,14578596.71,0.7193,7,0.4171,0.7343,En riesgo
USR_1522,4724676.99,0.2168,8,0.6777,1.1453,En riesgo
USR_1523,1333481.04,0.2202,12,0.4867,0.3255,Saludable
USR_1524,4232852.46,0.6921,14,0.7166,1.0412,En riesgo
USR_1525,9577400.3,0.2915,0,0.7408,1.2599,En riesgo
USR_1526,1986842.11,0.039,1,0.8122,0.3501,En observación
USR_1527,8269951.3,0.4817,13,0.3122,0.7272,En observación
USR_1528,2720431.32,0.4463,13,0.2733,0.493,En observación
USR_1529,14983799.62,0.1956,6,0.2935,0.5318,Saludable
USR_1530,7128499.52,0.7148,2,0.2075,1.1798,En riesgo
USR_1531,7336411.1,0.9316,12,0.5085,0.9601,En riesgo
USR_1532,14703481.26,0.9518,1,0.446,0.4187,En riesgo
USR_1533,3226628.65,0.1858,8,0.3829,0.4371,Saludable
USR_1534,7934126.14,0.7228,5,0.6138,0.7819,En riesgo
USR_1535,14695819.67,0.8462,3,0.6784,0.9658,En observación
USR_1536,4959542.32,0.2344,1,0.4437,0.5259,En observación
USR_1537,11120955.45,0.4901,5,0.3672,1.1877,En riesgo
USR_1538,5794576.97,0.1918,15,0.8325,0.872,En observación
USR_1539,11599477.95,0.752,7,0.8277,0.8614,En riesgo
USR_1540,8622077.61,0.2648,15,0.8985,0.731,Saludable
USR_1541,11222147.72,0.6934,10,0.7457,1.2393,En riesgo
USR_1542,10356281.1,0.5061,4,0.451,1.1964,En riesgo
USR_1543,6470667.89,0.6894,10,0.2723,0.5693,En riesgo
USR_1544,9058299.86,0.9468,5,0.7221,0.4728,En riesgo
USR_1545,9560770.96,0.2888,9,0.3563,0.4631,Saludable
USR_1546,7506812.1,0.8007,5,0.7666,0.4861,En riesgo
USR_1547,5198682.51,0.1839,11,0.8452,0.8654,En observación
USR_1548,11262054.5,0.636,6,0.8378,0.8077,En riesgo
USR_1549,6816216.29,0.5888,14,0.393,1.2806,En riesgo
USR_1550,13216792.07,0.3167,13,0.8248,0.8308,En observación
USR_1551,7871873.09,0.6895,0,0.8303,0.7081,En riesgo
USR_1552,12334779.0,0.4303,10,0.408,0.7824,En observación
USR_1553,10738244.6,0.2426,11,0.4572,0.5578,Saludable
USR_1554,1748775.91,0.7066,7,0.5295,1.2729,En riesgo
USR_1555,2243074.28,0.0034,4,0.5426,1.1849,En riesgo
USR_1556,9343873.44,0.2406,13,0.3193,1.1521,En riesgo
USR_1557,13177173.62,0.6739,5,0.2952,0.5901,Saludable
USR_1558,5772058.05,0.0033,5,0.5761,0.3186,Saludable
USR_1559,14359083.93,0.8448,0,0.7849,0.9833,En riesgo
USR_1560,7880821.93,0.9089,5,0.5194,0.7102,En riesgo
USR_1561,12731122.8,0.3806,12,0.8612,0.4699,En observación
USR_1562,14613420.56,0.9455,13,0.3426,0.9465,En riesgo
USR_1563,10681820.92,0.2552,13,0.2906,0.8775,En observación
USR_1564,5427634.25,0.6668,5,0.8845,0.7268,En riesgo
USR_1565,6605944.33,0.4643,3,0.62,0.9105,En observación
USR_1566,8263355.63,0.3882,3,0.2024,0.7018,En observación
USR_1567,2659146.7,0.0243,6,0.5497,0.9593,En observación
USR_1568,7630223.63,0.6862,11,0.5455,0.7366,En riesgo
USR_1569,4912904.56,0.7004,8,0.3208,0.5417,En riesgo
USR_1570,7598780.56,0.7974,14,0.5275,0.7974,En riesgo
USR_1571,7230932.25,0.3929,2,0.4956,0.7866,En observación
USR_1572,9400594.87,0.2511,0,0.4895,0.6737,En observación
USR_1573,8604193.68,0.4534,7,0.2833,0.4127,En observación
USR_1574,2307005.62,0.8479,2,0.645,1.2636,Saludable
USR_1575,3382744.49,0.0525,15,0.6099,0.8859,En observación
USR_1576,8014520.42,0.311,13,0.6542,0.6152,En observación
USR_1577,11063817.15,0.9751,4,0.4071,0.6508,En riesgo
USR_1578,7209346.41,0.004,6,0.2702,1.062,En riesgo
USR_1579,6241681.84,0.8798,15,0.4983,1.1273,En riesgo
USR_1580,3501687.8,0.8503,1,0.4727,0.8185,En riesgo
USR_1581,5679821.19,0.6227,0,0.5173,0.8723,En riesgo
USR_1582,3988737.99,0.6891,5,0.6049,0.7266,En riesgo
USR_1583,2197550.01,0.8933,6,0.7427,0.4675,En riesgo
USR_1584,3355511.41,0.5248,1,0.6248,1.1083,En riesgo
USR_1585,11536311.15,0.203,10,0.3317,0.519,Saludable
USR_1586,2128862.66,0.747,0,0.618,0.5477,En riesgo
USR_1587,11845046.6,0.6269,5,0.5697,0.3298,En riesgo
USR_1588,14794314.95,0.0743,12,0.828,0.5925,Saludable
USR_1589,8666778.71,0.3165,2,0.8008,0.5506,En observación
USR_1590,6188060.49,0.6326,0,0.4776,1.2384,En riesgo
USR_1591,8243584.7,0.4674,3,0.6623,1.2366,En riesgo
USR_1592,3791713.37,0.5318,6,0.7786,0.5711,En observación
USR_1593,8704304.62,0.9714,4,0.3626,0.3487,En riesgo
USR_1594,5214471.34,0.3991,6,0.822,1.2907,En riesgo
USR_1595,9046434.09,0.7747,11,0.3577,0.5171,En riesgo
USR_1596,9331415.26,0.4361,13,0.2069,0.606,En observación
USR_1597,6614512.25,0.241,6,0.2591,0.5032,Saludable
USR_1598,3175506.2,0.3294,4,0.7898,1.2548,En riesgo
USR_1599,11082663.87,0.7336,9,0.4868,1.2031,En riesgo
USR_1600,13785381.91,0.7682,7,0.4528,0.8458,En riesgo
USR_1601,10224065.48,0.6203,14,0.516,1.1478,En riesgo
USR_1602,9775747.24,0.1794,14,0.3208,0.4389,Saludable
USR_1603,6256090.81,0.4934,10,0.6998,0.4032,En observación
USR_1604,3429272.15,0.5017,5,0.6227,0.8297,En observación
USR_1605,14758070.07,0.7477,10,0.831,0.3472,En riesgo
USR_1606,10318226.33,0.0432,1,0.2688,0.4154,En observación
USR_1607,11476594.02,0.2705,12,0.5525,0.5716,Saludable
USR_1608,9566905.12,0.5137,10,0.2913,0.3622,En observación
USR_1609,2409464.83,0.432,6,0.4364,0.4923,En observación
USR_1610,3695937.76,0.3211,7,0.2717,1.0098,En riesgo
USR_1611,6207036.4,0.0857,0,0.2647,0.8083,En observación
USR_1612,7249308.02,0.1741,3,0.4373,0.6548,Saludable
USR_1613,9198873.68,0.7334,2,0.4835,0.891,En riesgo
USR_1614,13418684.91,0.4022,4,0.8651,0.5692,En observación
USR_1615,11607985.75,0.2388,1,0.3926,1.1082,En riesgo
USR_1616,13629446.77,0.6841,13,0.451,0.4677,En riesgo
USR_1617,2469111.03,0.5754,2,0.4349,0.5103,En riesgo
USR_1618,2719877.2,0.3785,12,0.3141,0.7821,En observación
USR_1619,7596321.61,0.5219,2,0.6917,0.4353,En observación
USR_1620,9450222.5,0.799,0,0.741,1.1772,En riesgo
USR_1621,6917345.68,0.5021,12,0.6839,0.3807,En observación
USR_1622,1791206.13,0.2808,9,0.2604,1.0382,En riesgo
USR_1623,4970185.28,0.6239,3,0.4537,0.6067,En riesgo
USR_1624,13039895.36,0.6044,4,0.7343,1.1686,En riesgo
USR_1625,1478227.07,0.2435,11,0.388,0.4545,Saludable
USR_1626,8566601.66,0.75,14,0.429,0.6396,En riesgo
USR_1627,13558751.88,0.4258,10,0.4972,0.6426,En observación
USR_1628,10637091.47,0.8076,0,0.2627,0.7927,En riesgo
USR_1629,13634331.27,0.877,2,0.8851,0.8236,En riesgo
USR_1630,1842630.28,0.9972,1,0.3292,0.6466,En riesgo
USR_1631,10353272.79,0.4821,10,0.7405,0.9378,En observación
USR_1632,9908618.77,0.7571,0,0.4901,0.3329,En riesgo
USR_1633,3075521.88,0.3198,7,0.7558,1.1959,En riesgo
USR_1634,5102941.0,0.1904,0,0.3692,0.6277,En riesgo
USR_1635,5613735.74,0.3265,1,0.4383,0.4127,En observación
USR_1636,8086983.77,0.0268,9,0.3532,0.4075,Saludable
USR_1637,12039141.43,0.1125,1,0.5953,0.4252,En observación
USR_1638,11628772.15,0.712,13,0.365,1.1947,En riesgo
USR_1639,1824564.73,0.2018,12,0.8996,0.3995,Saludable
USR_1640,8188476.04,0.8493,8,0.4196,0.4957,En riesgo
USR_1641,8321653.15,0.9102,4,0.7182,1.0886,En observación
USR_1642,14927682.99,0.8032,14,0.8761,0.5292,En riesgo
USR_1643,3182333.64,0.9129,7,0.3364,1.0098,En riesgo
USR_1644,2236772.49,0.318,11,0.8439,0.7268,En observación
USR_1645,5249070.56,0.6397,0,0.2753,0.8613,En riesgo
USR_1646,10322124.9,0.8815,5,0.6836,1.0993,En riesgo
USR_1647,8007902.62,0.1652,7,0.3531,0.9693,En observación
USR_1648,5146257.38,0.5996,4,0.3689,1.0962,En riesgo
USR_1649,2362145.67,0.5249,13,0.211,0.5897,En observación
USR_1650,6297838.83,0.5644,11,0.7213,1.0278,En observación
USR_1651,6851910.51,0.6317,6,0.6537,0.4177,En riesgo
USR_1652,14260358.99,0.8643,7,0.834,0.3535,En riesgo
USR_1653,5455771.14,0.2881,5,0.6748,1.1845,En riesgo
USR_1654,11789535.72,0.5754,13,0.5209,1.233,En riesgo
USR_1655,12664302.46,0.4993,7,0.885,0.4167,En observación
USR_1656,7157560.16,0.0623,6,0.2547,0.6573,Saludable
USR_1657,10802433.51,0.9532,3,0.2934,1.1916,En riesgo
USR_1658,6611338.84,0.5594,14,0.2495,0.5847,En observación
USR_1659,10423414.19,0.3103,14,0.3341,0.6335,En observación
USR_1660,7931982.93,0.9055,5,0.3762,0.478,En riesgo
USR_1661,11885341.63,0.3217,3,0.8995,1.1497,En riesgo
USR_1662,10265371.98,0.8451,13,0.6208,1.2248,En riesgo
USR_1663,4353647.04,0.4937,1,0.6478,0.5435,En riesgo
USR_1664,6537595.71,0.9733,10,0.3819,0.4902,En riesgo
USR_1665,7531471.95,0.6136,1,0.6989,1.2117,En riesgo
USR_1666,13413840.09,0.2817,12,0.748,0.6668,Saludable
USR_1667,4957110.16,0.4543,1,0.5247,0.5083,En observación
USR_1668,9585520.09,0.759,12,0.2318,0.4496,En riesgo
USR_1669,6504301.53,0.131,2,0.2254,0.5246,En observación
USR_1670,13696487.65,0.5445,5,0.6686,1.212,En riesgo
USR_1671,14618136.2,0.4971,9,0.4164,0.8315,En observación
USR_1672,3184712.82,0.825,4,0.236,0.9081,En riesgo
USR_1673,10060388.62,0.6653,7,0.4894,1.1564,En riesgo
USR_1674,11820525.61,0.242,10,0.8671,0.36,Saludable
USR_1675,6600648.47,0.4875,2,0.6453,0.8367,Saludable
USR_1676,11538249.63,0.2351,11,0.6186,0.4921,Saludable
USR_1677,4245708.58,0.0473,6,0.4987,0.7139,Saludable
USR_1678,11940324.25,0.2823,1,0.5076,1.0849,Saludable
USR_1679,14672548.09,0.2398,4,0.8424,0.3796,Saludable
USR_1680,13590563.66,0.3992,7,0.3597,0.37,En observación
USR_1681,8590153.43,0.9903,15,0.3666,1.1375,En riesgo
USR_1682,13045034.23,0.372,9,0.21,0.4182,En observación
USR_1683,13306825.43,0.8366,14,0.4681,0.4519,En riesgo
USR_1684,3679073.16,0.6698,1,0.6239,0.5427,En riesgo
USR_1685,8455321.21,0.2335,5,0.2024,1.2173,En riesgo
USR_1686,5407084.43,0.2215,3,0.4333,0.7401,En observación
USR_1687,9693740.19,0.0703,2,0.5573,0.6812,En observación
USR_1688,9545220.45,0.7006,5,0.5656,1.2273,En riesgo
USR_1689,2093381.17,0.1132,12,0.4308,0.8323,Saludable
USR_1690,2391446.32,0.2302,6,0.7759,0.8935,En observación
USR_1691,14963354.78,0.7869,15,0.7991,0.4092,En riesgo
USR_1692,10228442.96,0.607,15,0.3611,1.2049,Saludable
USR_1693,10030570.82,0.2268,12,0.7172,1.0498,En riesgo
USR_1694,3185631.97,0.0991,3,0.7842,1.071,En riesgo
USR_1695,12432042.27,0.5184,3,0.3569,0.9677,En observación
USR_1696,13799878.01,0.437,14,0.7982,0.3812,En observación
USR_1697,12842955.17,0.2933,8,0.7707,1.1975,En riesgo
USR_1698,9772064.53,0.4814,14,0.3508,0.8376,En observación
USR_1699,12698033.1,0.3235,12,0.5521,0.6843,En observación
USR_1700,3079881.18,0.3568,5,0.7472,0.9993,En observación
USR_1701,2974242.05,0.9849,6,0.4913,0.803,En riesgo
USR_1702,10834724.07,0.4673,12,0.4,0.4224,En observación
USR_1703,11675843.52,0.5955,4,0.5073,1.1866,En riesgo
USR_1704,11329988.04,0.6679,15,0.7609,0.6488,En riesgo
USR_1705,11662310.77,0.0337,6,0.5947,0.5047,Saludable
USR_1706,13838836.84,0.9232,8,0.2441,1.1733,En riesgo
USR_1707,9046295.71,0.3851,0,0.302,0.3041,En observación
USR_1708,14183828.49,0.8293,4,0.3895,0.9018,En riesgo
USR_1709,14033497.35,0.8567,4,0.28,0.9015,En observación
USR_1710,6737326.38,0.1908,7,0.4127,0.6237,Saludable
USR_1711,14857761.58,0.1339,6,0.8562,0.577,Saludable
USR_1712,5801191.8,0.1263,6,0.2781,0.7162,Saludable
USR_1713,12102369.31,0.4387,1,0.5172,0.8664,En observación
USR_1714,10636786.44,0.0618,1,0.7752,0.8659,En observación
USR_1715,5347307.79,0.2951,3,0.229,0.5654,Saludable
USR_1716,3668526.6,0.6498,10,0.844,0.3464,En riesgo
USR_1717,5928036.91,0.0228,7,0.2464,0.5292,Saludable
USR_1718,13386308.15,0.8245,14,0.4918,1.1389,En riesgo
USR_1719,9798380.26,0.7368,9,0.3478,1.2527,En riesgo
USR_1720,12013782.79,0.1975,3,0.8431,0.8764,En observación
USR_1721,10948033.1,0.417,5,0.6597,0.5448,En riesgo
USR_1722,11152653.57,0.3596,2,0.3458,1.0939,En riesgo
USR_1723,14284646.71,0.8911,4,0.5032,0.7448,En riesgo
USR_1724,14845488.65,0.1932,11,0.8486,0.836,En riesgo
USR_1725,8306153.78,0.042,15,0.5266,1.1648,En riesgo
USR_1726,2494417.02,0.6531,7,0.7918,0.9092,En riesgo
USR_1727,9611122.03,0.2965,11,0.4158,0.9183,En observación
USR_1728,8176999.2,0.3233,7,0.3976,0.9705,En observación
USR_1729,4205979.31,0.6767,15,0.3674,1.1846,En riesgo
USR_1730,11882999.26,0.0746,1,0.8781,0.9505,En observación
USR_1731,10526245.16,0.625,9,0.747,0.7575,En riesgo
USR_1732,5635514.59,0.8815,5,0.5665,0.4284,En riesgo
USR_1733,6160930.73,0.0634,3,0.6615,1.0326,En riesgo
USR_1734,1742310.1,0.6046,4,0.2949,0.6842,En riesgo
USR_1735,2798978.32,0.2002,13,0.7921,0.9655,En observación
USR_1736,9213602.31,0.8431,6,0.3404,0.6439,En riesgo
USR_1737,12864341.03,0.0879,11,0.2819,0.6815,Saludable
USR_1738,4422207.24,0.1005,11,0.7261,1.085,En riesgo
USR_1739,4369096.56,0.9729,11,0.7812,0.3688,En riesgo
USR_1740,12103705.61,0.7833,6,0.4835,0.3253,En riesgo
USR_1741,9519969.48,0.2897,9,0.8657,0.4049,Saludable
USR_1742,1760380.94,0.9736,15,0.6988,0.9457,En riesgo
USR_1743,3755976.91,0.2061,8,0.2203,0.8213,Saludable
USR_1744,7701345.88,0.3069,13,0.6247,0.7099,En observación
USR_1745,5513607.57,0.9111,8,0.8826,0.9119,En riesgo
USR_1746,3564828.24,0.9958,8,0.7359,1.1189,En riesgo
USR_1747,2923674.44,0.9769,8,0.5724,0.5887,En riesgo
USR_1748,2958421.23,0.2959,15,0.494,0.5059,Saludable
USR_1749,7046734.45,0.6639,0,0.5211,0.9284,En riesgo
USR_1750,10963931.96,0.8893,7,0.2439,1.2647,En riesgo
USR_1751,1512177.49,0.59,9,0.7711,0.3364,En observación
USR_1752,1248186.27,0.7278,13,0.593,0.7821,En riesgo
USR_1753,1819170.99,0.562,12,0.3721,0.4862,En observación
USR_1754,11191017.15,0.3532,9,0.2931,0.4397,En observación
USR_1755,1828251.9,0.5413,9,0.4064,1.2055,En riesgo
USR_1756,7291380.72,0.2926,12,0.4534,0.6143,Saludable
USR_1757,11027103.27,0.1616,13,0.5711,0.8208,Saludable
USR_1758,10641468.54,0.0445,1,0.671,0.7974,En observación
USR_1759,11113815.14,0.8241,12,0.6833,0.702,En riesgo
USR_1760,8261826.04,0.7624,10,0.4416,0.6745,En observación
USR_1761,13073067.84,0.5154,6,0.3348,1.0709,En riesgo
USR_1762,3502012.6,0.7992,15,0.325,0.7044,En riesgo
USR_1763,8028779.14,0.9657,3,0.807,0.4616,En riesgo
USR_1764,9914369.52,0.9233,1,0.4751,1.0017,En riesgo
USR_1765,1428013.67,0.1462,15,0.3114,1.0978,En riesgo
USR_1766,6127087.73,0.9361,2,0.6421,0.6981,Saludable
USR_1767,2860507.87,0.2937,4,0.3799,0.9071,En observación
USR_1768,12488336.25,0.0936,9,0.6227,0.9937,En observación
USR_1769,6573906.89,0.0291,7,0.4654,1.2145,En riesgo
USR_1770,5956007.44,0.7127,4,0.6792,1.1445,En riesgo
USR_1771,9487538.1,0.1344,8,0.3849,0.603,Saludable
USR_1772,8868611.82,0.876,12,0.4339,0.651,En riesgo
USR_1773,1912115.09,0.1191,9,0.7358,0.3815,Saludable
USR_1774,1757515.59,0.33,15,0.6869,0.9203,En observación
USR_1775,10100755.22,0.3744,3,0.7502,0.7597,En observación
USR_1776,1468399.55,0.1721,1,0.3741,0.4681,En observación
USR_1777,11333689.33,0.5381,9,0.2972,0.4848,En observación
USR_1778,8492863.09,0.9752,8,0.522,0.9238,En riesgo
USR_1779,6399394.81,0.0777,10,0.6528,0.4712,Saludable
USR_1780,9903872.81,0.5962,0,0.457,0.4249,En observación
USR_1781,6786683.45,0.0397,8,0.6011,0.7709,Saludable
USR_1782,10408632.11,0.9564,4,0.5661,0.809,En riesgo
USR_1783,5563257.1,0.8302,3,0.4203,1.0334,En riesgo
USR_1784,11389676.89,0.987,11,0.6846,0.6782,Saludable
USR_1785,5075877.2,0.6633,12,0.4011,0.4549,En riesgo
USR_1786,6037040.21,0.7922,4,0.8344,1.0569,En riesgo
USR_1787,14743462.42,0.7748,14,0.3366,0.334,En riesgo
USR_1788,7095406.08,0.5777,12,0.5049,0.8163,En observación
USR_1789,2534733.7,0.7438,6,0.5379,0.8153,En riesgo
USR_1790,1218849.78,0.6159,12,0.4393,1.2576,En riesgo
USR_1791,4090664.36,0.0383,11,0.5129,0.8303,Saludable
USR_1792,8705888.55,0.177,6,0.8657,0.805,Saludable
USR_1793,7711869.3,0.4491,3,0.7082,0.6812,En observación
USR_1794,8411118.67,0.2915,1,0.3492,1.1674,En riesgo
USR_1795,9464405.69,0.7637,14,0.8146,1.2013,En riesgo
USR_1796,8878931.61,0.6848,6,0.4823,0.7708,En riesgo
USR_1797,13555989.29,0.5599,8,0.8347,0.4814,En observación
USR_1798,6066499.92,0.3311,14,0.838,1.1426,En riesgo
USR_1799,9297977.62,0.3771,11,0.4465,0.7472,En observación
USR_1800,6454185.23,0.1207,4,0.852,1.1216,En riesgo
USR_1801,10008203.55,0.1368,6,0.4285,0.3503,Saludable
USR_1802,6779572.03,0.984,4,0.8951,0.6663,En riesgo
USR_1803,7460643.89,0.7117,8,0.4082,1.2057,En riesgo
USR_1804,6805142.77,0.208,4,0.6822,0.4332,Saludable
USR_1805,8128491.23,0.7808,1,0.2725,1.2028,En riesgo
USR_1806,4850340.26,0.1706,15,0.4206,1.0209,En riesgo
USR_1807,11996647.97,0.9339,8,0.8387,0.9732,En riesgo
USR_1808,8734703.77,0.3743,5,0.2022,0.5821,En observación
USR_1809,8628225.91,0.1783,15,0.5394,0.6499,Saludable
USR_1810,12092918.16,0.0995,0,0.5911,0.3028,En observación
USR_1811,6246667.32,0.1388,4,0.7221,0.3845,Saludable
USR_1812,11425191.63,0.6754,15,0.8476,0.354,En riesgo
USR_1813,13142755.09,0.5114,14,0.5257,1.2184,En riesgo
USR_1814,12090248.74,0.2871,7,0.8954,1.1811,En riesgo
USR_1815,8601351.59,0.9904,4,0.4306,0.9872,En riesgo
USR_1816,12931432.82,0.3222,4,0.7323,0.8843,En observación
USR_1817,1725679.42,0.8774,8,0.6581,0.9252,En riesgo
USR_1818,13677899.78,0.9073,8,0.3544,0.8326,En riesgo
USR_1819,4295376.25,0.2597,0,0.4879,0.9835,En observación
USR_1820,4357599.75,0.998,3,0.5608,0.7661,En riesgo
USR_1821,13374356.94,0.6886,1,0.7324,1.251,En riesgo
USR_1822,10114533.36,0.6776,3,0.2627,1.1806,En riesgo
USR_1823,13574266.66,0.8717,10,0.673,0.523,En riesgo
USR_1824,5102518.63,0.4276,7,0.2095,0.625,En observación
USR_1825,14065637.55,0.304,15,0.6827,0.7242,En observación
USR_1826,4364844.69,0.4302,14,0.551,1.1821,En riesgo
USR_1827,1755317.82,0.9222,8,0.8234,0.6748,En riesgo
USR_1828,3815351.22,0.015,13,0.3232,1.218,En riesgo
USR_1829,4588139.99,0.2441,11,0.6846,1.1189,En riesgo
USR_1830,13447002.15,0.5491,6,0.3032,0.8477,En observación
USR_1831,11015120.17,0.8606,9,0.8198,0.9181,En riesgo
USR_1832,6488661.55,0.6658,10,0.6968,1.2927,En riesgo
USR_1833,11367296.21,0.0167,6,0.7251,0.8347,Saludable
USR_1834,5784894.09,0.4372,3,0.3564,1.2422,En riesgo
USR_1835,10813997.25,0.2368,3,0.2085,0.6323,En riesgo
USR_1836,6630499.0,0.4637,3,0.2339,0.5839,En observación
USR_1837,9881886.63,0.5842,1,0.5548,1.1258,En riesgo
USR_1838,12735933.19,0.8296,11,0.3084,0.3753,En riesgo
USR_1839,10045308.66,0.8153,14,0.8951,1.0705,En riesgo
USR_1840,8339846.53,0.3893,1,0.8951,0.4832,En observación
USR_1841,4160015.47,0.2889,0,0.7695,0.3714,En observación
USR_1842,2400693.39,0.6598,1,0.8794,0.9956,En riesgo
USR_1843,14237275.77,0.3166,11,0.3975,0.3883,En observación
USR_1844,14593985.44,0.3951,0,0.8485,0.6368,En observación
USR_1845,11080232.88,0.4829,6,0.3076,0.3948,En observación
USR_1846,13301240.26,0.0311,12,0.8368,0.594,En observación
USR_1847,6328150.37,0.1021,2,0.5942,1.0111,En riesgo
USR_1848,6967326.44,0.0663,6,0.2988,1.0693,En riesgo
USR_1849,13799856.75,0.0785,5,0.7093,0.924,En observación
USR_1850,4498443.52,0.6028,1,0.2239,1.0627,En riesgo
USR_1851,1660143.03,0.4553,6,0.4698,0.6453,En observación
USR_1852,9369221.78,0.8563,6,0.7408,0.7811,En riesgo
USR_1853,12087625.02,0.0735,4,0.2493,1.2017,En riesgo
USR_1854,3458133.92,0.3372,12,0.3096,0.9412,En observación
USR_1855,6706102.25,0.8256,13,0.3118,0.7795,En riesgo
USR_1856,7844770.29,0.3046,11,0.2869,1.2438,En riesgo
USR_1857,5906409.07,0.7132,0,0.2261,1.1939,En riesgo
USR_1858,13589645.1,0.1071,5,0.612,0.5578,Saludable
USR_1859,10719952.48,0.309,9,0.8873,1.0971,En riesgo
USR_1860,11926983.19,0.3427,1,0.5558,0.5037,En observación
USR_1861,11732020.22,0.2414,7,0.8133,0.301,Saludable
USR_1862,14668557.5,0.3592,5,0.732,0.6865,En observación
USR_1863,11595218.83,0.9567,5,0.239,1.2183,En riesgo
USR_1864,2895580.23,0.6209,6,0.603,0.851,En observación
USR_1865,14449477.14,0.5522,10,0.3602,0.5627,En observación
USR_1866,2369821.24,0.9753,3,0.4659,0.8985,En riesgo
USR_1867,9206591.13,0.6364,12,0.3942,1.0103,En riesgo
USR_1868,9858591.28,0.012,7,0.2295,0.3726,Saludable
USR_1869,4558689.25,0.0195,7,0.268,1.2752,En riesgo
USR_1870,4468087.22,0.6279,9,0.7539,0.6054,En riesgo
USR_1871,13962315.61,0.3296,2,0.3143,0.3223,En riesgo
USR_1872,13732454.25,0.5754,12,0.6699,0.4945,En observación
USR_1873,3960671.14,0.4696,2,0.7426,1.0557,En riesgo
USR_1874,9539590.26,0.2093,1,0.6465,0.9868,En observación
USR_1875,2007013.84,0.4186,9,0.6385,1.2618,En riesgo
USR_1876,7429180.6,0.5607,8,0.3133,0.8352,En observación
USR_1877,13795154.75,0.0156,3,0.2093,1.2989,En riesgo
USR_1878,9225910.71,0.181,3,0.7616,0.5818,Saludable
USR_1879,9834290.33,0.4112,14,0.7011,0.6096,En observación
USR_1880,2007181.01,0.4863,10,0.437,1.0935,En riesgo
USR_1881,4128062.68,0.7384,4,0.8754,0.5662,En riesgo
USR_1882,5836339.69,0.3292,6,0.3233,1.2722,En riesgo
USR_1883,9690662.08,0.1643,5,0.8264,0.4853,Saludable
USR_1884,1740980.69,0.1584,0,0.6225,0.9869,En observación
USR_1885,6630493.37,0.7739,10,0.5484,0.6325,En riesgo
USR_1886,9903747.38,0.0437,3,0.6768,0.5238,Saludable
USR_1887,8584796.76,0.5625,7,0.3249,0.5267,En observación
USR_1888,7038213.2,0.5867,14,0.7201,0.4364,En observación
USR_1889,9789835.87,0.3247,13,0.5442,0.624,En observación
USR_1890,13125799.4,0.7756,7,0.6022,0.4239,En riesgo
USR_1891,3558011.99,0.9891,15,0.4111,1.1676,En riesgo
USR_1892,8173268.06,0.8856,3,0.3078,1.1399,En riesgo
USR_1893,2081011.03,0.2898,1,0.8351,0.9368,En observación
USR_1894,7254182.84,0.9822,12,0.8535,0.6105,En riesgo
USR_1895,6174339.54,0.4732,5,0.6237,1.2218,En riesgo
USR_1896,3438107.21,0.139,10,0.7059,0.3868,Saludable
USR_1897,1498641.52,0.594,5,0.4866,0.7659,En observación
USR_1898,3552691.12,0.0415,0,0.7052,0.4725,En observación
USR_1899,1589026.35,0.4083,13,0.3844,0.6746,En observación
USR_1900,14081497.25,0.3521,10,0.6778,1.2842,En riesgo
USR_1901,13697067.27,0.8717,13,0.5172,0.5529,En riesgo
USR_1902,12383694.06,0.0285,7,0.8677,0.7508,Saludable
USR_1903,2991316.71,0.1098,8,0.4185,0.5657,Saludable
USR_1904,2016354.12,0.7665,11,0.7078,0.5023,En riesgo
USR_1905,10718901.29,0.0107,13,0.321,1.123,En riesgo
USR_1906,12217149.42,0.7774,8,0.4466,0.7989,En riesgo
USR_1907,14296266.06,0.941,1,0.525,0.4793,En riesgo
USR_1908,13399239.81,0.338,10,0.289,0.838,En observación
USR_1909,4616356.52,0.0924,2,0.3208,1.0515,En riesgo
USR_1910,12120807.66,0.1452,11,0.4609,1.232,En riesgo
USR_1911,13300848.0,0.3943,6,0.2994,1.0518,En riesgo
USR_1912,9228644.52,0.1187,11,0.5489,0.4873,Saludable
USR_1913,9946277.14,0.5904,4,0.2356,0.7776,En observación
USR_1914,13708970.42,0.0023,10,0.3458,0.5762,Saludable
USR_1915,11021757.97,0.6063,12,0.7524,1.0765,En riesgo
USR_1916,11958176.69,0.361,15,0.2667,0.557,En observación
USR_1917,14403401.4,0.3104,10,0.4354,0.8859,En observación
USR_1918,8379854.52,0.3194,2,0.49,0.7337,En observación
USR_1919,6876502.91,0.5037,13,0.2902,1.0528,En riesgo
USR_1920,1838615.85,0.1506,11,0.2842,0.4247,Saludable
USR_1921,14280506.25,0.8194,15,0.7505,1.2127,En riesgo
USR_1922,7918435.69,0.8045,4,0.7281,0.5321,En riesgo
USR_1923,3506323.09,0.7596,8,0.8723,0.6435,En riesgo
USR_1924,14592721.85,0.5832,15,0.6886,0.8309,En observación
USR_1925,14570449.31,0.9031,8,0.6962,1.2562,En riesgo
USR_1926,9824815.77,0.1884,9,0.6636,0.8011,Saludable
USR_1927,10293521.69,0.6861,8,0.3979,0.607,En riesgo
USR_1928,4226101.92,0.7924,13,0.5865,0.8858,En observación
USR_1929,5373884.24,0.6398,15,0.2432,0.3393,En riesgo
USR_1930,9016171.37,0.8871,3,0.677,1.2377,En riesgo
USR_1931,4123758.25,0.256,15,0.3045,0.476,En riesgo
USR_1932,5088671.31,0.2068,9,0.5904,0.6311,Saludable
USR_1933,5946965.07,0.2903,9,0.8213,0.9702,En observación
USR_1934,14977290.05,0.1687,9,0.4061,0.8287,Saludable
USR_1935,12793741.01,0.0682,8,0.3985,1.2152,En riesgo
USR_1936,7588126.1,0.6471,7,0.6524,1.2233,En riesgo
USR_1937,3531567.99,0.7514,6,0.6067,1.1611,En riesgo
USR_1938,11105894.09,0.2817,12,0.2031,0.8202,Saludable
USR_1939,4196718.99,0.7435,9,0.2767,1.2555,En riesgo
USR_1940,8418337.81,0.9132,15,0.6413,0.3144,En riesgo
USR_1941,12901883.76,0.723,13,0.886,0.5465,En riesgo
USR_1942,14285895.34,0.6887,4,0.8808,1.1571,En riesgo
USR_1943,11319204.6,0.9337,13,0.4176,0.5431,En riesgo
USR_1944,9094970.7,0.8028,0,0.2128,0.6611,En riesgo
USR_1945,1468170.88,0.9971,8,0.7192,0.4475,En riesgo
USR_1946,4276664.53,0.4246,4,0.6252,0.4602,En observación
USR_1947,11944065.35,0.2993,13,0.8032,0.4148,Saludable
USR_1948,13201489.23,0.5994,10,0.5383,0.6593,En observación
USR_1949,5692148.15,0.2676,6,0.6988,0.7161,Saludable
USR_1950,13814134.18,0.8242,6,0.2483,1.0013,En riesgo
USR_1951,8353344.07,0.4964,13,0.3619,0.6675,En observación
USR_1952,8199248.05,0.2327,13,0.8164,1.0288,En riesgo
USR_1953,2637556.03,0.8315,15,0.6994,0.6616,Saludable
USR_1954,4239672.91,0.5073,8,0.7227,1.0202,En riesgo
USR_1955,10301375.37,0.7662,0,0.7951,0.5471,En riesgo
USR_1956,3618734.31,0.8494,9,0.7102,0.7272,En riesgo
USR_1957,1542714.82,0.066,2,0.8871,0.6598,En observación
USR_1958,6271856.52,0.9814,11,0.3797,0.321,En riesgo
USR_1959,4966777.17,0.4491,0,0.2972,0.8593,En observación
USR_1960,10379737.51,0.9371,15,0.6326,0.3528,En riesgo
USR_1961,11423904.29,0.1101,11,0.6818,1.0549,En riesgo
USR_1962,5650585.41,0.7293,0,0.6852,0.5617,En riesgo
USR_1963,13961807.87,0.1795,10,0.3868,0.4986,Saludable
USR_1964,12772340.82,0.6965,1,0.7825,0.5623,En riesgo
USR_1965,13409153.56,0.6915,2,0.4567,1.0619,En riesgo
USR_1966,3850464.09,0.3151,14,0.4606,0.9004,En observación
USR_1967,7855101.59,0.1987,10,0.8583,0.9459,En observación
USR_1968,2592640.57,0.9717,5,0.339,0.4103,En observación
USR_1969,9162208.84,0.08,9,0.3456,0.9431,En observación
USR_1970,9715331.31,0.7984,11,0.3116,0.4761,En riesgo
USR_1971,13878950.7,0.1106,4,0.4493,0.8046,Saludable
USR_1972,9274437.76,0.9884,10,0.7083,0.7888,En riesgo
USR_1973,13068688.34,0.1204,3,0.7602,1.1882,En riesgo
USR_1974,5819775.52,0.5076,6,0.6726,0.8606,En observación
USR_1975,6104913.72,0.5689,1,0.8798,1.296,En riesgo
USR_1976,4522274.75,0.9004,12,0.7964,0.6811,En riesgo
USR_1977,11522450.36,0.1752,8,0.3842,0.9732,En observación
USR_1978,3658173.41,0.0934,6,0.3494,0.7744,Saludable
USR_1979,13113625.1,0.1742,14,0.272,0.7469,En observación
USR_1980,14195936.51,0.397,4,0.5293,0.73,En observación
USR_1981,9108375.09,0.0906,0,0.25,1.2823,En riesgo
USR_1982,14312616.71,0.8521,10,0.2123,0.9305,En riesgo
USR_1983,10149070.12,0.5837,11,0.7708,0.9145,En observación
USR_1984,2552831.66,0.8953,1,0.6587,1.1955,En riesgo
USR_1985,12934941.85,0.9807,8,0.4948,0.8343,En riesgo
USR_1986,10905720.52,0.695,9,0.2528,0.349,En riesgo
USR_1987,12758874.03,0.4897,1,0.4733,0.637,En observación
USR_1988,8426186.1,0.87,8,0.2614,1.1615,En riesgo
USR_1989,12143575.6,0.3155,6,0.8276,1.2122,En riesgo
USR_1990,2047560.69,0.5218,10,0.3358,1.1468,En riesgo
USR_1991,9080191.8,0.6336,13,0.7819,0.9743,En riesgo
USR_1992,1294115.24,0.6279,15,0.7914,1.0313,En riesgo
USR_1993,11330247.64,0.1054,13,0.648,1.267,En riesgo
USR_1994,3665339.47,0.6231,13,0.3679,1.2702,En riesgo
USR_1995,9442615.79,0.2373,14,0.8737,0.6194,Saludable
USR_1996,6600133.8,0.1537,13,0.8634,1.0211,En riesgo
USR_1997,2336861.28,0.6706,11,0.6084,0.6743,En observación
USR_1998,13400778.52,0.6677,7,0.2069,1.2687,En riesgo
USR_1999,11571578.12,0.1589,9,0.4512,0.8517,En observación
USR_2000,5071702.02,0.9865,0,0.8595,0.9766,En riesgo
USR_2001,4138923.21,0.3601,2,0.6955,0.5175,En observación
USR_2002,11025388.11,0.9143,0,0.8236,0.3814,En riesgo
USR_2003,7634333.55,0.7756,7,0.7829,0.5788,En riesgo
USR_2004,9771792.57,0.4796,0,0.3261,0.6421,En observación
USR_2005,4424922.49,0.9627,14,0.7117,0.4777,En riesgo
USR_2006,14974596.32,0.8237,15,0.4652,0.4994,En riesgo
USR_2007,14600821.18,0.5173,2,0.7286,0.3184,En observación
USR_2008,3071569.24,0.365,15,0.8384,0.6632,En observación
USR_2009,11891165.88,0.7523,12,0.3514,0.7838,En riesgo
USR_2010,7435020.48,0.7249,1,0.4754,1.1457,En riesgo
USR_2011,1847965.74,0.782,14,0.8168,0.4814,En riesgo
USR_2012,11181207.98,0.9368,3,0.5813,0.6315,En riesgo
USR_2013,3618139.68,0.7685,6,0.8893,0.5888,En riesgo
USR_2014,12048773.15,0.2346,11,0.2318,1.1386,En riesgo
USR_2015,14853099.21,0.4725,5,0.2348,0.5664,En observación
USR_2016,11113788.76,0.5701,5,0.3609,0.4049,En observación
USR_2017,1575872.02,0.2924,13,0.8315,1.1566,En riesgo
USR_2018,6844161.16,0.0222,1,0.5087,0.4033,En riesgo
USR_2019,4796645.88,0.0483,5,0.6034,0.6511,Saludable
USR_2020,9859346.5,0.18,8,0.7877,1.08,En riesgo
USR_2021,2072905.63,0.3649,6,0.8298,1.0814,En observación
USR_2022,1804218.11,0.693,11,0.8847,1.2975,En riesgo
USR_2023,11891066.7,0.4043,9,0.6517,0.6657,En observación
USR_2024,9482790.47,0.2165,5,0.2085,0.8205,Saludable
USR_2025,14778209.18,0.5231,11,0.377,0.8394,En observación
USR_2026,8493201.88,0.4215,5,0.8618,1.0294,En riesgo
USR_2027,8902369.65,0.5907,3,0.8093,0.5907,En riesgo
USR_2028,12337692.36,0.1137,3,0.386,1.136,En riesgo
USR_2029,13671735.24,0.539,5,0.6663,0.8877,En observación
USR_2030,9789508.5,0.255,4,0.5008,0.7653,Saludable
USR_2031,13437976.15,0.1611,14,0.7797,1.1888,En riesgo
USR_2032,1280126.4,0.8135,9,0.2079,0.5272,En riesgo
USR_2033,5791419.83,0.0316,3,0.4835,0.8128,Saludable
USR_2034,11223124.53,0.4763,15,0.8611,0.3027,En observación
USR_2035,12176220.7,0.3536,9,0.4173,0.7711,En observación
USR_2036,4431418.21,0.9891,11,0.7243,0.5459,En riesgo
USR_2037,5640433.87,0.3084,1,0.4107,0.869,En observación
USR_2038,9732720.52,0.07,1,0.4844,0.6897,En observación
USR_2039,7942419.8,0.4169,12,0.7553,1.0039,En riesgo
USR_2040,12125092.38,0.7819,14,0.4943,0.9678,En riesgo
USR_2041,2011502.57,0.5295,13,0.2777,0.5896,En observación
USR_2042,13232242.75,0.8471,15,0.8273,0.4394,En riesgo
USR_2043,11198415.17,0.5145,12,0.2153,0.5234,En observación
USR_2044,9540363.09,0.9042,6,0.5648,1.2905,En riesgo
USR_2045,8227357.63,0.1159,12,0.486,0.5592,Saludable
USR_2046,10840744.56,0.7582,11,0.2684,0.7686,En riesgo
USR_2047,2324068.16,0.6821,0,0.4973,1.2923,Saludable
USR_2048,11417437.61,0.7763,14,0.8457,0.9273,En riesgo
USR_2049,3208033.11,0.4364,12,0.869,0.7261,En observación
USR_2050,3776487.39,0.5133,4,0.2414,1.2838,En observación
USR_2051,13037185.88,0.6603,4,0.295,1.1782,En riesgo
USR_2052,14385139.76,0.0012,12,0.5832,0.5154,Saludable
USR_2053,13070837.79,0.4457,9,0.8653,0.5108,En observación
USR_2054,3670769.09,0.2419,3,0.7577,0.8863,En observación
USR_2055,4698833.54,0.8178,10,0.4733,0.3466,En riesgo
USR_2056,8246857.51,0.126,8,0.725,0.742,Saludable
USR_2057,3283464.4,0.8064,15,0.2703,1.2448,En riesgo
USR_2058,12181311.47,0.7777,1,0.8319,0.7831,Saludable
USR_2059,5077262.53,0.7164,14,0.4536,1.2134,En riesgo
USR_2060,7771469.8,0.9206,12,0.5427,0.3893,En riesgo
USR_2061,11505148.38,0.8475,14,0.4422,0.5181,Saludable
USR_2062,4995093.37,0.6731,15,0.2,1.2318,En riesgo
USR_2063,8795288.65,0.6203,8,0.4653,0.3606,En riesgo
USR_2064,6968320.76,0.6688,13,0.6076,0.4711,Saludable
USR_2065,13807163.27,0.6816,7,0.3135,0.8472,En riesgo
USR_2066,10300252.14,0.9619,1,0.6413,1.1068,En riesgo
USR_2067,14535087.78,0.4546,3,0.6403,0.4424,En observación
USR_2068,1746255.47,0.7014,12,0.879,1.2876,En riesgo
USR_2069,10064565.57,0.887,13,0.4954,0.5661,En observación
USR_2070,7282341.73,0.8441,13,0.4944,0.8896,En riesgo
USR_2071,9532677.62,0.292,11,0.7237,0.7921,Saludable
USR_2072,5368606.03,0.582,2,0.6641,0.6823,En observación
USR_2073,6916570.67,0.348,2,0.787,0.4813,En observación
USR_2074,9557436.04,0.4389,14,0.4623,1.0646,En riesgo
USR_2075,1289925.16,0.477,3,0.7845,1.2429,En riesgo
USR_2076,7445879.38,0.5001,11,0.5965,1.0998,Saludable
USR_2077,14734249.61,0.7056,4,0.5031,0.9551,En riesgo
USR_2078,10721253.57,0.0065,15,0.5067,1.2601,En riesgo
USR_2079,4950753.79,0.7446,6,0.7332,0.8748,En riesgo
USR_2080,10871018.77,0.4178,13,0.5642,0.8288,En observación
USR_2081,12200915.26,0.9683,15,0.5331,1.1473,En riesgo
USR_2082,7741635.84,0.5568,0,0.6987,0.8218,En observación
USR_2083,3429030.13,0.3842,15,0.2499,0.8758,En observación
USR_2084,14683315.66,0.9743,4,0.7093,0.4437,En riesgo
USR_2085,3443691.1,0.1628,1,0.5417,0.5279,En observación
USR_2086,11705447.08,0.2628,11,0.8412,0.8859,En observación
USR_2087,4099624.07,0.2841,3,0.6232,0.4573,Saludable
USR_2088,13594523.68,0.4651,14,0.3563,0.9862,En observación
USR_2089,11111739.96,0.2749,6,0.7055,0.3805,Saludable
USR_2090,10079810.71,0.9215,11,0.8022,0.4985,Saludable
USR_2091,1247864.74,0.8708,11,0.4651,0.3858,En riesgo
USR_2092,13086182.83,0.6217,9,0.8246,0.9169,En riesgo
USR_2093,8476556.79,0.3256,8,0.3133,0.6288,En observación
USR_2094,12505815.67,0.1607,13,0.5583,0.7167,Saludable
USR_2095,12091829.36,0.4248,8,0.383,0.7135,En observación
USR_2096,13315345.85,0.7862,2,0.7032,0.6131,En riesgo
USR_2097,1667052.32,0.8106,10,0.5218,0.454,En riesgo
USR_2098,5557592.32,0.8576,2,0.5655,0.9531,En riesgo
USR_2099,3565777.35,0.3716,11,0.8886,0.4901,En observación
USR_2100,7396817.22,0.9182,1,0.8288,0.6174,En riesgo
USR_2101,14483505.83,0.8124,1,0.7412,0.7625,En riesgo
USR_2102,4013598.12,0.024,13,0.2571,0.5326,Saludable
USR_2103,14479210.98,0.5007,7,0.3921,0.4319,En observación
USR_2104,14240347.98,0.1316,5,0.4449,0.6077,Saludable
USR_2105,4099034.4,0.1729,6,0.2072,1.0219,En observación
USR_2106,11060115.08,0.4178,10,0.7811,1.2715,En riesgo
USR_2107,6018344.54,0.291,5,0.5894,0.5761,Saludable
USR_2108,9718274.76,0.6481,12,0.8724,0.465,En riesgo
USR_2109,14963878.41,0.3922,11,0.2322,0.5861,En observación
USR_2110,2080835.92,0.9639,1,0.2883,0.7889,En riesgo
USR_2111,8402439.02,0.2019,10,0.3955,0.7682,En riesgo
USR_2112,13797659.03,0.5681,2,0.4153,0.7893,En observación
USR_2113,4299713.45,0.0538,10,0.6937,0.785,Saludable
USR_2114,3459280.54,0.93,0,0.3189,1.2307,En riesgo
USR_2115,7804616.22,0.3404,10,0.6975,1.2043,En riesgo
USR_2116,4668087.68,0.9313,12,0.8456,0.9926,En riesgo
USR_2117,4617516.42,0.185,12,0.4727,0.6893,Saludable
USR_2118,4373411.9,0.2155,6,0.4712,0.9251,En observación
USR_2119,5213867.64,0.0653,4,0.2143,0.8191,Saludable
USR_2120,11721827.88,0.0564,12,0.4737,0.5786,Saludable
USR_2121,9176953.54,0.5228,4,0.412,1.0793,En riesgo
USR_2122,5652740.66,0.43,3,0.8609,0.3586,Saludable
USR_2123,11410740.22,0.7265,9,0.6043,0.5515,En riesgo
USR_2124,5190972.25,0.3673,8,0.4456,1.0689,En riesgo
USR_2125,13113599.15,0.3648,12,0.3613,0.8084,En observación
USR_2126,10303446.59,0.0448,6,0.8261,0.4481,Saludable
USR_2127,9973203.13,0.8901,0,0.7576,0.572,En riesgo
USR_2128,12183914.57,0.5405,1,0.8457,1.0091,En riesgo
USR_2129,12036692.34,0.085,3,0.5388,0.9374,En observación
USR_2130,9698638.31,0.3581,12,0.2303,0.9145,En observación
USR_2131,10768747.88,0.1073,4,0.5634,0.35,Saludable
USR_2132,5183398.27,0.446,4,0.7944,0.8874,En observación
USR_2133,3425067.96,0.0152,9,0.772,0.5377,En observación
USR_2134,11557770.76,0.8786,14,0.2872,1.24,En riesgo
USR_2135,8724617.36,0.6153,12,0.4546,1.0919,En riesgo
USR_2136,5562303.94,0.253,3,0.6766,0.7084,Saludable
USR_2137,8925747.88,0.4158,2,0.4184,1.1559,En riesgo
USR_2138,9034712.36,0.8133,3,0.7055,1.1549,En observación
USR_2139,6543768.2,0.1147,3,0.3784,1.2149,En riesgo
USR_2140,10688083.2,0.7372,2,0.7257,1.0109,En riesgo
USR_2141,4012697.79,0.8469,7,0.4478,0.6293,En riesgo
USR_2142,6294429.31,0.0917,13,0.443,1.1414,En riesgo
USR_2143,1687171.11,0.9747,0,0.6525,1.0619,En riesgo
USR_2144,4389391.21,0.9663,0,0.8896,0.5353,En riesgo
USR_2145,11167437.77,0.435,12,0.4136,0.6312,En observación
USR_2146,2172818.48,0.2835,2,0.6455,0.8756,En observación
USR_2147,8997711.89,0.6151,3,0.7206,1.1329,En riesgo
USR_2148,1401811.79,0.329,4,0.4893,1.0705,En riesgo
USR_2149,14724859.95,0.9511,3,0.5055,0.97,En riesgo
USR_2150,1767011.4,0.3895,12,0.4762,0.7599,En observación
USR_2151,10255223.71,0.2608,5,0.2424,1.218,En riesgo
USR_2152,3568253.16,0.1585,4,0.2747,1.2175,En riesgo
USR_2153,13555515.08,0.9088,0,0.633,0.3686,En riesgo
USR_2154,6453123.2,0.4507,1,0.4331,0.8853,En observación
USR_2155,11955624.15,0.9206,13,0.3106,1.0134,En riesgo
USR_2156,2228816.01,0.4829,8,0.8187,0.8438,En observación
USR_2157,1753863.7,0.9199,12,0.364,0.4458,En riesgo
USR_2158,6223352.56,0.6809,3,0.3729,1.1755,En riesgo
USR_2159,13606076.57,0.4581,15,0.21,1.2607,En riesgo
USR_2160,12637638.98,0.9121,5,0.6625,0.5428,En riesgo
USR_2161,14155048.23,0.0109,14,0.7583,0.5086,Saludable
USR_2162,7985146.64,0.8565,2,0.4882,1.1903,En riesgo
USR_2163,1327704.1,0.9763,5,0.3424,0.5862,En riesgo
USR_2164,12446770.43,0.9158,4,0.4108,0.5451,En riesgo
USR_2165,10172377.93,0.5535,3,0.877,0.3145,En observación
USR_2166,11560470.89,0.5058,5,0.6048,1.2506,En observación
USR_2167,3244348.8,0.9936,8,0.3977,0.4075,En riesgo
USR_2168,7175650.03,0.2145,11,0.6508,0.3916,En observación
USR_2169,1489139.95,0.0508,1,0.7745,1.2441,En riesgo
USR_2170,10291689.76,0.4761,9,0.5614,0.3194,En observación
USR_2171,5098075.38,0.0532,7,0.6114,0.502,Saludable
USR_2172,14580839.06,0.4277,5,0.6221,0.7531,En observación
USR_2173,4271508.94,0.7384,3,0.2771,0.869,En riesgo
USR_2174,4971777.68,0.6158,1,0.725,0.5846,En riesgo
USR_2175,6995384.85,0.3843,2,0.4537,0.6858,En observación
USR_2176,10880747.72,0.0904,14,0.6573,1.2705,En riesgo
USR_2177,9205615.06,0.8212,14,0.6528,0.3156,En riesgo
USR_2178,3687265.19,0.9299,4,0.8759,0.6389,En riesgo
USR_2179,10143926.11,0.5622,3,0.8721,0.987,En observación
USR_2180,14642909.63,0.8489,3,0.36,0.7307,En riesgo
USR_2181,10552765.07,0.1872,4,0.5293,0.4306,Saludable
USR_2182,11064885.5,0.6806,10,0.6549,1.2409,En riesgo
USR_2183,11044472.24,0.7963,2,0.8419,1.0552,En riesgo
USR_2184,10242714.61,0.254,11,0.4971,1.0105,En riesgo
USR_2185,13174106.51,0.9757,3,0.2831,1.0635,En riesgo
USR_2186,3506487.69,0.2529,13,0.8177,0.6608,Saludable
USR_2187,9763626.69,0.666,11,0.8955,1.0379,En riesgo
USR_2188,6616606.13,0.1303,9,0.888,1.1349,En riesgo
USR_2189,7819677.21,0.8793,13,0.73,0.5306,En riesgo
USR_2190,9299072.58,0.1946,2,0.2752,0.5733,En observación
USR_2191,6751389.81,0.7493,13,0.3081,0.4906,En riesgo
USR_2192,2621594.29,0.5621,15,0.3247,0.8871,En observación
USR_2193,14187800.27,0.6108,12,0.5723,0.8736,En riesgo
USR_2194,14943660.33,0.9941,5,0.2076,1.1701,En riesgo
USR_2195,4216932.97,0.4559,8,0.4168,1.1189,En riesgo
USR_2196,10236915.27,0.2802,11,0.6595,0.6905,Saludable
USR_2197,6039890.7,0.4316,7,0.5791,1.108,En observación
USR_2198,14460090.66,0.8729,4,0.6412,0.7366,En riesgo
USR_2199,7501480.05,0.8184,5,0.7089,0.3119,En riesgo
USR_2200,2807793.59,0.9238,4,0.2268,0.3271,En riesgo
USR_2201,2350220.71,0.4376,7,0.6223,0.9948,En observación
USR_2202,6373755.76,0.4304,11,0.4253,0.6355,En observación
USR_2203,10842552.73,0.4737,15,0.6657,0.5347,En observación
USR_2204,11690905.21,0.3253,12,0.5943,0.9691,En observación
USR_2205,5720214.35,0.4094,5,0.2736,0.9838,En observación
USR_2206,11958220.1,0.5515,12,0.3538,0.8075,En observación
USR_2207,1746418.89,0.9048,10,0.8784,0.5234,En riesgo
USR_2208,4241375.16,0.4599,0,0.3946,1.0797,En riesgo
USR_2209,9223385.83,0.9759,0,0.5454,0.3164,Saludable
USR_2210,2336597.42,0.2578,11,0.6978,1.0744,En riesgo
USR_2211,1207037.85,0.505,2,0.8095,0.7598,En observación
USR_2212,5329688.72,0.6293,3,0.4496,1.2406,En riesgo
USR_2213,4518184.13,0.095,13,0.2396,0.892,En observación
USR_2214,3735189.52,0.2289,0,0.2427,1.1573,En riesgo
USR_2215,12468627.49,0.9855,6,0.7581,0.3612,En riesgo
USR_2216,13466796.49,0.9964,6,0.4198,0.4185,En riesgo
USR_2217,7477433.0,0.552,12,0.5653,0.8104,En observación
USR_2218,6183255.62,0.7175,13,0.3551,0.9639,En riesgo
USR_2219,7199573.82,0.0597,9,0.8169,0.5552,Saludable
USR_2220,6029669.23,0.2311,2,0.3464,0.6119,En observación
USR_2221,2806426.07,0.4569,4,0.373,0.9397,En observación
USR_2222,2249481.31,0.5725,15,0.351,1.0538,En riesgo
USR_2223,13362702.32,0.1715,2,0.2037,1.0374,En riesgo
USR_2224,11376419.16,0.4968,4,0.483,0.79,Saludable
USR_2225,6101293.44,0.2793,10,0.4477,0.8739,En observación
USR_2226,6507007.34,0.3038,4,0.3784,0.7273,En observación
USR_2227,13639922.86,0.4545,10,0.7678,0.9843,En observación
USR_2228,8664855.81,0.9544,10,0.7512,1.177,En riesgo
USR_2229,11520086.58,0.8954,6,0.2313,0.7107,En riesgo
USR_2230,5592213.15,0.1412,0,0.7007,1.0357,En riesgo
USR_2231,14957370.27,0.7689,10,0.611,0.8295,En riesgo
USR_2232,2814437.65,0.2185,15,0.3554,0.8488,Saludable
USR_2233,13705016.76,0.9127,6,0.7573,0.3643,En riesgo
USR_2234,14215801.91,0.2154,0,0.4719,0.8877,En observación
USR_2235,9178638.37,0.5434,12,0.4071,0.3159,En observación
USR_2236,12060123.79,0.3115,8,0.4074,0.4374,En observación
USR_2237,7649550.44,0.1559,10,0.7527,0.3892,Saludable
USR_2238,9177671.27,0.6499,7,0.3186,0.301,Saludable
USR_2239,13194961.22,0.6715,0,0.7443,0.7181,En riesgo
USR_2240,5854746.87,0.0685,14,0.8209,0.5451,Saludable
USR_2241,6696678.79,0.3291,2,0.864,0.4934,En observación
USR_2242,13632340.07,0.1415,6,0.688,1.0511,En riesgo
USR_2243,14762675.05,0.007,15,0.5692,0.3754,Saludable
USR_2244,12960699.21,0.4134,8,0.8621,0.8374,En observación
USR_2245,1295497.32,0.0111,1,0.6376,1.2618,En riesgo
USR_2246,12708499.73,0.1088,10,0.4514,1.1562,En riesgo
USR_2247,13659534.15,0.4995,3,0.8523,0.759,En observación
USR_2248,4569403.26,0.9178,3,0.3854,0.431,En riesgo
USR_2249,5267305.41,0.2618,7,0.5036,0.6242,Saludable
USR_2250,11462199.78,0.203,1,0.7095,0.7141,En observación
USR_2251,5682164.14,0.8463,7,0.6692,0.9208,En riesgo
USR_2252,7372082.38,0.0959,15,0.2069,1.105,En riesgo
USR_2253,8340315.81,0.6852,2,0.6331,1.2342,En riesgo
USR_2254,3471699.34,0.543,15,0.7576,0.749,En observación
USR_2255,3456661.68,0.0945,7,0.6275,1.1922,En riesgo
USR_2256,7320578.54,0.5976,12,0.5555,1.2068,En riesgo
USR_2257,3400291.48,0.6898,7,0.4068,0.7525,En riesgo
USR_2258,8591697.94,0.9922,8,0.7929,0.5466,En riesgo
USR_2259,11403897.87,0.781,13,0.4008,0.4038,En riesgo
USR_2260,3665258.65,0.8236,14,0.23,0.4906,En riesgo
USR_2261,10365183.85,0.0983,2,0.5449,0.5378,En observación
USR_2262,2534914.71,0.8014,14,0.3816,1.1494,En riesgo
USR_2263,3888154.21,0.4133,5,0.4382,0.4035,En observación
USR_2264,3734285.13,0.3457,15,0.4502,1.075,En riesgo
USR_2265,10192799.82,0.2344,7,0.2632,0.5845,Saludable
USR_2266,4826143.72,0.1862,14,0.4121,0.4081,Saludable
USR_2267,8747344.47,0.7636,7,0.4528,0.9679,En riesgo
USR_2268,9086919.71,0.8468,7,0.6732,0.9958,En riesgo
USR_2269,11259722.89,0.6514,6,0.208,0.6133,En riesgo
USR_2270,7907657.32,0.5998,1,0.6808,0.8148,En observación
USR_2271,13177336.14,0.9968,13,0.5416,0.4152,En riesgo
USR_2272,7898358.53,0.1094,4,0.7429,0.4246,Saludable
USR_2273,10221508.5,0.2957,9,0.8673,1.2805,En riesgo
USR_2274,1245288.69,0.1202,1,0.6434,0.4133,En observación
USR_2275,10298222.32,0.9256,15,0.3141,1.0639,En riesgo
USR_2276,9368739.97,0.5488,14,0.7512,0.3739,En observación
USR_2277,6818490.52,0.3373,3,0.6691,1.2147,En riesgo
USR_2278,6004572.67,0.2724,12,0.8564,0.7277,Saludable
USR_2279,11185379.32,0.8295,6,0.6305,0.383,En riesgo
USR_2280,2793303.73,0.5361,15,0.3185,0.7962,En observación
USR_2281,10352357.72,0.4974,11,0.5889,1.1672,En riesgo
USR_2282,6976003.46,0.3986,10,0.817,0.4314,En observación
USR_2283,12204795.1,0.1191,3,0.3906,1.2927,En riesgo
USR_2284,5567182.15,0.8788,8,0.4572,1.1608,En riesgo
USR_2285,9947597.0,0.2153,4,0.437,0.497,Saludable
USR_2286,14466281.11,0.2447,8,0.4435,0.594,Saludable
USR_2287,7758517.66,0.2149,12,0.3749,0.3845,Saludable
USR_2288,12520986.61,0.7716,8,0.6128,1.0874,En riesgo
USR_2289,1826206.09,0.1065,5,0.3813,1.1183,En riesgo
USR_2290,4345470.67,0.6796,8,0.7905,0.3604,En riesgo
USR_2291,9434767.59,0.717,11,0.4789,1.1407,En riesgo
USR_2292,7248189.24,0.2384,6,0.7108,1.1201,En riesgo
USR_2293,13671473.67,0.0984,14,0.8681,0.372,Saludable
USR_2294,6836543.38,0.648,0,0.7739,0.4266,En riesgo
USR_2295,10471419.21,0.0036,9,0.789,0.5771,Saludable
USR_2296,4163058.3,0.9148,9,0.7289,0.5425,En riesgo
USR_2297,8420809.64,0.1842,15,0.5529,1.2515,En riesgo
USR_2298,6999249.39,0.8817,11,0.8486,0.7291,En riesgo
USR_2299,14156401.5,0.9914,1,0.4027,0.8573,En observación
USR_2300,9503494.36,0.9682,14,0.7494,0.7336,En riesgo
USR_2301,3981223.53,0.6511,13,0.3398,0.8972,En riesgo
USR_2302,3886653.09,0.3653,9,0.7344,1.0137,En riesgo
USR_2303,10342829.96,0.0063,3,0.6006,1.0084,En riesgo
USR_2304,11848800.37,0.739,8,0.2526,1.05,En riesgo
USR_2305,12070546.86,0.5743,6,0.751,1.0476,En riesgo
USR_2306,1263484.18,0.2964,8,0.7894,0.8398,Saludable
USR_2307,5661858.77,0.4786,4,0.799,1.1236,En observación
USR_2308,13528513.21,0.0483,7,0.6099,0.9887,En observación
USR_2309,3134158.62,0.3584,15,0.8658,1.1896,En riesgo
USR_2310,7511246.18,0.6365,2,0.5834,0.6344,En riesgo
USR_2311,9899741.19,0.0687,12,0.811,0.422,Saludable
USR_2312,14759137.59,0.0124,2,0.6717,0.6912,En observación
USR_2313,6717070.92,0.7649,6,0.8095,0.9411,En observación
USR_2314,14016404.6,0.8425,0,0.6251,0.9156,En riesgo
USR_2315,12091230.36,0.9491,11,0.3975,0.9327,En riesgo
USR_2316,4213673.4,0.6475,1,0.7847,0.8134,En riesgo
USR_2317,11288715.95,0.019,13,0.7531,0.5245,En riesgo
USR_2318,4868323.46,0.0935,7,0.6931,0.7545,Saludable
USR_2319,7547700.73,0.6698,7,0.8135,0.8406,En riesgo
USR_2320,4570309.6,0.0961,7,0.7799,1.0915,En riesgo
USR_2321,11159261.27,0.3591,15,0.5203,0.3514,En observación
USR_2322,10722401.77,0.6423,4,0.2532,0.8368,En riesgo
USR_2323,10151826.02,0.7107,2,0.5821,0.5868,En riesgo
USR_2324,4651850.64,0.0048,1,0.2084,0.6503,En observación
USR_2325,2466067.9,0.3215,6,0.3848,0.6667,En observación
USR_2326,1867402.03,0.6531,12,0.3352,1.271,En riesgo
USR_2327,8782747.82,0.1825,12,0.6948,1.2371,En riesgo
USR_2328,4033397.01,0.7053,6,0.5535,1.1926,En riesgo
USR_2329,13188852.56,0.5744,8,0.2342,0.6196,En riesgo
USR_2330,6651464.13,0.2481,11,0.5149,0.832,Saludable
USR_2331,7119566.75,0.7029,12,0.8592,0.3416,En riesgo
USR_2332,11788577.1,0.4831,9,0.8575,0.6161,En observación
USR_2333,12249542.2,0.7153,12,0.4412,0.824,En riesgo
USR_2334,3111046.2,0.9456,7,0.6387,1.0723,En riesgo
USR_2335,4948647.6,0.7408,12,0.4132,1.2975,Saludable
USR_2336,10289352.02,0.9222,4,0.7173,0.763,En riesgo
USR_2337,9446112.37,0.4158,10,0.4991,1.2805,En riesgo
USR_2338,8047096.39,0.8111,0,0.2146,0.3662,En riesgo
USR_2339,7513044.49,0.7377,6,0.733,1.2181,En riesgo
USR_2340,4207776.99,0.9257,9,0.4468,1.0285,En riesgo
USR_2341,9631927.63,0.0812,9,0.4557,0.3473,Saludable
USR_2342,2638048.84,0.1423,2,0.7116,0.5215,En observación
USR_2343,13664486.02,0.4912,2,0.2566,1.0295,En riesgo
USR_2344,1312645.42,0.7342,7,0.5498,0.674,En riesgo
USR_2345,10039642.39,0.4871,3,0.2928,1.2942,En riesgo
USR_2346,5713949.31,0.922,3,0.3543,0.5238,En riesgo
USR_2347,14108099.09,0.4325,14,0.5077,0.9992,En observación
USR_2348,3609924.41,0.6424,5,0.549,0.6701,En riesgo
USR_2349,12293494.0,0.3205,1,0.8077,0.872,En observación
USR_2350,6999978.14,0.058,9,0.4874,0.804,Saludable
USR_2351,14547407.69,0.6616,13,0.2566,0.4966,En riesgo
USR_2352,14705746.97,0.8473,8,0.8774,0.3971,En riesgo
USR_2353,13656862.15,0.4452,12,0.409,1.1838,En riesgo
USR_2354,13639162.89,0.2917,10,0.6614,1.2778,En riesgo
USR_2355,2738177.53,0.4619,9,0.5234,1.1841,En riesgo
USR_2356,5287704.07,0.5607,11,0.5868,1.1732,En riesgo
USR_2357,8253044.78,0.0582,15,0.3715,0.8608,En observación
USR_2358,8697621.79,0.9895,14,0.7223,0.8917,En riesgo
USR_2359,8660206.22,0.2495,0,0.8807,1.2465,En riesgo
USR_2360,4389221.74,0.1709,2,0.2863,0.7673,En observación
USR_2361,14289972.3,0.4186,6,0.2782,1.0902,En riesgo
USR_2362,2297337.15,0.02,3,0.5401,0.9397,En observación
USR_2363,1241125.8,0.2532,9,0.4317,0.9081,En observación
USR_2364,4314702.37,0.6878,3,0.668,0.726,En observación
USR_2365,14835151.56,0.1532,5,0.6627,0.6048,Saludable
USR_2366,7841267.7,0.7105,6,0.2982,0.4597,En riesgo
USR_2367,14018679.61,0.6832,7,0.2467,0.3143,En riesgo
USR_2368,13476861.84,0.4899,9,0.3018,0.9896,En observación
USR_2369,2988233.92,0.1907,2,0.7763,1.1559,En observación
USR_2370,2671807.5,0.5578,3,0.6832,1.04,En riesgo
USR_2371,8240942.19,0.9693,10,0.5141,0.4097,En riesgo
USR_2372,8322499.57,0.3948,1,0.2385,0.874,En observación
USR_2373,13627975.44,0.7801,10,0.6543,0.4989,En observación
USR_2374,6680297.75,0.0712,5,0.6057,0.6648,Saludable
USR_2375,8937629.88,0.4385,8,0.2452,0.4824,En observación
USR_2376,7932214.68,0.3449,14,0.7788,1.2968,En riesgo
USR_2377,11234019.02,0.0153,0,0.3283,1.148,En riesgo
USR_2378,9175174.18,0.2662,4,0.2101,0.3209,Saludable
USR_2379,9645335.92,0.0218,0,0.2851,0.7835,En observación
USR_2380,6484961.62,0.5123,4,0.2564,1.0668,En riesgo
USR_2381,9271911.11,0.0862,3,0.4286,0.949,En observación
USR_2382,14893177.01,0.6468,2,0.2544,0.421,En riesgo
USR_2383,14830340.17,0.4876,9,0.8639,1.2686,En riesgo
USR_2384,14104611.06,0.4118,1,0.749,0.574,En observación
USR_2385,6742336.32,0.4133,13,0.8271,1.1626,En riesgo
USR_2386,3334287.3,0.488,12,0.7739,0.8173,En observación
USR_2387,4384818.13,0.6631,0,0.8451,0.7569,En riesgo
USR_2388,10275877.05,0.9727,13,0.8365,1.2113,En riesgo
USR_2389,9139479.19,0.7024,3,0.6941,0.9998,En observación
USR_2390,14913067.22,0.4699,14,0.2504,0.7228,En observación
USR_2391,12110657.28,0.8049,2,0.7879,0.5364,En riesgo
USR_2392,5592335.11,0.7025,13,0.8302,0.7968,En riesgo
USR_2393,11667919.91,0.0644,6,0.4289,0.8968,En observación
USR_2394,12483381.43,0.4753,0,0.6559,1.2709,En riesgo
USR_2395,12613227.78,0.9746,7,0.4688,0.4029,En riesgo
USR_2396,12462921.39,0.7686,1,0.7727,0.4821,En riesgo
USR_2397,1975903.84,0.9479,2,0.5038,0.526,En observación
USR_2398,6024486.95,0.6523,13,0.7725,0.5454,En riesgo
USR_2399,11838360.43,0.8044,11,0.8452,0.3279,En riesgo
USR_2400,4892291.59,0.1325,14,0.7082,0.68,Saludable
USR_2401,13404529.11,0.2522,10,0.5194,0.763,Saludable
USR_2402,14235209.45,0.3202,12,0.8069,0.6102,En observación
USR_2403,2296047.05,0.445,5,0.8063,0.6039,En observación
USR_2404,12212985.72,0.971,0,0.4005,0.5788,En riesgo
USR_2405,7278674.39,0.3569,14,0.6987,1.0319,En riesgo
USR_2406,7260697.06,0.0797,0,0.5017,1.2847,En riesgo
USR_2407,4176119.22,0.7144,0,0.4099,1.1205,En riesgo
USR_2408,1933769.26,0.5298,3,0.7126,1.0761,En observación
USR_2409,2127020.95,0.205,15,0.5026,1.0275,En riesgo
USR_2410,7980156.9,0.067,1,0.4584,0.7989,En observación
USR_2411,4118141.23,0.1731,4,0.4806,0.6315,Saludable
USR_2412,14656969.25,0.7126,12,0.5312,1.1574,En observación
USR_2413,13996345.93,0.0924,4,0.5763,0.9548,En observación
USR_2414,13724446.16,0.9933,9,0.6487,0.3021,En riesgo
USR_2415,14559411.28,0.2321,5,0.2496,0.6299,Saludable
USR_2416,10031240.1,0.5269,6,0.2032,0.9396,En observación
USR_2417,13201674.82,0.6723,8,0.8649,0.6831,En riesgo
USR_2418,9504656.03,0.4503,11,0.8773,1.2826,En riesgo
USR_2419,7407561.2,0.8474,15,0.8739,0.3459,En riesgo
USR_2420,10302894.34,0.7751,9,0.5575,0.5311,Saludable
USR_2421,6760152.71,0.3732,13,0.4592,0.6689,En observación
USR_2422,12340290.9,0.801,5,0.6675,1.2666,En riesgo
USR_2423,6585848.32,0.6799,11,0.6073,1.238,En riesgo
USR_2424,5126055.62,0.4589,2,0.8563,1.2144,En riesgo
USR_2425,4701924.05,0.4018,7,0.2562,0.9054,En observación
USR_2426,13074284.74,0.9217,7,0.5064,0.9182,En riesgo
USR_2427,2408504.88,0.4953,0,0.8998,0.8128,En observación
USR_2428,8810242.93,0.4143,9,0.438,0.3649,En observación
USR_2429,8175094.86,0.6016,14,0.4073,0.7891,En riesgo
USR_2430,4220335.39,0.1851,8,0.4057,0.5762,Saludable
USR_2431,13197020.94,0.1451,3,0.4723,0.9894,En observación
USR_2432,4874300.86,0.0206,15,0.214,0.9461,En observación
USR_2433,9920555.08,0.1104,6,0.7151,0.6257,Saludable
USR_2434,3884655.67,0.2306,13,0.7675,1.1246,En riesgo
USR_2435,11677917.99,0.3655,6,0.4857,0.4777,En observación
USR_2436,8776613.02,0.5877,13,0.5175,0.9324,En observación
USR_2437,8640834.02,0.1506,0,0.8703,0.8969,En observación
USR_2438,1474440.85,0.106,3,0.5796,0.5425,En riesgo
USR_2439,3844968.54,0.1417,12,0.7774,0.8894,En observación
USR_2440,12014198.24,0.1257,15,0.7319,0.419,En observación
USR_2441,7728791.89,0.2862,12,0.772,0.9972,En observación
USR_2442,13981204.75,0.7119,0,0.7812,0.5315,En riesgo
USR_2443,6407997.32,0.7921,0,0.2735,1.191,En riesgo
USR_2444,7212077.6,0.9197,11,0.6342,1.1565,En riesgo
USR_2445,8332885.26,0.2317,10,0.4926,1.2551,En riesgo
USR_2446,4906351.3,0.3751,14,0.8916,0.8103,En observación
USR_2447,7095012.1,0.2867,13,0.3088,0.9297,En observación
USR_2448,9103405.3,0.5578,12,0.6185,0.6315,En observación
USR_2449,4278075.76,0.2765,10,0.5542,0.6955,Saludable
USR_2450,6646544.81,0.7338,3,0.3396,0.8449,En riesgo
USR_2451,14637878.44,0.6951,2,0.8805,0.3967,En riesgo
USR_2452,8261986.07,0.5602,8,0.8012,0.601,En observación
USR_2453,14185785.2,0.2811,14,0.6644,1.2629,En riesgo
USR_2454,7292925.28,0.2678,2,0.353,0.7442,En observación
USR_2455,14911643.65,0.4886,10,0.8532,1.2916,En observación
USR_2456,7112349.79,0.1503,10,0.4121,0.3976,Saludable
USR_2457,10093442.63,0.1807,2,0.4155,0.3041,Saludable
USR_2458,6087528.61,0.1162,15,0.2518,0.6629,Saludable
USR_2459,6831341.2,0.8957,7,0.6064,0.7586,En riesgo
USR_2460,8786443.97,0.3761,14,0.8676,1.0956,En riesgo
USR_2461,6824993.2,0.8215,15,0.4872,0.7784,En riesgo
USR_2462,10266126.62,0.8231,15,0.3291,0.3632,En riesgo
USR_2463,13460621.94,0.931,9,0.8567,0.9957,En riesgo
USR_2464,5678930.68,0.219,4,0.247,0.4413,Saludable
USR_2465,5463875.16,0.0436,7,0.5381,0.8713,En observación
USR_2466,13816815.69,0.0294,5,0.3649,0.5392,Saludable
USR_2467,10677687.76,0.8594,1,0.2627,0.5323,En riesgo
USR_2468,4264881.07,0.7418,13,0.6265,0.6671,En riesgo
USR_2469,10485934.5,0.2369,10,0.6028,1.0352,En riesgo
USR_2470,2627904.94,0.5533,4,0.3671,1.1359,En riesgo
USR_2471,11161429.95,0.2341,8,0.6552,1.0173,En riesgo
USR_2472,12069917.49,0.7337,4,0.3153,0.7295,En riesgo
USR_2473,6840232.81,0.7199,1,0.5425,1.259,En riesgo
USR_2474,14440586.57,0.7696,14,0.6378,0.608,En riesgo
USR_2475,6529600.36,0.3058,1,0.5739,0.4241,En observación
USR_2476,12359102.66,0.1487,9,0.4172,0.5214,Saludable
USR_2477,6586322.33,0.516,9,0.4376,0.8905,En observación
USR_2478,11331233.29,0.762,6,0.4102,0.9852,En riesgo
USR_2479,12316129.48,0.3785,4,0.2938,0.4845,En observación
USR_2480,11772876.55,0.5989,5,0.7421,0.9693,En observación
USR_2481,11688309.38,0.9794,11,0.4201,1.1644,Saludable
USR_2482,9223611.8,0.7293,5,0.6108,0.6096,En riesgo
USR_2483,10658454.39,0.822,8,0.4836,1.0091,En riesgo
USR_2484,14610822.09,0.1619,7,0.4254,0.5987,Saludable
USR_2485,5410310.74,0.8114,4,0.6132,0.5944,En riesgo
USR_2486,2148422.66,0.3992,15,0.8992,0.4588,En observación
USR_2487,14276364.43,0.8243,9,0.6048,0.5462,En riesgo
USR_2488,10491513.24,0.8102,0,0.6509,0.4781,En riesgo
USR_2489,12117800.52,0.2992,0,0.6239,1.1365,En riesgo
USR_2490,6338526.57,0.4554,7,0.7963,1.0925,En observación
USR_2491,7310009.14,0.7246,7,0.3372,0.6959,En riesgo
USR_2492,3924516.18,0.6024,0,0.6326,0.983,En riesgo
USR_2493,6506728.07,0.8691,11,0.3814,0.9882,En riesgo
USR_2494,5442215.57,0.3752,4,0.4632,1.1155,En riesgo
USR_2495,7144839.47,0.6686,1,0.8924,1.2001,En riesgo
USR_2496,5154429.03,0.8929,15,0.6047,1.2881,En riesgo
USR_2497,10737044.57,0.9315,8,0.5322,0.5003,En riesgo
USR_2498,5672324.14,0.9788,7,0.5633,0.875,En riesgo
USR_2499,11484144.76,0.9713,10,0.3129,1.2655,En riesgo
USR_2500,4011014.97,0.192,5,0.5813,0.8533,En observación
USR_2501,4335978.62,0.7119,12,0.2373,0.5401,En riesgo
USR_2502,12683069.49,0.4625,1,0.4433,0.5537,En riesgo
USR_2503,4558292.37,0.0998,10,0.3626,0.3664,Saludable
USR_2504,6447655.32,0.8551,5,0.2275,0.6083,Saludable
USR_2505,9111503.71,0.4096,5,0.4284,0.3717,En observación
USR_2506,5237652.95,0.0444,5,0.2274,0.3366,Saludable
USR_2507,11677145.13,0.5524,14,0.3092,0.3077,En observación
USR_2508,5946868.77,0.7515,14,0.5326,0.6081,En riesgo
USR_2509,8196969.67,0.5021,14,0.6381,1.0341,En riesgo
USR_2510,12032420.72,0.6496,8,0.3677,0.7344,En riesgo
USR_2511,4100776.76,0.8753,8,0.7726,0.7405,En riesgo
USR_2512,8324575.99,0.2916,12,0.8927,0.8337,Saludable
USR_2513,5187882.55,0.6577,14,0.7769,0.3654,En riesgo
USR_2514,7320425.6,0.3433,9,0.7911,0.3728,En observación
USR_2515,6006531.96,0.7375,13,0.2094,0.7385,En riesgo
USR_2516,1751381.05,0.6096,10,0.4412,0.6091,En riesgo
USR_2517,4061816.13,0.409,11,0.532,0.3597,En observación
USR_2518,2728817.98,0.8135,5,0.4645,0.5313,En riesgo
USR_2519,9973437.41,0.6855,9,0.3626,1.2739,En riesgo
USR_2520,9070896.5,0.9069,6,0.6296,0.7503,En riesgo
USR_2521,5641939.18,0.0773,10,0.6116,1.0849,En riesgo
USR_2522,1362181.18,0.6878,2,0.3523,0.4833,En riesgo
USR_2523,11857417.43,0.2551,3,0.3426,0.7198,Saludable
USR_2524,5648247.63,0.7205,5,0.4842,0.8344,En riesgo
USR_2525,14364720.22,0.1132,3,0.4774,0.4328,Saludable
USR_2526,2956263.79,0.3223,4,0.4948,0.3497,En observación
USR_2527,10237668.75,0.0775,15,0.6937,0.5332,Saludable
USR_2528,4062956.08,0.858,4,0.8986,0.832,En riesgo
USR_2529,6378331.42,0.3859,14,0.6267,1.2998,En riesgo
USR_2530,12268783.27,0.4288,5,0.4179,0.8087,En observación
USR_2531,2004999.16,0.1537,10,0.4067,1.1481,En observación
USR_2532,6449966.74,0.2867,7,0.7172,1.05,En riesgo
USR_2533,10184889.87,0.7322,10,0.3885,0.7917,En riesgo
USR_2534,11101184.91,0.5166,10,0.552,1.2674,Saludable
USR_2535,2427129.93,0.4776,3,0.6546,0.8815,En observación
USR_2536,13638977.32,0.0213,7,0.7241,0.464,Saludable
USR_2537,12883522.34,0.1319,3,0.8152,0.8909,En observación
USR_2538,13536878.11,0.1163,5,0.7258,0.6122,En observación
USR_2539,11098486.32,0.2,15,0.7444,0.9529,En observación
USR_2540,2979742.45,0.3782,15,0.561,1.2284,En riesgo
USR_2541,4840220.61,0.2403,13,0.6183,0.6457,Saludable
USR_2542,6325884.82,0.6856,0,0.7232,1.1081,En riesgo
USR_2543,8819722.71,0.0017,5,0.3522,1.1985,En riesgo
USR_2544,5389858.93,0.5974,2,0.4087,0.5232,En observación
USR_2545,4109796.11,0.5588,2,0.7749,0.4973,En observación
USR_2546,1864739.7,0.7817,10,0.6178,0.4594,En riesgo
USR_2547,9957021.83,0.4302,12,0.8071,0.42,En observación
USR_2548,14022558.13,0.2747,13,0.2673,1.0325,En riesgo
USR_2549,2777753.93,0.2736,9,0.8766,1.0301,En riesgo
USR_2550,11122996.55,0.0905,8,0.8386,0.7522,Saludable
USR_2551,4308667.75,0.1618,14,0.8972,0.7278,Saludable
USR_2552,13461210.84,0.328,7,0.6097,0.5429,En observación
USR_2553,3494380.11,0.5928,7,0.3091,0.5303,En observación
USR_2554,8004071.32,0.801,0,0.4358,1.2975,En riesgo
USR_2555,14704511.03,0.7788,4,0.8672,0.339,En riesgo
USR_2556,2015733.32,0.091,3,0.8806,0.9084,En observación
USR_2557,8405984.7,0.519,8,0.766,1.2597,En riesgo
USR_2558,4664322.34,0.2292,10,0.8,1.1628,En riesgo
USR_2559,8359890.93,0.3475,8,0.3168,1.0985,En riesgo
USR_2560,3660530.08,0.0778,10,0.234,0.9967,En observación
USR_2561,12808404.13,0.6487,0,0.2831,0.5833,En riesgo
USR_2562,11324516.82,0.8077,4,0.5026,0.9654,En riesgo
USR_2563,8532084.03,0.0547,11,0.3015,1.1445,En riesgo
USR_2564,10104670.24,0.8692,7,0.5306,0.9114,En riesgo
USR_2565,2672966.21,0.5604,14,0.7097,0.9994,En observación
USR_2566,9771679.49,0.0194,4,0.3747,1.1884,En riesgo
USR_2567,9110748.77,0.6064,2,0.5159,0.4894,En riesgo
USR_2568,9269953.39,0.1965,15,0.4116,1.1611,Saludable
USR_2569,7946725.37,0.1639,5,0.8211,0.7129,Saludable
USR_2570,5946202.21,0.5062,1,0.4798,0.4676,En observación
USR_2571,3877613.29,0.3914,4,0.3353,0.5767,En observación
USR_2572,14230813.72,0.0858,13,0.5188,0.7683,Saludable
USR_2573,6868273.66,0.233,15,0.4874,0.5857,Saludable
USR_2574,5848797.95,0.3487,0,0.7018,0.8781,En observación
USR_2575,14473466.58,0.3853,3,0.3885,0.4985,En observación
USR_2576,8159924.15,0.6693,2,0.8652,0.4069,En riesgo
USR_2577,8972619.66,0.3301,6,0.8317,0.6787,En observación
USR_2578,1600678.34,0.7334,9,0.615,0.4606,En riesgo
USR_2579,3822128.27,0.7161,1,0.5077,0.3245,En riesgo
USR_2580,3463345.29,0.9408,7,0.5212,0.4635,En riesgo
USR_2581,4676570.11,0.3675,8,0.2032,1.1997,En riesgo
USR_2582,3250212.45,0.4506,9,0.4898,0.6338,En observación
USR_2583,8896808.42,0.346,12,0.4867,0.8641,En observación
USR_2584,6352728.24,0.775,13,0.4136,1.0275,En riesgo
USR_2585,8806399.36,0.4774,14,0.5387,0.6337,En observación
USR_2586,2508455.92,0.5594,12,0.2008,0.8302,En observación
USR_2587,4162136.17,0.0942,0,0.3906,1.1655,En riesgo
USR_2588,5110094.63,0.3669,10,0.506,0.5903,En observación
USR_2589,6479790.5,0.3498,0,0.6908,1.2898,En riesgo
USR_2590,14109177.82,0.5331,1,0.5011,0.4524,En observación
USR_2591,6872174.14,0.7897,15,0.2337,1.2666,En riesgo
USR_2592,2942501.55,0.0444,1,0.4207,0.4959,En observación
USR_2593,11905429.91,0.6486,5,0.8573,0.336,En riesgo
USR_2594,14710945.3,0.0586,4,0.6456,1.0919,En riesgo
USR_2595,5162034.74,0.7703,1,0.8225,0.3958,En riesgo
USR_2596,12211451.81,0.747,15,0.6725,0.8765,En riesgo
USR_2597,3583688.37,0.066,2,0.3622,0.5726,En riesgo
USR_2598,4240465.37,0.5413,8,0.3753,0.8909,En observación
USR_2599,8570743.37,0.8445,11,0.7301,1.0933,En riesgo
USR_2600,10795881.15,0.0321,13,0.2483,1.0135,En riesgo
USR_2601,1536997.42,0.5798,3,0.839,0.5981,En observación
USR_2602,8861492.28,0.8278,4,0.702,0.8784,En riesgo
USR_2603,4374397.85,0.0154,10,0.2735,0.7303,Saludable
USR_2604,12044225.87,0.4504,13,0.7278,1.0794,En riesgo
USR_2605,10068581.5,0.9384,0,0.4386,0.3202,En riesgo
USR_2606,11160219.04,0.8807,5,0.2726,0.5715,En riesgo
USR_2607,1278497.48,0.1374,15,0.5474,1.2159,En riesgo
USR_2608,14153181.17,0.1072,14,0.3742,1.1191,En riesgo
USR_2609,12282036.55,0.9455,14,0.295,1.1026,En riesgo
USR_2610,9618390.73,0.9809,7,0.4095,1.1064,En riesgo
USR_2611,8568575.28,0.7939,10,0.6596,0.3556,En riesgo
USR_2612,2790116.33,0.1079,14,0.8557,1.1049,En riesgo
USR_2613,11286337.95,0.7869,6,0.2926,0.7545,En riesgo
USR_2614,3754598.53,0.1921,0,0.3492,0.9151,En observación
USR_2615,7376141.44,0.1587,2,0.787,1.2795,En riesgo
USR_2616,10553352.67,0.9015,4,0.2328,0.7021,En riesgo
USR_2617,4755734.49,0.0307,3,0.8325,1.211,En riesgo
USR_2618,2471012.8,0.3646,9,0.303,0.4003,En riesgo
USR_2619,5311578.33,0.798,3,0.7164,0.7118,En riesgo
USR_2620,11345223.49,0.5512,3,0.6393,0.6951,En observación
USR_2621,1334217.08,0.6739,4,0.8304,0.9963,En riesgo
USR_2622,14180360.87,0.2505,14,0.6904,0.8836,En observación
USR_2623,2328827.77,0.6431,4,0.5967,0.7468,En riesgo
USR_2624,11344617.2,0.3787,7,0.833,0.7409,En observación
USR_2625,11187745.21,0.8141,10,0.5784,0.8427,En riesgo
USR_2626,12102124.42,0.3757,0,0.4531,1.1595,En riesgo
USR_2627,14155278.05,0.2201,9,0.5515,0.8827,En observación
USR_2628,12817631.61,0.951,13,0.2239,0.4475,En riesgo
USR_2629,3788509.58,0.7676,0,0.766,0.6533,En riesgo
USR_2630,2182345.05,0.6922,8,0.8249,0.9678,En riesgo
USR_2631,13128797.62,0.9565,7,0.5439,0.9005,En riesgo
USR_2632,3163448.94,0.8132,11,0.4562,0.9526,En riesgo
USR_2633,5418164.2,0.2384,11,0.8698,0.9398,En observación
USR_2634,5801809.11,0.7533,15,0.8591,1.1063,En riesgo
USR_2635,6095562.92,0.812,13,0.3646,1.0782,En riesgo
USR_2636,5249244.99,0.7078,5,0.303,1.2655,En riesgo
USR_2637,7576936.17,0.855,13,0.6972,0.9744,En riesgo
USR_2638,4753693.22,0.9186,6,0.6414,0.4715,En riesgo
USR_2639,11750810.21,0.3644,4,0.6365,1.0271,En riesgo
USR_2640,12126298.38,0.441,5,0.4815,0.9653,En observación
USR_2641,14093412.71,0.0206,3,0.3873,0.4527,Saludable
USR_2642,11803936.87,0.4362,11,0.2294,0.4924,En observación
USR_2643,7058049.97,0.834,3,0.5357,0.4419,En riesgo
USR_2644,12140499.3,0.9453,7,0.8032,0.5026,En riesgo
USR_2645,6119398.68,0.9798,14,0.8261,0.3657,En riesgo
USR_2646,8530871.66,0.1361,2,0.5087,0.9188,En observación
USR_2647,13613138.09,0.3303,9,0.3329,0.6827,En observación
USR_2648,14404789.66,0.2882,14,0.4747,1.1968,En riesgo
USR_2649,4532465.9,0.706,9,0.8947,1.0562,En riesgo
USR_2650,1695292.55,0.7127,10,0.6321,1.2,En riesgo
USR_2651,12097784.28,0.1939,15,0.7443,0.836,Saludable
USR_2652,2826782.42,0.6518,2,0.5989,0.7921,En riesgo
USR_2653,8347319.92,0.8789,5,0.4374,0.3338,Saludable
USR_2654,3372336.45,0.1151,5,0.8653,0.9494,En riesgo
USR_2655,5028906.53,0.5315,8,0.3722,1.1331,En riesgo
USR_2656,8763598.78,0.8568,13,0.4365,0.7275,En riesgo
USR_2657,2052898.51,0.815,8,0.8431,0.7185,Saludable
USR_2658,12996568.62,0.5639,11,0.3324,1.2374,En riesgo
USR_2659,1342186.9,0.4126,10,0.4093,0.6091,En observación
USR_2660,2551134.82,0.0536,0,0.3296,0.7666,En observación
USR_2661,12741536.1,0.8726,10,0.8247,0.4454,En riesgo
USR_2662,8975361.67,0.9709,13,0.7908,1.0167,En observación
USR_2663,2586293.12,0.6246,15,0.7666,0.4376,En riesgo
USR_2664,5490208.87,0.625,13,0.5945,0.476,En riesgo
USR_2665,14864384.71,0.4218,6,0.6784,0.8229,En observación
USR_2666,10168150.28,0.8764,13,0.8643,0.7441,En observación
USR_2667,7214607.23,0.5,5,0.5101,1.0936,En riesgo
USR_2668,8888026.45,0.9363,6,0.5577,0.907,En riesgo
USR_2669,5009792.39,0.4275,4,0.8748,0.9794,En observación
USR_2670,14763374.81,0.5324,15,0.8996,1.1487,En riesgo
USR_2671,4788322.55,0.1951,14,0.7579,0.7421,Saludable
USR_2672,8677820.24,0.6074,14,0.3904,0.8935,En riesgo
USR_2673,5108837.06,0.109,14,0.6423,0.731,Saludable
USR_2674,9023606.56,0.8295,1,0.2977,1.0835,En riesgo
USR_2675,14990016.06,0.851,5,0.7374,0.7674,En riesgo
USR_2676,9299842.99,0.838,7,0.642,1.0963,En riesgo
USR_2677,7392941.66,0.1213,14,0.3385,0.5447,Saludable
USR_2678,13688215.93,0.8403,7,0.7662,0.8427,En riesgo
USR_2679,1335247.27,0.4698,13,0.8782,1.2723,En riesgo
USR_2680,9630019.0,0.3922,13,0.6785,1.151,En riesgo
USR_2681,14437492.47,0.1776,8,0.4768,0.332,Saludable
USR_2682,8202042.98,0.7374,1,0.2797,0.8133,En riesgo
USR_2683,8391125.75,0.9717,3,0.6464,0.4636,En riesgo
USR_2684,5117333.79,0.7818,11,0.6835,0.9099,En riesgo
USR_2685,1763598.11,0.7628,3,0.3654,1.2223,En riesgo
USR_2686,11533807.63,0.3334,15,0.3231,1.0229,En riesgo
USR_2687,10966558.91,0.2007,2,0.8088,0.4792,En riesgo
USR_2688,5451448.74,0.5439,15,0.3964,0.7136,En observación
USR_2689,11053873.43,0.8706,15,0.4082,0.5481,En riesgo
USR_2690,11006268.84,0.7711,13,0.205,0.8156,En riesgo
USR_2691,3280088.96,0.0445,7,0.791,0.5052,Saludable
USR_2692,12686280.69,0.1752,14,0.6409,0.8967,En observación
USR_2693,10388354.14,0.1996,4,0.2279,0.6306,En riesgo
USR_2694,12535400.2,0.4658,12,0.3138,0.5515,En riesgo
USR_2695,4163322.33,0.7317,13,0.5244,0.5727,En riesgo
USR_2696,13622401.49,0.0888,15,0.6689,1.1638,En riesgo
USR_2697,8209479.09,0.9346,9,0.7198,0.8815,En riesgo
USR_2698,7916847.06,0.3211,13,0.3814,0.6548,En observación
USR_2699,13537274.72,0.0559,9,0.5266,0.859,En observación
USR_2700,13422098.94,0.5791,11,0.6192,0.5729,En observación
USR_2701,7761297.58,0.4083,7,0.5216,1.1251,En riesgo
USR_2702,13898479.61,0.04,0,0.4234,0.7312,Saludable
USR_2703,1922573.16,0.9925,4,0.4467,1.1209,En riesgo
USR_2704,5931524.0,0.3425,3,0.6906,0.4395,En observación
USR_2705,10276771.69,0.7663,14,0.3605,0.361,En riesgo
USR_2706,3827287.0,0.4462,3,0.6378,0.3014,Saludable
USR_2707,6073213.44,0.8579,4,0.7478,0.852,En riesgo
USR_2708,14353812.95,0.3593,12,0.5631,0.8532,En observación
USR_2709,5781710.56,0.2437,2,0.2618,0.9743,En observación
USR_2710,6584758.06,0.8191,3,0.5637,0.8775,En riesgo
USR_2711,11446445.64,0.2348,13,0.2361,0.649,Saludable
USR_2712,2366497.1,0.8536,7,0.7,1.1261,En observación
USR_2713,2437049.5,0.3004,11,0.3945,0.8146,En observación
USR_2714,10368196.1,0.2289,4,0.2042,1.0127,En riesgo
USR_2715,3921259.15,0.1296,8,0.2306,1.1567,En riesgo
USR_2716,4232669.01,0.8219,11,0.8779,0.8921,En riesgo
USR_2717,11134614.98,0.6514,11,0.2666,1.2082,En riesgo
USR_2718,9530066.98,0.2417,5,0.5912,0.4191,Saludable
USR_2719,1675216.38,0.7982,0,0.3385,0.7781,En riesgo
USR_2720,7347703.93,0.5167,6,0.8973,0.554,En observación
USR_2721,7931681.25,0.2365,6,0.6092,1.2497,En riesgo
USR_2722,8777323.84,0.4551,6,0.5459,0.9177,En observación
USR_2723,13334354.44,0.7403,6,0.2293,0.6055,En riesgo
USR_2724,5083511.29,0.8735,14,0.216,0.8499,En riesgo
USR_2725,5465517.74,0.5036,3,0.271,1.0006,En riesgo
USR_2726,1365079.23,0.6825,8,0.4684,0.5682,En riesgo
USR_2727,12523724.29,0.725,9,0.5116,0.5719,En riesgo
USR_2728,13079922.68,0.6486,12,0.5732,1.2709,En riesgo
USR_2729,6129848.75,0.9585,2,0.8379,0.5081,En riesgo
USR_2730,6357742.3,0.4401,14,0.8638,0.5008,En observación
USR_2731,5377454.03,0.4909,5,0.6771,0.711,En observación
USR_2732,11647403.06,0.7949,14,0.2616,0.9278,En riesgo
USR_2733,7463126.92,0.8858,4,0.7449,0.7946,En riesgo
USR_2734,1774949.41,0.1552,11,0.4128,0.5539,Saludable
USR_2735,1885428.14,0.8367,7,0.4682,0.7098,En observación
USR_2736,7594245.09,0.0739,8,0.5517,0.7912,Saludable
USR_2737,9128159.72,0.2871,15,0.3813,0.7713,Saludable
USR_2738,9450402.81,0.7126,15,0.4755,1.1476,En riesgo
USR_2739,13899563.85,0.5369,15,0.5417,0.872,En observación
USR_2740,2739023.81,0.4322,11,0.7089,1.2233,En riesgo
USR_2741,9994541.93,0.9518,9,0.3267,0.8528,En riesgo
USR_2742,13684894.59,0.7887,6,0.2361,0.5212,En riesgo
USR_2743,4578142.11,0.3379,1,0.2546,0.6446,En observación
USR_2744,5329466.43,0.6755,11,0.2379,0.8865,En riesgo
USR_2745,13444684.94,0.5285,4,0.856,0.3973,En observación
USR_2746,12096382.55,0.3647,10,0.5105,0.5907,En observación
USR_2747,6977147.21,0.4452,12,0.4314,1.0817,En riesgo
USR_2748,5178006.53,0.3345,2,0.6414,1.2416,En riesgo
USR_2749,12179403.16,0.5571,1,0.2821,1.2526,En riesgo
USR_2750,7428270.58,0.2564,8,0.6238,0.8269,Saludable
USR_2751,1444148.54,0.0721,5,0.2786,0.8497,Saludable
USR_2752,3285437.73,0.9405,3,0.575,0.896,En riesgo
USR_2753,7713285.4,0.2777,4,0.8671,0.4014,Saludable
USR_2754,12072782.02,0.5173,15,0.2762,0.3709,En observación
USR_2755,7127727.19,0.7417,11,0.5121,1.2985,Saludable
USR_2756,9637306.48,0.1042,5,0.7991,0.816,Saludable
USR_2757,4485857.66,0.1932,15,0.7866,0.3116,Saludable
USR_2758,8545444.89,0.2235,12,0.4577,0.6515,Saludable
USR_2759,9996998.08,0.9615,1,0.4392,0.5064,En riesgo
USR_2760,14034671.56,0.0094,13,0.8018,0.7861,Saludable
USR_2761,9754099.23,0.5373,0,0.7702,0.5744,En observación
USR_2762,14844797.16,0.922,12,0.3457,0.7984,En riesgo
USR_2763,13668411.85,0.6174,8,0.2188,0.945,En riesgo
USR_2764,12316419.41,0.9463,11,0.6432,1.2514,En riesgo
USR_2765,2292504.61,0.5825,12,0.2769,0.7664,En observación
USR_2766,8873819.31,0.6315,15,0.6393,0.3527,En riesgo
USR_2767,11592270.04,0.0045,2,0.3217,0.656,En observación
USR_2768,13295552.12,0.438,12,0.8544,1.1737,En riesgo
USR_2769,8409552.12,0.8842,14,0.2568,1.1621,En riesgo
USR_2770,4978827.74,0.6657,14,0.8624,0.8609,En observación
USR_2771,10412357.0,0.1129,5,0.3711,1.237,En riesgo
USR_2772,1834418.94,0.8917,10,0.2842,0.917,En riesgo
USR_2773,9488459.08,0.8599,10,0.5708,1.1465,En riesgo
USR_2774,14377069.05,0.0206,7,0.2259,0.8345,Saludable
USR_2775,8494106.78,0.844,6,0.5064,0.9688,En riesgo
USR_2776,4202655.25,0.7259,9,0.8499,0.9674,En riesgo
USR_2777,6914523.87,0.6802,4,0.8699,1.2138,En riesgo
USR_2778,13983904.78,0.9785,5,0.3604,1.2566,En riesgo
USR_2779,1548512.95,0.3327,11,0.6433,1.2277,En riesgo
USR_2780,9136057.28,0.1297,9,0.8928,1.1081,En riesgo
USR_2781,7667791.16,0.7237,1,0.3339,1.0254,En riesgo
USR_2782,7978953.33,0.9997,12,0.5683,0.9759,En observación
USR_2783,11230972.38,0.3567,0,0.287,0.7925,En observación
USR_2784,4925186.16,0.491,6,0.6737,0.7147,En observación
USR_2785,1534268.27,0.3469,2,0.5814,1.142,En riesgo
USR_2786,11543148.56,0.7235,14,0.3536,0.826,En riesgo
USR_2787,1352439.77,0.4756,8,0.8438,0.5006,En observación
USR_2788,11213590.2,0.579,6,0.3766,0.9333,Saludable
USR_2789,2198752.13,0.1076,12,0.8537,0.7519,Saludable
USR_2790,4629708.81,0.3164,5,0.8619,0.6075,En observación
USR_2791,12377832.68,0.5939,15,0.4777,0.4886,En observación
USR_2792,10736414.72,0.3293,6,0.7569,0.561,En observación
USR_2793,2887091.9,0.4252,0,0.7632,0.9212,En observación
USR_2794,5069899.98,0.7349,7,0.4732,1.0069,En riesgo
USR_2795,14613463.36,0.168,5,0.8981,1.0564,En riesgo
USR_2796,11340334.27,0.064,7,0.3614,0.5276,Saludable
USR_2797,11934053.71,0.9626,14,0.3981,0.9234,En riesgo
USR_2798,3472196.53,0.354,8,0.7619,0.3494,Saludable
USR_2799,9459382.36,0.5276,3,0.3097,0.6535,En observación
USR_2800,3278733.0,0.7953,0,0.5972,0.4705,En riesgo
USR_2801,3137005.69,0.6231,14,0.7852,0.5115,Saludable
USR_2802,5142815.74,0.8708,15,0.8744,0.6524,En riesgo
USR_2803,11415923.9,0.2573,5,0.3437,0.9618,En observación
USR_2804,14557756.13,0.7053,5,0.2042,0.5156,En riesgo
USR_2805,10860885.58,0.771,11,0.3445,0.5277,En riesgo
USR_2806,1324538.86,0.9784,6,0.6242,0.5058,En riesgo
USR_2807,4752699.53,0.8168,3,0.676,1.0568,En riesgo
USR_2808,3558957.21,0.5624,10,0.8298,0.5197,En observación
USR_2809,11431594.49,0.1591,12,0.3279,0.9243,En observación
USR_2810,5257463.18,0.1581,5,0.2952,1.0058,En riesgo
USR_2811,13893806.13,0.5764,6,0.7536,0.4764,En observación
USR_2812,14124749.96,0.7853,9,0.2488,0.5234,En riesgo
USR_2813,7270764.13,0.4739,4,0.2637,0.4432,En observación
USR_2814,11031530.31,0.0302,7,0.4962,0.3418,Saludable
USR_2815,11495921.48,0.223,0,0.871,1.1998,En riesgo
USR_2816,7281422.19,0.9422,5,0.6251,1.2351,En riesgo
USR_2817,7027177.8,0.8085,10,0.6248,0.9827,En riesgo
USR_2818,3593683.14,0.3013,7,0.3489,0.5292,En observación
USR_2819,5412621.52,0.6789,13,0.2527,0.8166,Saludable
USR_2820,2330293.68,0.3791,12,0.2703,0.8544,Saludable
USR_2821,5723653.37,0.2206,15,0.5128,0.5836,Saludable
USR_2822,8422943.03,0.3797,7,0.7144,1.2852,En riesgo
USR_2823,5274173.69,0.6447,5,0.3187,1.1404,En riesgo
USR_2824,5743841.5,0.7481,13,0.239,1.2858,En riesgo
USR_2825,12240255.04,0.8688,6,0.603,0.9979,En riesgo
USR_2826,1817234.3,0.3905,5,0.3847,0.8617,Saludable
USR_2827,7008399.61,0.6517,3,0.5936,1.2962,En riesgo
USR_2828,4730714.11,0.705,13,0.5058,1.2621,Saludable
USR_2829,6241603.87,0.3811,3,0.4394,0.9397,En observación
USR_2830,14439688.71,0.798,15,0.6513,0.358,En riesgo
USR_2831,10801081.29,0.7072,9,0.4523,0.8207,En riesgo
USR_2832,1665764.61,0.3125,6,0.2233,0.7141,En observación
USR_2833,12478171.59,0.3876,2,0.572,1.0487,En riesgo
USR_2834,4525407.18,0.9242,7,0.8314,1.202,En riesgo
USR_2835,14229239.65,0.8954,5,0.6767,0.9662,En riesgo
USR_2836,9565472.02,0.7117,4,0.4442,0.9208,En riesgo
USR_2837,6751894.51,0.0256,11,0.6133,1.0065,En riesgo
USR_2838,12986577.61,0.9462,4,0.3792,0.6037,En riesgo
USR_2839,9468475.25,0.4715,7,0.2797,1.1831,En riesgo
USR_2840,14006150.29,0.256,9,0.7726,1.0082,En riesgo
USR_2841,1276866.08,0.9932,11,0.6873,1.2545,En riesgo
USR_2842,6259389.53,0.1727,12,0.2248,1.136,En riesgo
USR_2843,13571486.01,0.1625,10,0.8951,1.2095,En riesgo
USR_2844,7987635.89,0.4865,4,0.732,1.1377,En riesgo
USR_2845,2507896.68,0.563,0,0.5956,0.6104,En observación
USR_2846,9587115.37,0.366,1,0.423,0.7251,En observación
USR_2847,12300147.46,0.0893,14,0.6201,0.8715,En observación
USR_2848,3928836.85,0.4399,14,0.2647,0.9928,En observación
USR_2849,4152873.43,0.9347,7,0.677,1.1395,En riesgo
USR_2850,2902304.13,0.4376,8,0.29,1.1802,En riesgo
USR_2851,7111855.82,0.074,8,0.2857,0.8699,En observación
USR_2852,4179362.04,0.1446,9,0.6552,0.7208,Saludable
USR_2853,14474431.16,0.2742,0,0.7596,0.3627,En observación
USR_2854,11514716.67,0.3828,8,0.7676,0.7343,En observación
USR_2855,5908284.75,0.6075,11,0.3531,0.944,En riesgo
USR_2856,13917563.94,0.4458,5,0.4731,1.1014,En riesgo
USR_2857,8447193.63,0.2417,0,0.2144,0.3411,En observación
USR_2858,10593474.17,0.6818,8,0.8252,0.4217,En riesgo
USR_2859,9888834.91,0.2135,1,0.7205,1.1612,En riesgo
USR_2860,1601014.78,0.1838,12,0.6762,0.937,En riesgo
USR_2861,8103101.98,0.5195,12,0.4549,0.5644,En observación
USR_2862,1282770.93,0.1824,14,0.3474,0.5602,En observación
USR_2863,13891330.87,0.7594,5,0.4834,0.5758,En riesgo
USR_2864,5399227.65,0.3301,15,0.2775,1.0972,En riesgo
USR_2865,7363701.96,0.324,6,0.6231,0.5445,En observación
USR_2866,12416271.37,0.799,6,0.4235,0.6298,En riesgo
USR_2867,8134222.24,0.283,13,0.5545,1.2573,En riesgo
USR_2868,14623148.6,0.6417,10,0.3474,0.6255,En riesgo
USR_2869,1492083.18,0.1084,3,0.77,1.2396,En riesgo
USR_2870,9408165.09,0.4077,6,0.7749,0.4188,En observación
USR_2871,10444813.46,0.6432,12,0.2122,0.6838,En riesgo
USR_2872,8758058.42,0.1832,5,0.8381,1.0815,En riesgo
USR_2873,11176021.39,0.533,14,0.2397,0.3282,En observación
USR_2874,3303285.96,0.6536,12,0.2375,0.426,En riesgo
USR_2875,9605013.04,0.6071,14,0.2605,0.604,En riesgo
USR_2876,14272635.66,0.0977,8,0.7456,1.0531,En riesgo
USR_2877,4757764.87,0.3102,13,0.2322,1.2652,En riesgo
USR_2878,7071748.78,0.5984,13,0.2884,0.7632,En observación
USR_2879,11287317.44,0.8337,1,0.2685,0.7788,En riesgo
USR_2880,12422391.94,0.3849,15,0.7543,0.765,En observación
USR_2881,12106419.39,0.7041,10,0.2679,0.8843,En riesgo
USR_2882,5747760.82,0.9469,10,0.8875,1.1129,En riesgo
USR_2883,13671231.56,0.0296,7,0.4147,1.1923,En riesgo
USR_2884,7258447.47,0.292,12,0.5506,1.2032,En riesgo
USR_2885,14170012.23,0.1635,5,0.4378,1.0498,En riesgo
USR_2886,10524114.86,0.9714,11,0.8177,0.9709,En riesgo
USR_2887,13278610.19,0.9945,5,0.6825,0.6116,En riesgo
USR_2888,8657064.73,0.255,2,0.7707,0.5969,En riesgo
USR_2889,14667229.39,0.7026,4,0.3833,0.8039,En riesgo
USR_2890,7640084.9,0.7951,12,0.2218,0.9863,En riesgo
USR_2891,7923246.5,0.791,7,0.3741,0.5979,En riesgo
USR_2892,12964056.19,0.4201,8,0.5127,0.5596,En observación
USR_2893,3362072.15,0.2874,14,0.3063,0.3204,En riesgo
USR_2894,14901714.54,0.7606,1,0.4613,1.1556,En riesgo
USR_2895,8077250.85,0.9648,12,0.6722,0.6651,En riesgo
USR_2896,8111743.43,0.9989,14,0.6228,1.0551,Saludable
USR_2897,11217467.81,0.0434,10,0.6797,0.8706,En observación
USR_2898,1809639.51,0.1496,11,0.3047,0.7174,Saludable
USR_2899,5831089.7,0.3504,9,0.844,1.095,En riesgo
USR_2900,7119718.1,0.0686,10,0.3442,0.7162,Saludable
USR_2901,5500209.93,0.7874,8,0.8012,0.3022,En riesgo
USR_2902,4474412.64,0.0466,15,0.2973,0.5722,En riesgo
USR_2903,3515944.9,0.1246,4,0.6587,0.7688,Saludable
USR_2904,7526092.82,0.7684,2,0.3803,0.608,En riesgo
USR_2905,10200883.63,0.1504,6,0.6266,1.0828,En riesgo
USR_2906,12466498.78,0.0461,2,0.4442,0.9105,En observación
USR_2907,8919923.69,0.0964,2,0.3747,0.3017,Saludable
USR_2908,4285301.93,0.0311,15,0.8552,0.4761,Saludable
USR_2909,12129895.23,0.0598,9,0.5273,1.2574,En riesgo
USR_2910,13332952.98,0.3093,1,0.6223,0.6604,En observación
USR_2911,7324934.38,0.8265,5,0.7948,0.7105,En riesgo
USR_2912,11136757.28,0.6919,9,0.3431,1.1974,En riesgo
USR_2913,4201573.6,0.6367,10,0.732,0.3283,En riesgo
USR_2914,10454802.21,0.4973,3,0.4607,0.9955,En observación
USR_2915,4709269.82,0.0219,8,0.8031,0.4019,Saludable
USR_2916,5354121.21,0.4951,6,0.7757,0.5059,Saludable
USR_2917,13146764.96,0.4978,2,0.8057,0.6084,En riesgo
USR_2918,12886333.76,0.5053,13,0.4169,0.5008,En observación
USR_2919,12345516.57,0.8054,9,0.6458,0.5398,En riesgo
USR_2920,4297254.38,0.3692,11,0.8964,0.4476,En observación
USR_2921,9379646.11,0.8859,6,0.5323,1.0459,En riesgo
USR_2922,1386569.38,0.3056,1,0.4759,1.0097,En riesgo
USR_2923,3238930.38,0.7558,2,0.8045,0.3231,En riesgo
USR_2924,8507902.16,0.0043,6,0.6462,0.8416,Saludable
USR_2925,4239949.11,0.753,3,0.8259,0.5041,En riesgo
USR_2926,3885482.35,0.6258,7,0.299,0.6965,En riesgo
USR_2927,2124456.38,0.7586,14,0.3427,0.682,En riesgo
USR_2928,8933050.95,0.8528,4,0.8605,0.3788,En riesgo
USR_2929,8297020.18,0.7665,1,0.8143,1.131,En riesgo
USR_2930,4702971.05,0.2295,11,0.54,0.8422,Saludable
USR_2931,11774776.3,0.3933,9,0.2971,0.7877,En observación
USR_2932,7821687.16,0.3237,14,0.5185,0.3002,En observación
USR_2933,13632896.04,0.1243,2,0.7846,0.7227,En observación
USR_2934,4813916.77,0.9978,2,0.8693,0.5315,En riesgo
USR_2935,7901761.73,0.9774,8,0.7644,0.3367,En riesgo
USR_2936,3633356.65,0.821,3,0.5714,0.9092,Saludable
USR_2937,9609219.22,0.7265,13,0.5411,0.3824,En riesgo
USR_2938,11280158.0,0.3969,5,0.4191,0.4246,En observación
USR_2939,6976886.81,0.9868,6,0.4985,0.6117,En riesgo
USR_2940,7174991.48,0.0323,8,0.4706,1.1691,En riesgo
USR_2941,1737477.69,0.1457,4,0.6151,0.5914,Saludable
USR_2942,7083570.13,0.2585,3,0.2919,1.1232,En riesgo
USR_2943,11944311.07,0.4999,7,0.328,1.1019,En riesgo
USR_2944,6404138.44,0.7077,7,0.8939,1.1911,En riesgo
USR_2945,9384881.54,0.5385,10,0.385,0.7691,En observación
USR_2946,2202689.88,0.5016,7,0.2683,0.9341,En observación
USR_2947,2522724.95,0.3731,15,0.4275,0.6529,En observación
USR_2948,3681289.32,0.8353,11,0.2926,0.9076,En riesgo
USR_2949,11241889.92,0.4821,11,0.4109,1.1314,En riesgo
USR_2950,10366229.0,0.8613,6,0.5046,1.2826,En riesgo
USR_2951,12920144.48,0.7344,15,0.2431,1.2298,En riesgo
USR_2952,7630263.06,0.1345,11,0.7228,0.8833,En observación
USR_2953,3617293.07,0.3405,11,0.6429,1.2074,En riesgo
USR_2954,6563603.86,0.6306,6,0.7194,1.1352,En riesgo
USR_2955,13393731.67,0.4162,5,0.6692,0.6693,En observación
USR_2956,6875803.51,0.9178,4,0.4647,1.2488,En riesgo
USR_2957,6990507.89,0.8166,10,0.4669,0.3989,En riesgo
USR_2958,3598222.01,0.6797,10,0.8554,1.0862,En riesgo
USR_2959,12182927.54,0.436,13,0.6159,0.3356,En observación
USR_2960,11963826.15,0.9199,7,0.4074,0.5452,En riesgo
USR_2961,14842821.34,0.0665,7,0.6992,0.5242,Saludable
USR_2962,2715023.7,0.7619,15,0.4479,1.252,En riesgo
USR_2963,10847109.6,0.7549,12,0.5095,1.247,En riesgo
USR_2964,7820732.04,0.0811,0,0.4876,1.0814,En riesgo
USR_2965,1402573.44,0.6605,3,0.2434,0.3339,En riesgo
USR_2966,6423874.42,0.6932,5,0.5882,0.9785,En riesgo
USR_2967,4367553.8,0.5123,1,0.7778,1.1914,En riesgo
USR_2968,13828956.06,0.5073,6,0.2189,0.3906,En observación
USR_2969,3363582.7,0.1363,1,0.3529,1.0574,En riesgo
USR_2970,14511105.58,0.8678,8,0.8133,0.827,En riesgo
USR_2971,2440212.5,0.4633,9,0.7455,0.9254,Saludable
USR_2972,4723682.81,0.104,13,0.4144,0.4352,Saludable
USR_2973,4661590.06,0.6823,1,0.6391,0.6044,Saludable
USR_2974,13047359.33,0.1394,7,0.5651,0.3236,Saludable
USR_2975,7158063.64,0.5726,8,0.7629,1.1078,En riesgo
USR_2976,10931420.73,0.4481,4,0.8853,0.6539,En observación
USR_2977,7555405.38,0.6531,7,0.7425,0.3567,En riesgo
USR_2978,8633281.74,0.3673,14,0.3615,0.9171,En observación
USR_2979,13443315.38,0.6241,14,0.4817,0.5591,En riesgo
USR_2980,13978813.86,0.931,5,0.7177,0.3304,En riesgo
USR_2981,10788752.18,0.9346,12,0.2627,1.1533,En riesgo
USR_2982,8581430.53,0.4156,15,0.2747,0.3546,Saludable
USR_2983,12306590.02,0.8099,1,0.5579,0.8556,En riesgo
USR_2984,3516864.85,0.4272,6,0.5367,0.977,En observación
USR_2985,8235010.45,0.943,10,0.6087,0.4165,En riesgo
USR_2986,9684024.15,0.3978,7,0.448,0.8443,En riesgo
USR_2987,3038569.96,0.0054,12,0.7299,0.4364,Saludable
USR_2988,14520349.84,0.8436,6,0.4885,1.0405,En riesgo
USR_2989,2230486.44,0.0575,12,0.8603,0.4619,Saludable
USR_2990,10085460.47,0.8134,5,0.451,0.8574,En riesgo
USR_2991,6891171.84,0.169,4,0.8431,0.8825,En observación
USR_2992,13890773.95,0.77,3,0.4378,0.6871,En riesgo
USR_2993,12463436.67,0.2226,8,0.2436,0.4678,Saludable
USR_2994,6867465.64,0.5149,10,0.2397,0.7282,En observación
USR_2995,4492273.23,0.7591,1,0.7088,1.2362,En riesgo
USR_2996,4473640.61,0.2702,4,0.4257,0.8382,Saludable
USR_2997,14636797.17,0.3994,14,0.6543,0.919,En observación
USR_2998,4854025.09,0.4654,5,0.2427,1.2974,En observación
USR_2999,8413072.2,0.5443,9,0.4897,0.3801,En observación
USR_3000,13954155.88,0.0407,14,0.848,0.591,Saludable
