fecha,descripcion,monto,categoria
2025-09-29 16:07:32,TDA GASOLINERA TERPEL #3757,28199.03,transporte
2026-06-01 10:11:47,POS TRANSMILENIO CARD #620,15923.67,transporte
2025-11-20 13:00:09,aut pago arriendo apto,1075840.87,vivienda
2025-10-10 15:01:57,PAYMENT Movistar Factura #206,67091.85,servicios
2025-09-26 05:46:09,PAYMENT CONSULTORIO ODONTOLOGICO #2647,37889.58,salud
2026-06-01 01:58:07,POS Cinemark #5981,11340.14,ocio
2025-09-20 04:46:25,TDA Matricula Uniminuto #2145,656747.81,educacion
2026-01-28 07:02:29,aut recarga celular claro #6025,42636.28,servicios
2025-08-29 00:10:30,TDA Gasolinera Terpel #4841,11819.11,transporte
2025-11-10 08:17:55,PAYMENT INMOBILIARIA BOGOTA #6077,1010075.89,vivienda
2026-03-01 16:41:51,tda spotify #1269,9658.64,ocio
2025-08-27 17:46:41,TDA LABORATORIO SYNLAB #7673,29369.07,salud
2025-11-02 15:44:46,PAGO EN Easy,843383.76,vivienda
2026-04-26 19:48:25,INMOBILIARIA BOGOTA #4486,231429.8,vivienda
2026-03-17 01:40:03,TDA SPOTIFY #7617,3994.04,ocio
2025-11-11 01:06:01,TDA Farmatodo #4404,26409.62,salud
2026-04-03 06:47:57,payment acueducto agua #2366,14651.55,servicios
2026-06-27 18:53:01,Gasolinera Terpel #2721,23928.43,transporte
2026-06-08 03:02:32,POS Acueducto Agua #9863,15602.49,servicios
2026-05-15 13:34:32,coursera course,18128.41,educacion
2025-12-27 13:48:34,TRANSMILENIO CARD #5673,67446.09,transporte
2025-10-16 19:37:08,PAYMENT Movistar Factura #4415,23494.8,servicios
2026-06-09 22:43:33,POS LABORATORIO SYNLAB,52800.77,salud
2025-09-26 03:06:49,pago en pago arriendo apto,310255.39,vivienda
2026-01-11 23:37:26,PAGO EN Crepes and Waffles #1932,23493.85,alimentacion
2026-01-03 20:22:31,POS Pension Colegio #9395,112770.17,educacion
2026-04-08 21:34:46,Taller Automotriz Central #8827,6400.34,transporte
2026-06-26 21:25:32,PAYMENT CONSULTORIO ODONTOLOGICO,74107.19,salud
2026-05-27 20:02:17,aut movistar factura,18762.52,servicios
2026-03-13 16:27:11,tda udemy online,69561.57,educacion
2026-08-10 14:51:39,COMPRA TRANSFERENCIA NEQUI #5639,12067.77,otras
2025-09-17 00:54:57,COMPRA FERRETERIA EL MARTILLO #1064,2216338.15,vivienda
2025-12-09 07:03:52,pos oxxo #4662,35925.49,alimentacion
2026-04-14 15:28:00,COMPRA Ferreteria El Martillo,386688.0,vivienda
2026-03-29 15:45:25,DAVIPLATA ENVIO #6769,50138.52,otras
2026-05-18 01:31:49,PAGO EN Peaje Cundinamarca #7751,6010.36,transporte
2025-09-04 05:33:33,TDA PANADERIA KUTY,42919.9,alimentacion
2025-11-13 22:36:39,PAGO EN ETB INTERNET,8301.55,servicios
2025-09-17 10:09:36,AUT PAGO ARRIENDO APTO #7012,328761.67,vivienda
2026-07-19 22:39:29,daviplata envio,26818.88,otras
2026-01-12 01:28:41,TDA Gasolinera Terpel,35053.12,transporte
2026-02-09 12:32:07,COMPRA UBER #7986,21041.07,transporte
2026-07-07 08:55:03,COMPRA RECARGA CELULAR CLARO #6496,25099.7,servicios
2025-10-19 14:29:27,PAYMENT Cajero Davivienda,16299.61,otras
2026-01-02 09:48:28,compra daviplata envio #1058,5021.47,otras
2026-05-04 16:55:49,pos oxxo #7911,20417.03,alimentacion
2026-05-16 23:53:03,AUT DROGUERIA CRUZ VERDE #3144,29534.0,salud
2026-04-26 02:34:21,PAYMENT UBER #9433,46695.82,transporte
2026-04-10 23:57:26,pos crepes and waffles #9662,47805.44,alimentacion
2025-10-22 21:34:22,COMPRA STEAM GAMES,3888.86,ocio
2026-05-27 14:23:57,COMPRA UDEMY ONLINE,145641.12,educacion
2025-10-19 21:27:59,POS Cinemark #9324,10203.05,ocio
2026-01-11 19:13:33,COMPRA Transmilenio Card #2270,9806.2,transporte
2026-08-11 19:42:57,PAGO EN Uber #7279,31272.95,transporte
2026-05-11 16:34:45,COURSERA COURSE,340169.54,educacion
2025-11-10 17:24:24,POS LIBRERIA PANAMERICANA,301804.92,educacion
2025-12-21 08:58:44,TDA TEXACO #4562,8473.54,transporte
2025-11-14 09:19:39,pago en easy #4425,605901.42,vivienda
2026-06-26 02:00:56,POS Matricula Uniminuto,146901.29,educacion
2026-01-20 05:34:18,pago en supermercado exito,79255.82,alimentacion
2025-09-12 03:22:03,tda pension colegio #7107,55547.34,educacion
2026-08-07 01:29:25,tda texaco,15258.73,transporte
2026-07-23 18:46:59,PAYMENT NETFLIX #5150,6158.36,ocio
2025-12-17 15:27:19,compra oxxo,13947.21,alimentacion
2026-04-28 23:34:34,AUT Boletas Tuboleto,23594.48,ocio
2026-01-18 02:00:05,Pago Arriendo Apto,1645811.31,vivienda
2026-02-11 15:15:15,TDA Jumbo,34282.55,alimentacion
2025-11-28 07:18:25,ETB INTERNET,49124.82,servicios
2025-11-21 05:10:47,TDA Optica HP #734,72969.7,salud
2026-03-23 10:46:30,PAGO ARRIENDO APTO,495304.57,vivienda
2025-11-27 11:22:27,POS PAGO ARRIENDO APTO,906038.76,vivienda
2026-04-01 11:10:52,MATRICULA UNIMINUTO #8446,625085.6,educacion
2026-08-01 02:45:38,POS CINEPOLIS,13028.85,ocio
2026-01-19 13:07:39,POS Matricula Uniminuto #5763,645365.68,educacion
2025-11-10 14:39:45,AUT BOLETAS TUBOLETO,2134.91,ocio
2026-03-03 07:34:27,POS ADMINISTRACION CONJUNTO,1194384.45,vivienda
2025-09-21 17:46:55,payment administracion conjunto #5509,768524.9,vivienda
2026-07-17 20:30:21,AUT DIDI RIDE #6791,13778.9,transporte
2025-10-15 19:01:45,compra coursera course #6311,110206.7,educacion
2025-10-18 13:35:07,AUT Laboratorio Synlab #9077,5506.44,salud
2026-01-28 09:15:39,compra platzi subscripcion #9602,75840.96,educacion
2025-09-11 02:33:58,payment playstation network #3601,17153.87,ocio
2026-01-12 15:23:40,POS CONSULTORIO ODONTOLOGICO #5591,249118.37,salud
2026-02-15 04:59:10,PAGO EN EASY #3362,534473.74,vivienda
2025-11-23 01:47:39,PAYMENT D1,19019.22,alimentacion
2026-07-17 17:29:35,tda amazon marketplace #6391,13336.27,otras
2026-05-08 15:08:45,TDA Pago Arriendo Apto,1263304.25,vivienda
2025-09-30 22:08:40,compra peaje cundinamarca #8586,24242.83,transporte
2026-07-27 01:16:15,payment inmobiliaria bogota #7712,530801.75,vivienda
2026-06-05 01:08:00,AUT Playstation Network,19135.25,ocio
2026-06-11 22:18:15,PAYMENT Acueducto Agua,28516.74,servicios
2025-12-27 13:06:36,PAGO EN Amazon Marketplace,58025.91,otras
2025-12-09 10:03:52,PAYMENT COURSERA COURSE,42511.77,educacion
2025-10-17 20:34:55,COMPRA Didi Ride #5338,13428.09,transporte
2025-08-18 16:41:36,COMPRA Estacion Texaco #2603,12671.4,transporte
2026-07-23 13:59:09,payment peaje cundinamarca #7733,4831.13,transporte
2025-11-27 17:24:31,payment homecenter,871239.48,vivienda
2026-06-09 08:26:50,PAYMENT CREPES AND WAFFLES #5863,44749.89,alimentacion
2026-03-02 14:22:52,aut vanti gas natural,26985.85,servicios
2026-07-21 12:15:58,COMPRA HOMECENTER #8056,633647.27,vivienda
2025-12-11 08:09:07,TDA Boletas Tuboleto #7757,4960.39,ocio
2026-03-02 14:12:21,AUT MCDONALDS #544,25938.5,alimentacion
2025-11-02 16:25:51,MOVISTAR FACTURA #923,21902.83,servicios
2026-01-09 15:34:28,PAYMENT SPOTIFY #6311,7619.04,ocio
2026-03-14 21:49:18,Enel Codensa Luz #417,24421.73,servicios
2026-08-09 03:25:29,COMPRA Oxxo,50173.42,alimentacion
2026-04-07 01:00:47,compra supermercado exito #433,164217.77,alimentacion
2026-02-23 04:34:49,payment pago arriendo apto,809965.3,vivienda
2025-09-29 21:07:39,TDA HOMECENTER #6143,851308.82,vivienda
2026-07-24 16:43:35,PAGO EN Estacion Texaco #520,16865.05,transporte
2025-11-18 10:18:08,tda vanti gas natural #9800,8507.79,servicios
2025-11-18 23:31:51,TDA Inmobiliaria Bogota,717904.39,vivienda
2025-09-17 00:30:50,PAGO EN GASOLINERA TERPEL #6171,19038.28,transporte
2026-05-28 16:19:05,CINEPOLIS #8131,74926.99,ocio
2026-06-30 08:19:58,TDA Playstation Network #2985,11676.66,ocio
2026-06-08 19:46:15,Coursera Course,141755.19,educacion
2026-06-10 20:32:21,AMAZON MARKETPLACE,21275.01,otras
2025-10-06 07:08:24,PAGO EN INMOBILIARIA BOGOTA,361780.58,vivienda
2026-02-18 00:23:52,AUT MERCADOLIBRE,69066.34,otras
2025-10-20 13:32:23,COMPRA Cajero Davivienda #5913,46720.25,otras
2026-03-10 08:43:16,AUT STEAM GAMES,23242.14,ocio
2026-01-28 18:22:35,compra restaurante don jediondo #6758,17544.4,alimentacion
2026-08-13 04:32:46,payment easy,1692431.12,vivienda
2026-06-06 18:01:36,PAGO EN CARULLA #4086,11831.48,alimentacion
2026-05-12 08:28:38,AUT Playstation Network #7071,20146.78,ocio
2026-05-21 07:36:39,TDA BAR EL CERVECERO #5123,61902.69,ocio
2026-01-19 09:19:21,PAGO EN Uber #8879,7394.69,transporte
2026-04-26 19:44:51,COMPRA FARMATODO,26293.38,salud
2026-02-03 13:50:01,MATRICULA UNIMINUTO #3827,111255.17,educacion
2026-02-08 18:36:03,TDA MATRICULA UNIMINUTO #4594,53950.88,educacion
2025-11-21 17:05:34,PAGO EN RESTAURANTE DON JEDIONDO,10503.56,alimentacion
2025-09-11 07:12:34,transferencia nequi #4758,23589.64,otras
2025-08-25 14:29:54,COMPRA CAJERO DAVIVIENDA,7613.64,otras
2026-03-20 13:22:04,TRANSFERENCIA NEQUI #8156,35369.05,otras
2026-04-02 23:06:15,COMPRA Jumbo,17404.09,alimentacion
2025-08-20 05:28:06,pos uber #6918,72761.41,transporte
2026-05-19 08:00:02,PAYMENT FERRETERIA EL MARTILLO #7353,455908.78,vivienda
2025-09-09 07:11:17,aut enel codensa luz,22175.94,servicios
2025-09-12 14:39:41,TDA UBER #1430,37502.6,transporte
2026-07-17 06:49:39,pos laboratorio synlab #6793,12658.06,salud
2025-09-13 22:53:00,POS Cajero Davivienda #4732,27652.18,otras
2025-11-17 20:48:32,TDA Transferencia Nequi #4434,81400.99,otras
2026-05-04 05:46:11,POS Homecenter #2541,278037.16,vivienda
2025-11-08 15:16:36,pos drogueria cruz verde #5139,60059.87,salud
2025-10-07 19:40:50,pos udemy online #5082,134842.05,educacion
2026-08-15 18:04:10,aut coursera course #1417,252252.9,educacion
2026-03-29 05:07:36,PAGO EN ETB INTERNET,12808.06,servicios
2025-11-19 19:20:36,easy,330289.9,vivienda
2026-06-27 00:51:45,Panaderia Kuty #759,55135.73,alimentacion
2025-10-30 09:11:38,AUT EPS Sanitas,67960.58,salud
2025-09-24 01:54:20,payment laboratorio synlab,64572.39,salud
2026-01-31 20:07:59,pago en taller automotriz central #5360,24632.04,transporte
2026-01-28 22:29:02,PAYMENT DROGAS LA REBAJA,23201.51,salud
2026-02-14 19:25:49,POS ACUEDUCTO AGUA #5253,30925.99,servicios
2025-09-07 11:21:25,peaje cundinamarca #118,23476.74,transporte
2026-04-28 05:05:29,pos amazon marketplace #6027,10782.16,otras
2025-09-24 15:45:57,PAYMENT PAPELERIA COMERCIAL,142311.63,otras
2026-01-20 19:08:50,payment drogas la rebaja,82554.69,salud
2025-12-27 04:58:28,AUT Panaderia Kuty,14002.02,alimentacion
2025-11-22 00:05:24,POS COURSERA COURSE #1627,217045.94,educacion
2025-10-30 07:19:13,POS TALLER AUTOMOTRIZ CENTRAL,7500.96,transporte
2026-02-07 15:49:34,TDA Coursera Course #8005,253850.69,educacion
2026-01-28 06:40:00,AUT Homecenter #3222,1461768.19,vivienda
2025-12-03 14:40:26,POS OPTICA HP #6898,19875.63,salud
2025-11-22 10:48:35,PAGO EN Matricula Uniminuto,313655.76,educacion
2026-02-05 12:43:22,PAYMENT DAVIPLATA ENVIO #5754,33282.3,otras
2025-09-24 11:01:13,PAGO EN Vanti Gas Natural,44056.85,servicios
2026-04-27 16:52:33,PAYMENT FERRETERIA EL MARTILLO #6830,2276331.67,vivienda
2026-07-08 02:47:12,papeleria comercial #2592,17233.52,otras
2025-09-22 15:43:01,AUT JUMBO,19870.89,alimentacion
2025-10-21 00:34:36,POS TALLER AUTOMOTRIZ CENTRAL #7586,8098.52,transporte
2026-02-22 00:56:54,EPS SANITAS,19982.43,salud
2025-11-08 10:42:51,PAGO EN CAJERO DAVIVIENDA,20392.01,otras
2026-08-02 21:49:19,cabify,24514.91,transporte
2025-10-20 08:58:27,PLAYSTATION NETWORK #1221,16214.86,ocio
2025-08-18 06:32:04,TDA Pension Colegio #1712,266364.22,educacion
2025-11-28 10:18:59,COMPRA Taller Automotriz Central,18246.01,transporte
2025-12-06 05:09:37,OXXO #5973,116172.02,alimentacion
2026-05-14 23:08:54,AUT FARMATODO #3050,36639.33,salud
2026-06-17 15:54:13,aut peaje cundinamarca,208595.5,transporte
2026-05-01 11:31:57,payment farmatodo,97561.1,salud
2026-02-22 10:33:04,PAGO EN RAPPI COMIDA,18293.0,alimentacion
2025-10-30 04:25:17,aut cajero davivienda #7051,7548.53,otras
2025-11-09 23:33:51,COMPRA Cajero Davivienda,35684.53,otras
2026-03-30 08:47:47,PAYMENT UBER #9517,14748.31,transporte
2026-03-16 00:04:14,MATRICULA UNIMINUTO,232536.06,educacion
2026-06-03 22:04:57,TDA Crepes and Waffles #4789,53028.78,alimentacion
2025-09-08 15:15:50,ferreteria el martillo #3215,698229.17,vivienda
2026-04-01 07:22:29,pos consultorio odontologico,19312.87,salud
2026-02-28 17:21:00,POS UDEMY ONLINE #2253,16029.46,educacion
2025-10-17 13:49:27,TDA PLATZI SUBSCRIPCION #3389,57767.53,educacion
2026-03-02 15:44:58,Steam Games #7994,24330.33,ocio
2026-07-14 01:31:57,libreria panamericana #1986,127632.78,educacion
2025-09-13 01:06:36,Estacion Texaco,5877.2,transporte
2025-09-12 19:53:10,PAGO EN ACUEDUCTO AGUA #6564,29849.06,servicios
2026-07-18 03:10:55,pago en taller automotriz central,25508.98,transporte
2026-01-21 05:54:21,pago en etb internet #3930,15830.37,servicios
2026-07-29 04:31:27,TDA Spotify #7706,14877.53,ocio
2025-11-21 01:20:18,PAYMENT Libreria Panamericana #842,105857.64,educacion
2026-04-05 07:45:54,POS UDEMY ONLINE #8907,25045.15,educacion
2026-04-14 23:29:56,tda cajero davivienda,31501.4,otras
2026-01-27 05:54:15,TDA Acueducto Agua,37664.4,servicios
2026-04-01 02:39:54,AUT TALLER AUTOMOTRIZ CENTRAL #4683,47798.34,transporte
2026-03-08 11:07:59,PAYMENT Spotify #3968,27935.72,ocio
2026-08-15 10:32:19,aut cabify,5219.19,transporte
2025-11-04 18:16:43,PAGO EN McDonalds #2101,17149.77,alimentacion
2026-05-22 13:50:11,TDA Transferencia Nequi #9883,36865.64,otras
2025-11-18 03:09:33,COMPRA Oxxo,54777.17,alimentacion
2026-01-18 03:26:11,INMOBILIARIA BOGOTA,993539.02,vivienda
2026-05-05 07:03:05,PAGO EN Pago Arriendo Apto,7360503.47,vivienda
2025-12-11 22:37:13,Ara,57337.63,alimentacion
2025-12-18 05:25:48,POS PENSION COLEGIO,385647.4,educacion
2025-08-21 01:16:16,oxxo,77901.57,alimentacion
2026-04-15 16:04:07,pago en jumbo #6997,61151.7,alimentacion
2025-09-25 06:20:16,payment taller automotriz central,13578.7,transporte
2026-03-14 05:33:39,AUT Taller Automotriz Central #810,35705.94,transporte
2026-03-01 21:37:55,TDA UDEMY ONLINE,39050.45,educacion
2025-10-07 21:01:46,payment amazon marketplace,17381.84,otras
2026-07-25 12:41:39,POS TRANSFERENCIA NEQUI #2530,13556.7,otras
2026-07-24 21:50:15,TDA COURSERA COURSE #5427,108906.93,educacion
2026-01-07 22:41:13,AUT UDEMY ONLINE,1587371.85,educacion
2025-10-17 16:45:07,tda transmilenio card,3359.21,transporte
2026-07-07 05:30:40,PAGO EN HOMECENTER,1101029.4,vivienda
2026-05-17 15:54:44,PAYMENT CABIFY #4276,4224.08,transporte
2026-04-11 23:41:41,PAYMENT CONSULTORIO ODONTOLOGICO #1498,29169.38,salud
2026-03-10 20:31:46,cabify #1082,48052.79,transporte
2026-05-03 19:22:52,PAYMENT Cinemark #7029,13974.59,ocio
2025-12-11 16:51:25,aut ara #1797,15333.64,alimentacion
2025-09-26 15:56:28,TDA PAGO ARRIENDO APTO #1873,474880.17,vivienda
2025-11-28 03:26:45,Cinemark #3805,21498.07,ocio
2026-07-28 23:10:06,TDA CREPES AND WAFFLES,20245.88,alimentacion
2026-06-01 18:16:12,TDA Drogas La Rebaja,62199.64,salud
2025-10-16 19:19:28,compra cinepolis,13792.78,ocio
2025-12-04 20:36:13,COMPRA Recarga Celular Claro,18197.51,servicios
2025-11-07 05:39:20,COMPRA TRANSMILENIO CARD #7532,124187.73,transporte
2025-12-28 14:19:15,tda steam games #9399,20821.54,ocio
2026-05-11 10:22:57,COMPRA JUMBO,7185.97,alimentacion
2026-07-14 16:10:07,payment didi ride,21328.7,transporte
2026-03-01 17:11:55,PAGO EN AMAZON MARKETPLACE #8494,11364.09,otras
2025-11-22 23:03:52,pago en recarga celular claro,44867.1,servicios
2025-09-22 06:43:44,COMPRA MATRICULA UNIMINUTO #9919,38138.33,educacion
2026-01-28 22:27:26,COMPRA Administracion Conjunto,680891.42,vivienda
2025-09-03 13:21:48,POS PLATZI SUBSCRIPCION #7155,180951.58,educacion
2025-12-24 23:25:02,TDA Acueducto Agua #9254,45227.16,servicios
2026-04-21 20:46:19,PAYMENT CINEMARK,5766.34,ocio
2025-10-19 04:29:53,pos rappi comida,27789.1,alimentacion
2026-02-05 00:39:01,tda etb internet #1987,20232.24,servicios
2026-05-18 11:44:32,netflix,8456.32,ocio
2026-03-23 06:28:33,PAYMENT CINEMARK,45973.39,ocio
2025-09-29 21:11:06,POS Acueducto Agua #5183,34303.03,servicios
2026-07-26 09:35:35,administracion conjunto #8463,342309.17,vivienda
2026-08-03 11:40:11,PAGO EN Administracion Conjunto,1265170.14,vivienda
2026-03-17 07:42:54,POS FARMATODO #3332,506040.42,salud
2026-07-07 13:26:03,OPTICA HP,152620.81,salud
2026-03-31 15:49:39,amazon marketplace #9594,4820.49,otras
2025-10-13 22:46:44,compra bar el cervecero #7782,9518.91,ocio
2025-10-05 22:19:24,AUT PLATZI SUBSCRIPCION #8412,451483.17,educacion
2025-12-15 03:37:15,POS AMAZON MARKETPLACE #4803,10854.45,otras
2026-08-01 13:33:35,PAYMENT Transmilenio Card #9181,26888.06,transporte
2026-08-01 13:01:47,RAPPI COMIDA #3184,67488.15,alimentacion
2025-11-07 00:30:00,compra mercadolibre,8717.34,otras
2025-11-22 08:13:50,AUT CINEMARK,12814.5,ocio
2025-09-26 08:33:03,AUT AMAZON MARKETPLACE #2700,861.55,otras
2026-06-16 09:39:19,payment udemy online,28875.1,educacion
2026-07-26 19:10:39,TDA PANADERIA KUTY #5501,29671.6,alimentacion
2026-04-15 11:25:46,pago en enel codensa luz,12725.08,servicios
2025-10-16 10:59:11,POS Drogas La Rebaja #2417,295272.06,salud
2026-07-19 05:09:15,TDA LIBRERIA PANAMERICANA,17744.49,educacion
2026-06-24 01:55:56,AUT Didi Ride #5481,12136.35,transporte
2026-07-25 17:50:22,AUT PEAJE CUNDINAMARCA #6040,20285.6,transporte
2025-08-27 01:28:14,Administracion Conjunto #3811,1731959.48,vivienda
2026-05-30 11:43:24,PAGO EN DROGUERIA CRUZ VERDE,10102.64,salud
2026-06-17 06:48:56,pago en panaderia kuty,92090.86,alimentacion
2026-06-24 23:49:06,COMPRA Movistar Factura #2812,27068.88,servicios
2026-07-19 00:06:19,PAGO EN MCDONALDS,16560.79,alimentacion
2026-06-28 07:10:34,PAGO EN MercadoLibre,34965.02,otras
2025-11-29 01:15:16,COMPRA Ferreteria El Martillo #7784,821950.8,vivienda
2026-06-19 05:18:26,TDA Administracion Conjunto,508830.32,vivienda
2025-09-28 09:58:09,cajero davivienda #8741,23618.89,otras
2026-07-22 03:37:43,COMPRA OPTICA HP,32085.36,salud
2026-07-16 21:06:50,tda matricula uniminuto #6181,113121.85,educacion
2025-11-11 19:40:39,Transmilenio Card #1474,32725.75,transporte
2026-06-30 13:35:01,AUT UDEMY ONLINE #7267,662131.98,educacion
2025-12-31 05:29:51,pago en homecenter,347080.04,vivienda
2026-07-02 02:23:54,PAGO EN ACUEDUCTO AGUA #1437,96743.65,servicios
2025-11-12 00:14:35,pos oxxo,7618.46,alimentacion
2026-04-30 18:24:00,pos farmatodo #7840,41482.89,salud
2026-01-19 04:25:01,TDA Optica HP #186,93634.01,salud
2025-12-03 15:12:49,compra ara,45469.34,alimentacion
2026-06-13 18:22:18,RECARGA CELULAR CLARO #5034,18515.81,servicios
2025-12-31 19:21:50,tda homecenter,643789.22,vivienda
2026-03-03 06:27:00,aut taller automotriz central #8543,11571.48,transporte
2026-05-08 08:00:46,PAYMENT DROGAS LA REBAJA #5880,25634.61,salud
2025-12-24 00:59:07,tda movistar factura,44790.94,servicios
2025-10-01 05:30:28,aut cinemark #8416,17152.7,ocio
2025-10-25 18:49:03,POS Vanti Gas Natural,17752.01,servicios
2025-11-28 12:46:15,POS LIBRERIA PANAMERICANA #1206,290546.77,educacion
2025-09-28 12:49:47,COMPRA CABIFY #9045,23779.27,transporte
2026-02-02 04:52:22,Optica HP,119868.23,salud
2026-05-27 08:58:37,COMPRA PAPELERIA COMERCIAL,41341.78,otras
2026-02-02 21:55:50,PAGO EN Transferencia Nequi #3368,9614.28,otras
2026-03-04 01:15:12,aut steam games #8997,9026.08,ocio
2026-01-14 00:43:35,COMPRA Panaderia Kuty #883,66028.05,alimentacion
2025-10-30 06:06:27,pos steam games,20481.13,ocio
2025-09-03 16:09:26,PAYMENT ETB INTERNET,26567.9,servicios
2026-02-02 18:47:44,TDA EPS SANITAS #8607,55773.83,salud
2026-03-07 08:27:13,pos peaje cundinamarca #3056,56948.26,transporte
2026-05-11 04:25:03,POS CINEMARK #4943,8829.91,ocio
2026-08-17 14:19:56,TDA MOVISTAR FACTURA #7425,37356.36,servicios
2026-05-30 16:08:03,PAGO EN Boletas Tuboleto,11596.58,ocio
2025-11-01 22:56:43,TDA CARULLA,30511.38,alimentacion
2026-01-31 22:25:41,compra drogueria cruz verde,164169.47,salud
2026-05-02 09:35:20,COMPRA TRANSFERENCIA NEQUI #6101,50282.7,otras
2026-04-16 10:40:27,COMPRA Crepes and Waffles,69620.04,alimentacion
2026-05-02 01:39:51,playstation network #2355,33317.4,ocio
2026-05-23 23:02:27,TDA ENEL CODENSA LUZ #1958,27244.37,servicios
2026-03-02 09:10:09,AUT EPS SANITAS #9302,103792.42,salud
2026-05-03 10:20:14,payment libreria panamericana #4778,68028.36,educacion
2025-12-22 02:41:24,pos daviplata envio #1313,30459.9,otras
2026-05-15 04:53:54,Transferencia Nequi,19338.57,otras
2026-03-20 17:56:37,TDA BAR EL CERVECERO #8982,14298.32,ocio
2025-10-30 22:31:27,TDA Pension Colegio,201629.76,educacion
2026-05-02 16:02:11,PAGO EN Optica HP #2088,19929.52,salud
2026-05-07 11:30:20,farmatodo #6012,489738.08,salud
2026-08-03 01:12:09,PLAYSTATION NETWORK,6606.36,ocio
2026-04-13 11:27:35,pago en texaco #7942,6046.47,transporte
2025-12-12 07:30:04,pos acueducto agua #5294,53898.96,servicios
2026-03-18 05:35:23,TDA Amazon Marketplace #2202,48613.8,otras
2025-12-13 10:45:53,COMPRA Optica HP #1007,97395.16,salud
2025-11-07 01:29:22,COMPRA DROGAS LA REBAJA #3794,97848.93,salud
2026-06-18 14:14:53,PAGO EN MATRICULA UNIMINUTO #9124,97275.64,educacion
2026-04-10 00:56:26,aut coursera course #2862,33634.07,educacion
2025-12-20 14:01:31,TDA Farmatodo,53283.66,salud
2026-02-05 00:11:20,CINEPOLIS,8316.42,ocio
2026-05-06 19:44:50,compra libreria panamericana,318107.19,educacion
2026-03-03 22:55:55,tda rappi comida #5049,32284.87,alimentacion
2026-06-21 16:35:42,PAYMENT ENEL CODENSA LUZ #1081,16394.51,servicios
2025-10-22 08:05:00,PAYMENT VANTI GAS NATURAL #2453,22184.93,servicios
2025-09-19 08:47:48,payment bar el cervecero #6170,17837.39,ocio
2026-03-05 14:48:21,compra cabify #4482,10857.9,transporte
2026-04-20 05:52:52,POS Drogueria Cruz Verde #6393,19842.03,salud
2025-12-25 14:37:33,Movistar Factura,31138.88,servicios
2026-07-01 06:42:16,spotify #8533,15858.75,ocio
2026-05-05 17:21:18,pos udemy online #6542,53726.85,educacion
2025-11-12 16:14:51,AUT PAGO ARRIENDO APTO #928,549836.93,vivienda
2025-10-13 15:53:00,aut cajero davivienda #1861,27779.4,otras
2025-09-04 09:11:17,PAGO EN LIBRERIA PANAMERICANA,17366.51,educacion
2026-02-17 23:02:12,aut recarga celular claro #6039,11562.49,servicios
2026-07-13 10:34:27,AUT PEAJE CUNDINAMARCA #9108,9446.51,transporte
2026-02-10 07:13:52,pos estacion texaco #5655,14881.85,transporte
2026-07-27 13:50:22,compra netflix,16607.93,ocio
2026-03-29 00:05:12,POS Supermercado Exito #5556,118217.92,alimentacion
2026-05-23 09:54:51,AUT DAVIPLATA ENVIO,51930.4,otras
2026-01-13 13:23:01,PAYMENT Netflix,11944.7,ocio
2026-01-19 15:28:46,pago en coursera course #8451,96488.64,educacion
2025-10-13 17:54:34,udemy online #5527,29642.51,educacion
2026-05-11 11:33:01,PAGO EN Acueducto Agua,26606.0,servicios
2026-07-30 02:38:15,payment crepes and waffles #9577,28827.15,alimentacion
2026-06-15 17:50:56,PAYMENT CREPES AND WAFFLES #6329,47012.78,alimentacion
2025-11-10 10:11:32,AUT INMOBILIARIA BOGOTA,444036.23,vivienda
2026-06-25 17:17:31,pago en rappi comida #6865,55021.39,alimentacion
2026-03-06 14:09:40,acueducto agua,67483.83,servicios
2025-09-05 22:30:51,AUT Jumbo #5425,33289.32,alimentacion
2025-11-22 05:08:28,payment mercadolibre #2937,32915.92,otras
2026-02-10 16:58:39,TDA Bar El Cervecero,21657.36,ocio
2026-06-24 16:11:20,PAYMENT COURSERA COURSE #4138,60994.28,educacion
2026-05-03 16:43:13,PAGO EN Pension Colegio,129173.4,educacion
2026-03-22 12:00:22,PAYMENT CAJERO DAVIVIENDA #4580,22305.59,otras
2025-12-18 15:52:34,VANTI GAS NATURAL #2499,28526.98,servicios
2026-04-12 08:46:42,pos libreria panamericana #7347,39041.8,educacion
2026-07-29 20:40:36,COMPRA DAVIPLATA ENVIO,22573.01,otras
2026-01-30 03:57:25,pos pension colegio,179440.32,educacion
2026-02-06 14:39:39,TDA INMOBILIARIA BOGOTA,1742246.91,vivienda
2026-06-02 05:48:57,POS INMOBILIARIA BOGOTA #7839,1296997.45,vivienda
2026-02-08 05:23:57,AUT DROGUERIA CRUZ VERDE,523609.11,salud
2026-06-05 09:30:45,TDA AMAZON MARKETPLACE #4806,10225.63,otras
2026-07-09 14:32:04,TDA Carulla #8867,72973.86,alimentacion
2025-12-03 03:10:26,PAYMENT JUMBO,42052.48,alimentacion
2026-02-21 15:12:59,McDonalds #4842,209366.66,alimentacion
2025-11-18 08:22:41,AUT Ara,19022.19,alimentacion
2026-02-04 06:21:17,payment steam games,7421.93,ocio
2026-05-21 13:09:54,DAVIPLATA ENVIO #4570,12095.72,otras
2025-11-16 12:05:00,compra cabify,2666.42,transporte
2025-12-25 20:46:15,tda drogueria cruz verde #4933,27492.53,salud
2026-07-30 06:03:30,AUT Pago Arriendo Apto,462554.84,vivienda
2025-09-17 17:28:59,PAGO EN ACUEDUCTO AGUA #1662,29443.73,servicios
2025-10-15 00:17:19,PAGO EN EPS SANITAS,71391.32,salud
2026-01-13 04:35:33,PAYMENT Movistar Factura,82925.88,servicios
2025-10-15 18:41:35,tda coursera course #4385,308818.38,educacion
2025-11-08 12:37:49,TDA INMOBILIARIA BOGOTA #5126,515997.81,vivienda
2026-01-25 13:17:38,POS Libreria Panamericana,33587.27,educacion
2025-12-23 22:28:59,compra spotify,18851.42,ocio
2026-02-14 09:10:27,AUT Papeleria Comercial #9098,5882.67,otras
2025-09-10 14:48:12,TDA Pago Arriendo Apto,2188824.63,vivienda
2026-07-06 21:33:12,PAYMENT TRANSMILENIO CARD #6027,52130.01,transporte
2026-01-15 16:37:55,GASOLINERA TERPEL #8381,11822.29,transporte
2026-05-14 13:11:20,pago en farmatodo,7446.89,salud
2026-07-16 03:45:58,aut easy #8461,1643474.94,vivienda
2026-01-12 03:51:11,compra rappi comida #7584,33135.75,alimentacion
2025-08-19 17:24:01,PAPELERIA COMERCIAL #456,75948.92,otras
2025-12-11 09:42:59,AUT D1 #7041,10142.18,alimentacion
2026-07-14 21:09:23,POS TRANSMILENIO CARD,10515.05,transporte
2026-03-14 11:01:27,PAGO EN Transferencia Nequi #2318,22142.27,otras
2026-05-29 17:43:50,PAYMENT ENEL CODENSA LUZ #6284,27672.33,servicios
2026-06-24 01:45:24,Consultorio Odontologico #3024,29879.5,salud
2026-08-01 02:39:11,COMPRA ACUEDUCTO AGUA,39093.44,servicios
2026-02-23 01:04:24,pago en supermercado exito #9020,15458.34,alimentacion
2025-12-01 10:23:11,COMPRA MOVISTAR FACTURA #2641,24700.34,servicios
2026-02-22 00:57:23,gasolinera terpel,20095.8,transporte
2026-01-15 10:51:24,COMPRA D1 #9831,54805.79,alimentacion
2026-05-04 04:47:56,TDA D1 #7291,64170.05,alimentacion
2026-06-23 09:40:14,COMPRA INMOBILIARIA BOGOTA #4839,371466.79,vivienda
2026-05-25 16:18:16,COMPRA Bar El Cervecero #2447,4564.75,ocio
2026-07-09 20:31:32,PAGO EN Homecenter #9221,1570031.27,vivienda
2026-08-09 13:11:38,TDA CONSULTORIO ODONTOLOGICO #8220,70653.68,salud
2026-04-16 02:18:00,boletas tuboleto #6921,7911.4,ocio
2025-08-27 21:47:25,compra udemy online,635001.33,educacion
2026-04-04 07:17:07,Administracion Conjunto,781839.52,vivienda
2026-05-01 22:03:02,payment restaurante don jediondo,93287.16,alimentacion
2025-09-19 00:53:31,compra eps sanitas #5511,52800.2,salud
2026-01-30 21:24:20,POS CAJERO DAVIVIENDA #3220,172948.29,otras
2026-07-20 02:05:06,AUT ETB Internet,77126.68,servicios
2025-10-27 00:16:56,TDA FERRETERIA EL MARTILLO,628204.8,vivienda
2025-11-26 11:16:39,PAGO EN ADMINISTRACION CONJUNTO,1306604.79,vivienda
2025-12-22 13:35:34,POS Easy,1074349.12,vivienda
2026-02-10 00:32:59,AUT EASY,1658093.38,vivienda
2025-12-26 12:10:41,PAGO EN FERRETERIA EL MARTILLO,408826.41,vivienda
2025-12-03 11:59:04,pago en steam games #8247,21595.41,ocio
2025-11-23 09:47:09,COMPRA CAJERO DAVIVIENDA #6881,63476.47,otras
2026-02-16 02:01:20,COMPRA Easy #9165,253915.37,vivienda
2026-06-04 07:51:25,COMPRA ENEL CODENSA LUZ #3868,13227.39,servicios
2025-09-06 15:55:04,aut homecenter,214584.89,vivienda
2025-11-12 12:20:49,tda udemy online,71447.04,educacion
2025-09-13 02:00:52,Consultorio Odontologico #2393,107936.3,salud
2025-09-02 01:40:40,AUT Daviplata Envio,98948.72,otras
2025-11-21 11:17:32,Carulla,38533.21,alimentacion
2026-07-09 08:37:29,MOVISTAR FACTURA,71479.74,servicios
2026-04-15 17:42:47,COMPRA DROGUERIA CRUZ VERDE #6214,10741.7,salud
2025-11-18 01:50:42,payment papeleria comercial #8819,4010.28,otras
2026-02-17 08:21:14,aut supermercado exito,34737.04,alimentacion
2025-09-30 20:37:54,aut matricula uniminuto,156510.52,educacion
2025-11-10 02:01:18,POS DROGUERIA CRUZ VERDE #4048,47289.13,salud
2026-05-16 01:55:51,PAGO EN PLATZI SUBSCRIPCION,8259.09,educacion
2026-06-11 06:27:12,AUT VANTI GAS NATURAL #3800,25502.4,servicios
2025-10-21 14:21:11,pos gasolinera terpel #6279,5574.61,transporte
2026-04-10 06:24:06,POS PANADERIA KUTY,62052.62,alimentacion
2026-05-23 10:01:10,ETB Internet #1662,33522.06,servicios
2026-06-15 11:59:26,compra d1,17121.6,alimentacion
2025-12-16 05:32:16,pos cajero davivienda,13175.75,otras
2026-03-30 04:10:39,AUT COURSERA COURSE,27693.24,educacion
2026-08-13 04:18:03,COMPRA Cinepolis #6625,12786.24,ocio
2026-03-29 01:15:34,aut pension colegio #6475,310571.92,educacion
2026-08-05 01:51:43,Boletas Tuboleto,6700.86,ocio
2026-01-18 11:31:56,TDA TRANSMILENIO CARD,28385.73,transporte
2025-11-02 11:00:45,MOVISTAR FACTURA #9858,19571.81,servicios
2026-04-04 09:11:49,tda cinepolis #7481,7669.36,ocio
2026-07-05 23:56:01,payment boletas tuboleto #9698,12395.38,ocio
2025-11-19 17:57:55,DIDI RIDE #1304,7103.07,transporte
2026-05-15 04:45:17,TDA EPS SANITAS,26661.76,salud
2026-07-13 15:45:08,PAGO EN Enel Codensa Luz #185,13111.87,servicios
2026-04-07 14:41:12,CAJERO DAVIVIENDA #2270,157113.72,otras
2026-06-22 15:49:13,AUT VANTI GAS NATURAL #6785,27478.47,servicios
2026-06-17 09:08:06,AUT Cabify #9898,9607.0,transporte
2025-12-30 06:37:07,PAGO EN Recarga Celular Claro #1487,30588.76,servicios
2026-01-30 19:13:02,AUT FERRETERIA EL MARTILLO #6337,681876.05,vivienda
2026-01-08 08:24:57,PAGO EN PLATZI SUBSCRIPCION #1136,75722.94,educacion
2026-03-01 22:20:28,PAGO EN UDEMY ONLINE #1360,206282.12,educacion
2025-12-27 22:57:00,tda easy #3303,1149117.28,vivienda
2026-07-13 09:03:49,POS DROGAS LA REBAJA,27349.37,salud
2026-07-02 19:07:28,PAYMENT ENEL CODENSA LUZ #9838,19044.03,servicios
2025-09-27 10:08:18,PAYMENT Spotify #6624,11019.96,ocio
2026-01-05 02:16:55,TDA Libreria Panamericana,6233.51,educacion
2026-07-29 16:31:35,PAYMENT ADMINISTRACION CONJUNTO #6537,293867.82,vivienda
2026-05-19 03:02:21,AUT FERRETERIA EL MARTILLO #9112,1656346.05,vivienda
2026-02-02 13:28:45,COMPRA Papeleria Comercial #4873,114115.65,otras
2026-05-29 09:54:46,TDA PEAJE CUNDINAMARCA #5061,14412.74,transporte
2026-04-27 01:08:51,PAYMENT CONSULTORIO ODONTOLOGICO,92430.53,salud
2026-04-13 15:09:51,payment mercadolibre #6953,30069.0,otras
2026-06-14 06:37:35,pos cinemark,115291.22,ocio
2026-02-13 23:22:57,tda netflix,29251.98,ocio
2026-07-04 02:50:57,ENEL CODENSA LUZ #272,24915.6,servicios
2026-04-04 12:42:31,tda ferreteria el martillo #9611,411134.52,vivienda
2025-12-20 14:32:29,pago en homecenter #9743,278210.2,vivienda
2026-07-06 01:25:09,pos drogas la rebaja #4940,61316.85,salud
2025-12-03 18:14:40,TEXACO,9129.67,transporte
2025-11-20 03:25:01,payment platzi subscripcion,17913.24,educacion
2026-03-26 17:49:43,POS PLAYSTATION NETWORK #7512,8496.41,ocio
2026-05-03 22:24:46,MATRICULA UNIMINUTO,26960.89,educacion
2025-12-26 01:53:19,TDA Cinemark,43521.01,ocio
2026-02-25 09:42:55,compra ferreteria el martillo #5522,1237970.44,vivienda
2025-10-27 01:18:55,DAVIPLATA ENVIO #3122,21851.55,otras
2025-11-07 19:32:43,POS Vanti Gas Natural,65379.66,servicios
2026-06-23 06:46:53,PAYMENT MERCADOLIBRE #3619,23798.27,otras
2025-12-27 14:37:58,TEXACO,8306.92,transporte
2026-07-25 07:37:18,payment spotify #8119,38800.44,ocio
2026-05-16 17:57:04,AUT BOLETAS TUBOLETO #1971,19481.82,ocio
2026-03-21 06:47:34,COMPRA MercadoLibre,7806.83,otras
2026-03-06 01:45:35,AUT COURSERA COURSE #2294,78558.09,educacion
2025-09-19 16:24:56,pos administracion conjunto #2416,431330.13,vivienda
2026-05-24 02:01:38,COMPRA ACUEDUCTO AGUA #7031,11734.87,servicios
2026-02-23 04:19:14,COMPRA LABORATORIO SYNLAB #2398,135780.56,salud
2026-06-07 21:03:06,POS MercadoLibre,148659.93,otras
2026-05-12 15:23:26,COMPRA Daviplata Envio,5439.45,otras
2026-04-25 06:41:46,tda amazon marketplace #7372,38675.8,otras
2026-02-24 01:13:53,GASOLINERA TERPEL,10040.9,transporte
2026-06-21 09:06:54,aut pension colegio #7592,55019.86,educacion
2025-09-22 13:45:54,AUT MERCADOLIBRE #1971,12180.68,otras
2025-11-11 11:52:23,cinepolis,7296.91,ocio
2026-05-13 02:22:07,TDA Recarga Celular Claro,27697.93,servicios
2025-12-14 08:29:31,payment matricula uniminuto #1525,36419.51,educacion
2026-03-31 06:56:09,compra uber,23003.72,transporte
2026-02-17 05:33:08,COMPRA Boletas Tuboleto,12898.07,ocio
2026-03-11 14:59:45,aut inmobiliaria bogota #4705,631991.47,vivienda
2026-01-29 16:25:40,TDA DROGAS LA REBAJA #9483,18064.07,salud
2026-03-19 04:26:14,Estacion Texaco,10731.15,transporte
2026-01-01 01:33:24,COMPRA LIBRERIA PANAMERICANA,244377.51,educacion
2026-02-09 15:39:26,PAGO EN Consultorio Odontologico,85051.22,salud
2025-12-14 12:22:42,compra vanti gas natural #4502,14964.96,servicios
2025-11-14 23:12:55,POS Vanti Gas Natural,28555.34,servicios
2026-05-24 13:18:08,aut peaje cundinamarca,35463.11,transporte
2025-12-17 23:33:54,PAYMENT Playstation Network #140,4152.29,ocio
2026-06-01 22:35:54,TDA TALLER AUTOMOTRIZ CENTRAL,29408.06,transporte
2026-06-09 10:34:01,PAYMENT Transmilenio Card #7139,9933.21,transporte
2025-10-28 08:09:59,PAGO EN CAJERO DAVIVIENDA,38972.0,otras
2025-11-09 11:17:45,Laboratorio Synlab #5731,21171.58,salud
2026-02-21 11:30:10,POS Supermercado Exito,8570.61,alimentacion
2026-05-25 20:04:00,CARULLA #7579,9877.02,alimentacion
2026-06-08 16:05:46,TDA Movistar Factura,27690.67,servicios
2026-04-06 04:56:16,PENSION COLEGIO,134816.11,educacion
2025-09-25 11:24:58,POS STEAM GAMES #2811,7093.81,ocio
2025-12-10 11:39:43,tda libreria panamericana,212417.92,educacion
2026-01-04 14:06:01,POS TEXACO #1376,4042.55,transporte
2025-12-12 19:46:59,tda ferreteria el martillo #232,701062.36,vivienda
2026-05-19 09:39:20,TDA PEAJE CUNDINAMARCA #1260,6063.76,transporte
2025-10-05 14:17:01,POS TEXACO #5002,10030.12,transporte
2025-09-04 02:40:55,tda consultorio odontologico #8791,51644.48,salud
2026-03-20 08:07:27,pago en eps sanitas,19025.69,salud
2026-05-15 06:50:46,AUT EPS Sanitas,32112.12,salud
2026-04-22 03:49:15,compra texaco,44607.78,transporte
2025-09-26 06:37:52,PAYMENT ENEL CODENSA LUZ #2390,19031.77,servicios
2026-03-28 09:06:40,AUT Uber,38258.57,transporte
2026-02-15 17:32:29,pos libreria panamericana,25446.97,educacion
2026-02-04 11:54:42,AUT PENSION COLEGIO,186421.41,educacion
2025-10-28 00:50:20,tda enel codensa luz #4021,63891.47,servicios
2025-11-23 11:42:50,PAYMENT UBER,1949.87,transporte
2025-09-30 17:48:51,pago en oxxo #9412,19196.51,alimentacion
2026-01-20 01:18:32,PAYMENT Optica HP,92482.93,salud
2025-09-15 04:56:27,POS CREPES AND WAFFLES #3634,30870.73,alimentacion
2026-04-18 21:18:15,AUT McDonalds #8309,48869.89,alimentacion
2025-09-07 06:07:04,payment etb internet #8891,18724.89,servicios
2025-10-14 09:04:02,POS Drogas La Rebaja #8477,53919.57,salud
2025-12-13 10:23:50,PAGO EN LABORATORIO SYNLAB #1183,41305.67,salud
2025-11-21 19:45:08,ETB INTERNET #4105,54212.63,servicios
2026-03-22 04:03:45,PAYMENT RECARGA CELULAR CLARO,31340.06,servicios
2026-04-09 21:44:06,POS Drogueria Cruz Verde,71065.9,salud
2026-06-20 12:41:01,PAGO EN EPS SANITAS #4347,31161.4,salud
2025-11-13 02:00:05,Consultorio Odontologico,28670.76,salud
2026-01-12 03:49:30,PAGO EN GASOLINERA TERPEL,12218.39,transporte
2026-08-05 06:19:10,tda didi ride,25719.56,transporte
2025-12-10 21:58:37,AUT Amazon Marketplace #8285,14458.18,otras
2026-01-30 23:25:43,COMPRA Drogas La Rebaja #1785,67423.73,salud
2026-03-26 06:27:20,TDA Uber #821,116758.24,transporte
2025-09-09 19:49:55,POS D1 #6374,72904.07,alimentacion
2026-05-31 20:34:38,POS OPTICA HP #6970,34247.68,salud
2026-06-09 15:40:12,tda homecenter #1376,1499629.08,vivienda
2026-04-17 08:40:03,TDA TRANSMILENIO CARD,12490.61,transporte
2025-11-28 05:07:32,POS McDonalds,7111.73,alimentacion
2025-09-17 23:10:01,POS PLATZI SUBSCRIPCION #230,29445.5,educacion
2025-11-18 14:09:01,coursera course #4074,10457.24,educacion
2026-03-19 19:23:08,TDA Daviplata Envio,15498.31,otras
2025-10-17 05:26:05,POS PAGO ARRIENDO APTO,737521.87,vivienda
2026-01-23 02:06:17,PAGO EN Cinepolis #6264,43196.13,ocio
2026-05-12 03:50:58,compra matricula uniminuto #4002,146138.9,educacion
2026-02-15 22:20:48,TDA Jumbo #819,30476.76,alimentacion
2025-08-30 02:40:13,pago en etb internet #1491,44251.45,servicios
2025-12-07 07:46:37,consultorio odontologico #9797,4305.94,salud
2025-12-05 05:34:16,COMPRA ETB Internet #4376,30988.42,servicios
2026-07-17 06:33:37,ETB INTERNET,42724.13,servicios
2025-09-14 01:53:18,POS PENSION COLEGIO,16742.35,educacion
2025-11-16 02:06:45,POS ESTACION TEXACO #7735,50482.33,transporte
2026-06-19 09:32:03,PAGO EN TRANSMILENIO CARD,24456.39,transporte
2026-04-03 11:40:56,PAGO EN UDEMY ONLINE,59973.29,educacion
2026-06-25 15:23:20,TDA LIBRERIA PANAMERICANA,210941.95,educacion
2026-01-29 13:01:38,POS Netflix,65479.02,ocio
2026-03-16 22:08:03,POS ACUEDUCTO AGUA,30005.01,servicios
2026-04-25 22:50:17,payment drogueria cruz verde,64411.19,salud
2026-08-05 05:27:12,PAYMENT INMOBILIARIA BOGOTA #2390,553702.86,vivienda
2026-07-04 11:12:21,COMPRA D1 #6663,18400.34,alimentacion
2025-09-14 04:01:58,DIDI RIDE #1156,38074.58,transporte
2025-10-20 20:57:26,POS Daviplata Envio,9357.34,otras
2026-04-05 12:39:26,POS CINEMARK,14046.05,ocio
2026-07-03 12:55:17,payment etb internet #6370,20199.35,servicios
2026-08-10 04:34:54,COMPRA DROGAS LA REBAJA,83023.4,salud
2026-02-03 23:39:06,pos daviplata envio,30750.52,otras
2026-02-15 11:01:36,payment udemy online,342849.87,educacion
2025-12-13 12:46:49,payment didi ride #3367,11395.63,transporte
2026-01-20 18:05:46,Easy #419,620372.29,vivienda
2026-02-27 19:11:01,AUT PLAYSTATION NETWORK,6733.6,ocio
2026-02-25 04:57:00,pago en boletas tuboleto #5324,9788.81,ocio
2025-09-17 16:13:02,pos ara,49111.1,alimentacion
2025-09-01 21:58:27,COMPRA SPOTIFY #4051,22694.82,ocio
2026-05-29 16:47:50,AUT D1,17365.97,alimentacion
2026-04-08 21:27:50,COMPRA Netflix #5310,24556.31,ocio
2025-08-27 11:31:23,TDA Cinepolis,34508.0,ocio
2025-11-14 08:10:30,COMPRA Laboratorio Synlab,77248.16,salud
2026-07-08 02:08:38,PAGO EN MERCADOLIBRE #721,143888.76,otras
2026-04-02 10:49:38,COMPRA FERRETERIA EL MARTILLO #7931,458505.0,vivienda
2026-06-10 10:31:42,PAGO EN Pago Arriendo Apto,345658.71,vivienda
2026-07-02 10:38:45,POS Cinepolis #2420,3846.41,ocio
2026-03-29 05:27:22,pago en cinemark,38071.87,ocio
2026-06-09 19:08:11,PAGO EN Cabify #2680,32497.85,transporte
2026-02-16 03:49:49,PAYMENT ETB INTERNET,26020.74,servicios
2026-04-27 10:57:12,TDA SPOTIFY #2972,16252.11,ocio
2026-08-08 04:51:44,COMPRA Pension Colegio,25576.09,educacion
2025-10-26 22:02:47,POS Acueducto Agua #5313,116710.43,servicios
2026-02-02 17:11:15,AUT EASY #8229,788220.15,vivienda
2026-06-29 15:45:28,PAGO EN UBER,19899.61,transporte
2025-09-21 20:53:09,PAYMENT CABIFY #3535,34654.75,transporte
2025-12-30 13:40:37,PAGO EN Cabify,27803.25,transporte
2025-12-24 21:06:15,PAYMENT McDonalds,43438.75,alimentacion
2026-05-04 16:32:31,PAYMENT VANTI GAS NATURAL #6249,16742.66,servicios
2026-07-16 13:05:48,TDA MERCADOLIBRE,35294.0,otras
2025-12-23 12:26:16,TRANSFERENCIA NEQUI,144643.08,otras
2026-05-13 19:57:08,POS Steam Games #2887,34262.06,ocio
2025-12-07 08:49:46,POS CONSULTORIO ODONTOLOGICO #1625,282802.85,salud
2026-01-19 22:55:49,pos papeleria comercial #2803,13210.73,otras
2025-08-31 16:29:13,POS Movistar Factura #3467,14857.16,servicios
2025-09-20 15:13:18,AUT ETB Internet,24947.47,servicios
2025-11-23 10:58:22,PAGO EN LIBRERIA PANAMERICANA #1671,105542.6,educacion
2025-10-01 10:54:45,POS DAVIPLATA ENVIO #7105,65787.92,otras
2026-07-19 07:59:45,pos daviplata envio #2898,4054.31,otras
2026-07-03 19:19:25,taller automotriz central #6612,71438.72,transporte
2026-04-29 20:17:02,TDA MATRICULA UNIMINUTO #3129,81665.79,educacion
2026-02-12 20:22:35,compra enel codensa luz #4413,20824.21,servicios
2025-09-07 11:39:49,PENSION COLEGIO #1109,29303.87,educacion
2026-03-06 18:39:01,tda texaco #8971,4066.87,transporte
2026-04-16 05:48:47,POS Ferreteria El Martillo,1195293.54,vivienda
2026-04-17 07:40:37,tda acueducto agua,28113.1,servicios
2026-06-08 14:04:12,pago en homecenter #668,336388.98,vivienda
2025-11-04 11:44:43,Drogueria Cruz Verde #2838,11794.79,salud
2026-03-18 17:32:35,POS PAGO ARRIENDO APTO #7233,596317.89,vivienda
2026-08-12 16:58:54,AUT OPTICA HP #1197,307405.71,salud
2026-02-03 13:58:58,pago en acueducto agua,23022.91,servicios
2026-02-21 16:17:11,AUT CREPES AND WAFFLES #6974,10910.55,alimentacion
2025-08-28 15:31:39,AUT Farmatodo #1741,37409.6,salud
2026-04-10 21:32:24,Didi Ride #5733,14108.73,transporte
2026-05-20 02:06:01,TDA UDEMY ONLINE #7850,3880.56,educacion
2025-12-16 02:50:46,compra udemy online,92489.11,educacion
2025-08-22 17:54:00,PAYMENT RECARGA CELULAR CLARO,23422.19,servicios
2026-01-22 21:11:37,TDA Inmobiliaria Bogota #4500,1107619.66,vivienda
2025-11-12 16:48:24,OXXO,159398.86,alimentacion
2026-02-12 15:27:03,TDA PAPELERIA COMERCIAL #3834,67952.56,otras
2026-04-25 23:32:12,pago en cajero davivienda,16833.25,otras
2026-02-26 23:38:28,PAYMENT Uber #6771,6661.68,transporte
2025-12-08 18:47:30,AUT CINEPOLIS,80930.97,ocio
2026-05-18 09:21:28,Movistar Factura,27876.27,servicios
2026-01-25 19:05:44,COMPRA JUMBO,36722.45,alimentacion
2026-02-16 19:51:08,POS D1 #6004,35621.33,alimentacion
2026-02-10 20:00:12,platzi subscripcion #6603,125204.25,educacion
2025-10-12 14:36:21,compra gasolinera terpel #9832,15836.55,transporte
2025-10-30 11:03:44,AUT MercadoLibre #2779,12410.99,otras
2026-03-02 19:35:36,LIBRERIA PANAMERICANA,51214.05,educacion
2026-07-24 22:21:35,COMPRA Recarga Celular Claro,26379.65,servicios
2026-07-18 23:45:35,TDA PAGO ARRIENDO APTO #3487,526467.64,vivienda
2025-12-02 17:15:26,POS Acueducto Agua,17540.93,servicios
2025-12-27 10:18:42,compra rappi comida,39543.01,alimentacion
2025-11-29 04:40:28,PAGO EN D1,29614.47,alimentacion
2025-12-05 06:41:43,payment udemy online,600063.99,educacion
2025-12-11 09:11:13,PAGO EN Homecenter,148660.15,vivienda
2026-03-30 15:43:21,pos acueducto agua #6231,51787.5,servicios
2026-02-23 14:13:25,TDA PLATZI SUBSCRIPCION #1145,440339.91,educacion
2026-02-06 20:34:06,PAGO EN LIBRERIA PANAMERICANA,8200.35,educacion
2026-02-21 12:50:02,COMPRA Pension Colegio #4037,65432.53,educacion
2025-12-24 13:00:35,PAGO EN ETB Internet,21528.56,servicios
2026-06-09 16:56:01,pago en cajero davivienda,5391.01,otras
2026-01-10 22:17:51,TDA Crepes and Waffles,19491.75,alimentacion
2026-08-14 17:15:29,TDA Spotify #7894,6140.1,ocio
2026-07-21 03:43:12,STEAM GAMES #9246,45551.07,ocio
2026-05-15 07:36:05,COMPRA Taller Automotriz Central,41861.03,transporte
2026-03-27 11:59:07,PAGO EN CONSULTORIO ODONTOLOGICO,198533.0,salud
2025-11-16 03:24:17,EASY #5528,1124673.4,vivienda
2025-09-03 09:16:02,Udemy Online #979,25466.98,educacion
2026-06-02 15:36:00,compra taller automotriz central #6353,11247.84,transporte
2026-05-18 07:38:42,RECARGA CELULAR CLARO,36084.72,servicios
2026-01-14 08:57:35,PAYMENT Administracion Conjunto,350362.4,vivienda
2026-06-21 04:05:21,PAGO EN DAVIPLATA ENVIO,44936.18,otras
2025-10-15 12:10:09,PAGO EN TALLER AUTOMOTRIZ CENTRAL,14526.17,transporte
2025-08-31 19:29:34,payment supermercado exito #2862,26907.04,alimentacion
2026-02-28 12:08:16,EPS SANITAS,107157.6,salud
2025-12-24 08:51:35,PAYMENT ETB INTERNET #7921,35121.12,servicios
2026-07-22 22:29:23,COMPRA Restaurante Don Jediondo,27206.93,alimentacion
2025-09-25 03:49:31,pos spotify,30077.45,ocio
2026-08-06 00:22:35,TDA PAGO ARRIENDO APTO,381307.72,vivienda
2025-08-23 09:29:41,AUT PEAJE CUNDINAMARCA #2836,31393.06,transporte
2025-10-12 10:04:15,pago en ara #8624,58365.54,alimentacion
2026-07-21 16:07:43,TDA BOLETAS TUBOLETO,10757.06,ocio
2025-10-16 09:11:45,CAJERO DAVIVIENDA #6709,30519.86,otras
2026-02-15 18:24:52,compra easy #459,344321.76,vivienda
2025-12-26 22:03:51,PAGO EN Drogueria Cruz Verde,135459.74,salud
2026-05-13 10:55:11,pago en etb internet,24078.12,servicios
2026-04-26 19:21:41,POS PANADERIA KUTY,23904.49,alimentacion
2026-07-14 05:28:22,PAYMENT PEAJE CUNDINAMARCA #9066,46356.11,transporte
2026-07-14 10:50:31,TDA FARMATODO,22589.08,salud
2026-07-17 04:05:40,POS ETB INTERNET,11555.57,servicios
2026-01-12 00:23:21,eps sanitas,8845.89,salud
2026-04-17 20:38:12,pos didi ride,31113.87,transporte
2026-07-28 01:58:22,ADMINISTRACION CONJUNTO #3404,338318.28,vivienda
2026-07-22 05:38:38,COMPRA Enel Codensa Luz #8232,77101.38,servicios
2025-08-31 09:02:55,COMPRA Cajero Davivienda #1558,2746.47,otras
2025-09-13 00:10:21,POS DAVIPLATA ENVIO,120145.21,otras
2026-04-19 13:17:31,TDA DIDI RIDE #4950,21805.46,transporte
2026-08-10 02:07:34,Carulla #746,33611.7,alimentacion
2025-11-13 18:46:14,PAYMENT BAR EL CERVECERO,9123.02,ocio
2025-09-21 12:50:29,SUPERMERCADO EXITO #2893,49976.54,alimentacion
2025-09-24 16:00:05,PAGO EN MERCADOLIBRE,21212.91,otras
2026-05-17 19:10:58,POS NETFLIX #7579,28920.65,ocio
2026-02-05 17:49:43,etb internet #7009,28811.69,servicios
2026-05-13 23:00:16,COMPRA DROGUERIA CRUZ VERDE,57833.99,salud
2026-08-03 06:58:03,payment drogueria cruz verde,32860.5,salud
2025-09-04 07:06:42,aut daviplata envio #5975,20807.2,otras
2026-06-22 15:02:23,payment eps sanitas #6838,68774.06,salud
2025-12-09 08:49:51,TDA Didi Ride #8698,3869.38,transporte
2026-01-10 00:13:01,easy #8670,324840.23,vivienda
2025-10-12 23:15:13,tda peaje cundinamarca,35204.8,transporte
2026-03-11 17:16:26,Movistar Factura,29807.62,servicios
2026-03-25 05:16:36,tda supermercado exito,31345.1,alimentacion
2026-06-21 05:15:42,AMAZON MARKETPLACE #8155,22436.27,otras
2025-10-22 10:48:26,pos steam games #9119,17039.8,ocio
2025-09-17 02:29:00,pos movistar factura #9488,19460.54,servicios
2026-07-21 15:15:30,PAGO EN Amazon Marketplace #8248,10114.2,otras
2026-04-15 02:33:51,payment carulla #9228,42475.22,alimentacion
2025-11-18 23:08:28,AUT Didi Ride #7574,7476.08,transporte
2026-08-06 22:37:41,CINEPOLIS #7545,17779.07,ocio
2025-10-12 00:23:55,TDA PAPELERIA COMERCIAL #7514,4013.49,otras
2026-02-12 12:40:25,pago en inmobiliaria bogota #4883,1352538.0,vivienda
2025-11-24 01:41:07,pos cinemark,18598.17,ocio
2025-11-24 14:15:44,PAGO EN RECARGA CELULAR CLARO,31370.33,servicios
2025-08-21 02:02:07,PAYMENT MOVISTAR FACTURA,48514.33,servicios
2026-08-02 10:19:32,CINEMARK #9747,42865.91,ocio
2026-05-07 14:14:10,TDA AMAZON MARKETPLACE #8360,60740.75,otras
2025-10-17 18:53:04,aut transferencia nequi,3495.13,otras
2026-02-04 23:39:53,PAYMENT Acueducto Agua,12484.63,servicios
2026-04-02 15:00:36,AUT CONSULTORIO ODONTOLOGICO #2203,24654.13,salud
2026-04-22 13:47:07,PAYMENT Boletas Tuboleto,13605.97,ocio
2026-05-12 12:37:59,PAYMENT Administracion Conjunto,995096.91,vivienda
2026-02-10 20:27:48,COMPRA DAVIPLATA ENVIO #8493,10660.03,otras
2025-11-02 19:16:55,compra spotify #4860,15225.65,ocio
2026-07-14 20:06:28,TDA CONSULTORIO ODONTOLOGICO,21355.8,salud
2025-09-27 20:31:31,cinemark #7970,8707.48,ocio
2026-01-12 13:01:04,tda etb internet,11568.06,servicios
2026-01-03 20:11:12,AUT RECARGA CELULAR CLARO #6340,15460.75,servicios
2025-12-10 08:10:31,PAGO EN D1,12315.97,alimentacion
2025-12-10 02:11:42,pago en libreria panamericana #1116,30606.02,educacion
2026-07-05 18:57:20,Pension Colegio #5976,349538.91,educacion
2026-01-18 03:37:18,TRANSMILENIO CARD #9295,7673.6,transporte
2025-08-20 13:55:24,TDA LIBRERIA PANAMERICANA #6351,2324134.98,educacion
2026-07-19 09:27:27,POS CINEPOLIS,18869.88,ocio
2026-06-15 16:50:06,tda daviplata envio,26498.31,otras
2025-09-05 11:34:13,COMPRA Easy #3006,435820.32,vivienda
2026-06-02 19:57:10,COMPRA ESTACION TEXACO,33869.79,transporte
2026-07-06 21:03:58,PAGO EN MCDONALDS #2231,22913.69,alimentacion
2026-06-14 16:52:29,PAGO EN MATRICULA UNIMINUTO #2636,114280.56,educacion
2026-04-10 04:42:03,cinepolis,80182.39,ocio
2025-11-10 11:42:54,UDEMY ONLINE #5966,87967.98,educacion
2025-10-30 06:36:12,COMPRA SPOTIFY #8376,29866.46,ocio
2025-11-22 18:27:21,pago en recarga celular claro #3595,17643.0,servicios
2026-06-06 20:56:09,pago en bar el cervecero #8791,13036.5,ocio
2026-06-11 11:47:27,TDA Carulla #4037,149737.72,alimentacion
2026-05-08 20:28:27,TDA INMOBILIARIA BOGOTA,500728.72,vivienda
2026-04-18 10:08:30,PAGO EN PEAJE CUNDINAMARCA #4733,92152.83,transporte
2026-08-03 06:46:40,PAYMENT PLAYSTATION NETWORK #3254,21925.95,ocio
2026-04-25 10:46:34,COMPRA Texaco,10870.19,transporte
2025-12-15 09:54:29,POS Panaderia Kuty #3592,60230.02,alimentacion
2025-08-30 09:25:29,compra recarga celular claro #7230,48220.17,servicios
2026-01-06 03:11:53,POS ESTACION TEXACO #5534,31559.47,transporte
2025-10-07 11:17:30,compra gasolinera terpel,4388.74,transporte
2026-08-05 16:47:26,payment administracion conjunto #6726,471520.42,vivienda
2025-12-22 07:41:16,tda mcdonalds #196,29791.7,alimentacion
2026-01-25 19:12:52,TDA GASOLINERA TERPEL,16865.24,transporte
2025-11-03 09:59:17,didi ride,31527.17,transporte
2026-06-18 21:16:32,payment udemy online #604,122178.85,educacion
2026-07-23 19:38:59,TDA PAGO ARRIENDO APTO #9041,327352.67,vivienda
2026-03-11 14:20:51,TDA Drogas La Rebaja,74474.91,salud
2026-08-07 04:45:38,AUT CINEPOLIS,20484.22,ocio
2026-07-05 23:00:39,aut supermercado exito #8900,56830.72,alimentacion
2025-11-25 05:34:47,COMPRA Didi Ride,47700.76,transporte
2026-06-26 15:27:45,PAYMENT Spotify,23950.52,ocio
2026-06-03 08:52:56,COMPRA FARMATODO #4240,81234.73,salud
2026-06-25 18:26:08,Consultorio Odontologico #991,45379.59,salud
2026-02-15 07:36:35,AUT PAPELERIA COMERCIAL #1203,4184.07,otras
2025-10-11 02:23:43,AUT EASY #5520,943895.68,vivienda
2026-07-17 11:32:11,PAGO EN Inmobiliaria Bogota,826216.9,vivienda
2026-05-25 16:38:02,payment playstation network #5108,16156.94,ocio
2026-01-18 18:35:18,AUT Laboratorio Synlab #5282,12035.03,salud
2026-01-06 11:42:56,PAGO EN Drogueria Cruz Verde #3729,14925.67,salud
2026-06-20 12:08:06,Enel Codensa Luz #5532,50609.35,servicios
2025-08-22 20:10:34,pago en amazon marketplace,21172.21,otras
2026-03-13 19:39:41,TDA Estacion Texaco,33301.26,transporte
2026-02-10 01:21:28,COMPRA Laboratorio Synlab #1352,50571.84,salud
2026-05-05 17:39:36,tda restaurante don jediondo #9633,37190.36,alimentacion
2026-05-05 13:06:55,aut inmobiliaria bogota #8942,1280767.78,vivienda
2026-04-01 10:56:23,PAYMENT Drogas La Rebaja #9760,27787.76,salud
2026-07-02 19:55:47,PAYMENT PENSION COLEGIO #1583,110784.81,educacion
2026-08-17 14:36:02,COMPRA Panaderia Kuty,25088.87,alimentacion
2025-09-28 12:18:13,AUT OPTICA HP #2708,30395.63,salud
2025-11-16 05:49:23,TDA CONSULTORIO ODONTOLOGICO #5978,34888.43,salud
2025-08-27 03:41:29,POS DAVIPLATA ENVIO #3934,27505.29,otras
2026-07-26 20:06:39,Ferreteria El Martillo #7795,547299.15,vivienda
2025-12-22 19:41:06,tda supermercado exito #8642,99171.4,alimentacion
2025-11-11 09:44:12,PAGO EN LIBRERIA PANAMERICANA #9441,33741.08,educacion
2025-09-10 23:40:13,AUT Enel Codensa Luz,24049.68,servicios
2026-07-03 09:20:00,COMPRA Udemy Online #5881,58239.71,educacion
2026-08-05 14:33:07,PLAYSTATION NETWORK #9999,36786.44,ocio
2025-12-12 19:03:41,compra eps sanitas #8530,60852.63,salud
2026-01-23 00:02:17,COMPRA Pago Arriendo Apto #9963,1354721.86,vivienda
2025-10-10 17:15:40,PAYMENT Uber,4736.22,transporte
2025-08-31 21:17:13,PAYMENT PAPELERIA COMERCIAL #9779,28768.9,otras
2026-02-24 18:02:21,compra recarga celular claro #9496,45879.72,servicios
2025-09-24 04:20:24,AUT CONSULTORIO ODONTOLOGICO #9476,53664.79,salud
2026-07-28 00:18:04,compra drogas la rebaja #6742,158265.36,salud
2025-10-09 02:55:32,PANADERIA KUTY #1504,24008.64,alimentacion
2026-02-09 14:42:40,compra amazon marketplace #6830,90160.57,otras
2026-05-04 19:49:46,TDA Laboratorio Synlab #2847,614637.5,salud
2026-05-14 22:08:46,AUT PLAYSTATION NETWORK #3865,10363.17,ocio
2026-01-27 04:59:22,pos drogueria cruz verde #8363,30029.85,salud
2026-06-01 16:53:37,POS LABORATORIO SYNLAB #9927,242491.74,salud
2025-10-16 10:42:10,PAYMENT Texaco,74728.36,transporte
2026-04-28 18:45:34,TDA PANADERIA KUTY #6992,23901.87,alimentacion
2026-07-07 05:01:39,PAYMENT Restaurante Don Jediondo #7999,25948.02,alimentacion
2026-04-13 12:44:22,AUT Enel Codensa Luz,22718.37,servicios
2026-08-17 03:03:14,COMPRA Peaje Cundinamarca #3909,5377.58,transporte
2025-08-30 03:22:58,aut didi ride,7888.91,transporte
2026-01-08 08:02:04,TDA INMOBILIARIA BOGOTA,399318.87,vivienda
2026-02-05 15:04:29,pos transmilenio card #3465,9036.09,transporte
2025-11-17 03:10:27,pago en boletas tuboleto #7080,13039.27,ocio
2025-09-25 00:29:49,PLATZI SUBSCRIPCION #9351,130752.0,educacion
2026-01-07 02:15:17,payment libreria panamericana,634505.09,educacion
2026-08-02 14:51:46,PAGO EN DAVIPLATA ENVIO #8025,8116.43,otras
2026-01-03 17:31:39,PAGO EN COURSERA COURSE,321639.58,educacion
2026-01-19 01:22:31,Optica HP,38739.39,salud
2025-10-30 03:35:20,compra papeleria comercial #8428,20963.46,otras
2026-07-12 18:41:13,COMPRA Cinepolis #186,21426.28,ocio
2025-09-22 00:54:11,AUT EPS SANITAS #1149,14257.04,salud
2025-11-07 19:24:52,AUT Cinemark #6396,17460.33,ocio
2026-04-22 18:57:03,TDA ACUEDUCTO AGUA #9888,29728.79,servicios
2025-08-25 17:30:39,PAYMENT Consultorio Odontologico #3404,84262.85,salud
2026-06-18 23:54:07,pos pension colegio,139665.06,educacion
2025-11-20 00:40:17,COMPRA FERRETERIA EL MARTILLO,3182507.88,vivienda
2026-06-19 01:36:45,POS Jumbo,21803.11,alimentacion
2025-11-05 03:05:58,PAYMENT BOLETAS TUBOLETO #8582,9212.37,ocio
2026-07-05 16:54:28,AUT Texaco #9260,10292.53,transporte
2025-11-05 21:17:29,bar el cervecero #3287,9055.85,ocio
2025-11-09 07:15:26,pos acueducto agua #6770,18353.36,servicios
2025-12-23 00:50:31,PAGO EN Transmilenio Card #2017,52581.25,transporte
2026-06-19 17:08:15,COURSERA COURSE,542859.11,educacion
2025-08-18 12:52:27,AUT Amazon Marketplace #4085,12447.23,otras
2026-07-16 19:22:11,PAYMENT Papeleria Comercial,9582.03,otras
2025-10-06 22:03:34,pago en transferencia nequi #3710,35292.14,otras
2025-11-22 18:42:41,payment administracion conjunto,523695.75,vivienda
2025-09-29 03:01:58,compra ara #6636,60255.28,alimentacion
2026-07-19 22:19:28,aut cinemark,15398.82,ocio
2025-10-07 14:56:24,aut spotify #3215,4623.83,ocio
2026-01-03 13:30:18,TDA PAGO ARRIENDO APTO #4448,1845947.25,vivienda
2026-04-03 02:57:07,PAGO ARRIENDO APTO,2142591.43,vivienda
2025-08-23 13:32:07,pos texaco,10388.87,transporte
2025-11-28 11:50:58,POS RESTAURANTE DON JEDIONDO,26631.2,alimentacion
2025-10-05 15:55:12,aut playstation network,16319.33,ocio
2026-01-27 22:04:54,COMPRA UDEMY ONLINE,147465.3,educacion
2025-09-30 13:43:59,AUT VANTI GAS NATURAL #5789,39939.72,servicios
2025-09-11 02:50:55,pos eps sanitas,447407.46,salud
2026-02-07 12:40:22,TDA SUPERMERCADO EXITO #9619,31522.04,alimentacion
2026-03-04 18:10:10,COMPRA STEAM GAMES #3985,7640.3,ocio
2025-09-28 18:54:07,compra bar el cervecero #3549,5087.17,ocio
2026-03-01 02:33:43,BAR EL CERVECERO #7484,8009.22,ocio
2026-04-13 07:39:22,TDA Laboratorio Synlab #1736,47266.65,salud
2026-05-26 20:50:27,PAYMENT FERRETERIA EL MARTILLO,2140895.42,vivienda
2026-03-07 22:43:21,eps sanitas #7006,27739.91,salud
2026-02-11 07:42:38,PAGO EN PLAYSTATION NETWORK #9403,15625.38,ocio
2025-08-29 12:47:24,pos estacion texaco #4266,17769.16,transporte
2026-02-19 10:52:47,TDA TALLER AUTOMOTRIZ CENTRAL #6014,52551.76,transporte
2026-01-29 23:36:11,POS Platzi Subscripcion #5852,2047886.64,educacion
2025-09-28 08:43:19,aut ferreteria el martillo,530448.81,vivienda
2026-05-21 02:30:23,pago en platzi subscripcion,54867.29,educacion
2025-09-14 23:25:41,payment transferencia nequi,62577.49,otras
2025-12-20 12:44:41,COMPRA Optica HP,103785.41,salud
2025-10-14 01:00:59,AUT ETB INTERNET #1268,81472.79,servicios
2025-10-05 10:38:09,PAGO EN Spotify #4873,20105.52,ocio
2026-04-16 21:30:20,PAYMENT Enel Codensa Luz,21686.06,servicios
2026-04-01 18:26:21,COMPRA AMAZON MARKETPLACE #478,39761.52,otras
2026-05-21 00:11:24,PAGO EN Easy,1418658.33,vivienda
2026-01-12 08:43:52,COMPRA UBER #1665,37738.42,transporte
2026-03-11 11:35:35,pos mercadolibre #6604,36580.63,otras
2026-02-09 15:22:45,PAGO EN TEXACO,47099.01,transporte
2026-04-09 13:25:54,compra enel codensa luz #4755,54261.89,servicios
2025-09-24 22:51:18,AUT FARMATODO,224218.18,salud
2025-09-30 20:51:41,Bar El Cervecero #8956,21038.24,ocio
2026-04-27 05:25:40,tda daviplata envio #9780,18636.59,otras
2026-05-24 09:09:35,TDA ACUEDUCTO AGUA,29378.79,servicios
2026-01-31 10:59:14,aut playstation network #1567,31087.35,ocio
2026-07-28 08:03:11,PAGO EN BOLETAS TUBOLETO #272,7541.26,ocio
2026-01-25 03:28:01,pago en drogas la rebaja #236,73536.76,salud
2026-07-04 18:33:04,PAGO EN Amazon Marketplace #7152,14863.46,otras
2026-01-19 06:52:46,AUT Inmobiliaria Bogota #6845,742105.65,vivienda
2026-05-27 18:55:35,COMPRA Vanti Gas Natural #6485,57934.66,servicios
2025-12-16 19:36:24,pos administracion conjunto #4024,818034.21,vivienda
2025-12-16 19:22:32,TDA Platzi Subscripcion,104372.75,educacion
2025-11-24 10:11:24,MOVISTAR FACTURA #2338,11897.53,servicios
2025-10-15 17:08:34,PAYMENT MERCADOLIBRE #8160,46455.66,otras
2026-08-10 21:17:20,POS JUMBO,60863.4,alimentacion
2025-09-12 12:10:22,PAGO EN Didi Ride #7283,126364.93,transporte
2026-07-06 11:07:15,COMPRA INMOBILIARIA BOGOTA #3658,606423.01,vivienda
2025-09-22 15:24:45,PAGO EN UDEMY ONLINE #619,128409.59,educacion
2025-09-23 22:29:26,PAGO EN DROGUERIA CRUZ VERDE,64493.65,salud
2026-05-31 08:31:22,COMPRA DAVIPLATA ENVIO,106665.52,otras
2026-06-28 16:40:59,POS Recarga Celular Claro,25408.08,servicios
2026-03-21 12:11:46,COMPRA VANTI GAS NATURAL,31806.09,servicios
2026-04-02 04:41:44,papeleria comercial #3515,40453.02,otras
2026-03-23 13:42:48,COMPRA PLATZI SUBSCRIPCION,123491.91,educacion
2026-05-04 15:25:16,PAYMENT DIDI RIDE,12066.76,transporte
2026-01-23 23:27:32,COMPRA PANADERIA KUTY,42415.62,alimentacion
2026-07-22 17:03:21,pos enel codensa luz #4623,51235.05,servicios
2026-06-04 19:36:03,pos movistar factura,14531.74,servicios
2026-07-20 13:39:00,AUT PAPELERIA COMERCIAL #1566,25158.97,otras
2025-09-06 09:57:25,TDA Transferencia Nequi,10936.7,otras
2026-04-07 14:40:21,PAGO EN Supermercado Exito,94469.97,alimentacion
2026-01-01 00:01:30,PAYMENT Estacion Texaco #9248,4578.52,transporte
2026-03-29 21:02:09,TDA PLAYSTATION NETWORK #6289,9034.04,ocio
2025-11-08 01:18:51,pos drogas la rebaja #7268,74230.7,salud
2026-04-29 11:40:15,AUT DAVIPLATA ENVIO #5796,105400.64,otras
2025-11-12 12:33:31,Cajero Davivienda,20624.8,otras
2025-12-31 09:44:38,AUT Drogueria Cruz Verde #4944,26616.34,salud
2026-01-07 04:21:44,pos playstation network,49851.8,ocio
2026-06-09 14:26:40,AUT Drogueria Cruz Verde,9968.49,salud
2026-03-28 09:26:41,TDA Administracion Conjunto #8930,194992.51,vivienda
2026-06-26 22:17:36,TDA FERRETERIA EL MARTILLO #9135,949801.86,vivienda
2026-07-11 15:51:43,PAYMENT PLATZI SUBSCRIPCION,54042.98,educacion
2026-06-11 11:26:04,GASOLINERA TERPEL,7193.19,transporte
2026-04-12 17:21:44,POS D1 #1717,64002.99,alimentacion
2026-04-24 00:50:07,PAYMENT ETB INTERNET #9771,31141.0,servicios
2025-08-27 15:08:54,AUT SPOTIFY,9001.49,ocio
2026-08-13 06:08:17,PAYMENT Easy,338343.65,vivienda
2026-07-05 13:34:47,POS Papeleria Comercial #6914,52704.56,otras
2025-11-29 07:14:18,PAGO EN Crepes and Waffles #1253,61093.51,alimentacion
2025-10-26 12:02:40,aut uber #3884,16493.83,transporte
2026-05-17 08:04:20,aut pago arriendo apto,2208849.16,vivienda
2026-08-10 07:47:50,TDA Laboratorio Synlab #1828,15106.9,salud
2025-12-31 18:13:13,TDA Playstation Network,4592.28,ocio
2025-10-26 21:16:02,COMPRA OPTICA HP #8368,22900.2,salud
2026-03-25 08:56:24,AUT Laboratorio Synlab #5872,46623.29,salud
2026-01-20 02:01:33,payment bar el cervecero,15840.7,ocio
2025-10-11 12:48:45,AUT Spotify #6245,11283.93,ocio
2026-04-20 08:02:09,PAYMENT PLATZI SUBSCRIPCION #6605,150612.63,educacion
2025-09-22 01:41:18,AUT Ara #2313,13343.28,alimentacion
2026-03-11 10:54:07,PAGO EN MATRICULA UNIMINUTO,558225.08,educacion
2026-01-10 12:49:51,cinepolis,12613.14,ocio
2026-02-09 14:43:48,AUT COURSERA COURSE #9465,377284.57,educacion
2025-10-17 13:36:20,PAGO EN RAPPI COMIDA #4441,47771.3,alimentacion
2025-12-16 11:06:56,PAGO EN PAGO ARRIENDO APTO,959389.03,vivienda
2025-12-21 09:54:45,COMPRA Acueducto Agua,37867.95,servicios
2026-04-05 23:39:12,payment daviplata envio,34465.31,otras
2026-07-26 11:47:27,pos didi ride,32159.09,transporte
2025-10-16 20:33:17,gasolinera terpel #7215,59649.28,transporte
2026-06-06 10:17:49,tda uber,21522.82,transporte
2025-09-05 18:15:54,PANADERIA KUTY,64036.15,alimentacion
2025-09-18 02:50:23,aut oxxo #5454,33799.84,alimentacion
2026-02-05 12:33:26,POS Pago Arriendo Apto,1730758.53,vivienda
2026-01-29 02:32:56,aut mercadolibre #3738,11199.31,otras
2026-04-10 04:48:12,compra movistar factura #7896,79265.98,servicios
2026-01-25 06:55:02,payment restaurante don jediondo #6629,35167.36,alimentacion
2025-11-09 03:41:36,compra optica hp #3345,10159.33,salud
2025-09-30 15:18:03,aut ferreteria el martillo,787692.17,vivienda
2026-01-31 09:31:49,PAGO EN INMOBILIARIA BOGOTA,484740.51,vivienda
2025-12-05 10:29:36,TDA TEXACO #6084,38429.44,transporte
2026-05-07 22:23:42,AUT Bar El Cervecero,8460.5,ocio
2026-02-22 10:11:27,AUT Drogas La Rebaja,30007.37,salud
2026-05-03 12:34:16,POS EPS SANITAS,6133.4,salud
2025-09-04 01:45:55,NETFLIX,9734.05,ocio
2026-01-17 22:34:00,AUT D1,5223.36,alimentacion
2025-09-07 17:02:59,PAGO EN MATRICULA UNIMINUTO,14754.69,educacion
2025-11-04 19:48:23,POS AMAZON MARKETPLACE #8914,47118.2,otras
2025-11-07 11:17:18,PAYMENT Coursera Course,253459.72,educacion
2026-06-10 04:56:26,aut mcdonalds,51040.06,alimentacion
2025-12-07 20:17:16,POS PENSION COLEGIO #4544,30934.54,educacion
2025-10-03 00:46:48,payment carulla,34955.49,alimentacion
2026-02-26 14:24:44,POS CINEMARK #6432,13326.08,ocio
2026-01-31 16:26:26,tda acueducto agua #5268,13426.44,servicios
2025-10-06 14:32:34,compra estacion texaco #7603,69776.91,transporte
2026-03-12 06:28:20,COMPRA SUPERMERCADO EXITO,73268.78,alimentacion
2025-11-14 19:13:56,tda amazon marketplace #5781,17659.62,otras
2026-03-22 10:07:33,COMPRA Steam Games,13613.54,ocio
2026-06-26 12:46:31,TDA Matricula Uniminuto #6443,126761.08,educacion
2025-09-14 10:14:14,PAGO EN Restaurante Don Jediondo #5699,7091.22,alimentacion
2026-07-18 02:40:15,tda drogueria cruz verde #3826,37350.62,salud
2025-09-02 20:43:50,PAGO EN EPS SANITAS,23151.56,salud
2025-08-24 17:07:43,tda farmatodo #8969,16288.55,salud
2026-08-10 04:18:04,PAGO EN Pago Arriendo Apto,616207.99,vivienda
2026-07-18 05:53:33,EPS Sanitas #9354,354142.69,salud
2026-03-29 00:54:33,AUT CINEMARK #2039,20922.7,ocio
2026-03-28 02:55:02,POS Consultorio Odontologico,26152.58,salud
2026-05-19 23:27:16,PAGO EN VANTI GAS NATURAL #4585,37931.97,servicios
2026-01-26 15:38:05,compra inmobiliaria bogota #4472,1688942.69,vivienda
2025-10-01 03:56:19,COMPRA FERRETERIA EL MARTILLO #527,1270321.03,vivienda
2025-08-25 12:50:31,aut daviplata envio,23379.86,otras
2025-10-23 04:25:08,NETFLIX #7863,8494.25,ocio
2026-02-12 02:51:32,POS Pago Arriendo Apto #345,1108960.88,vivienda
2026-08-09 15:19:13,TDA MOVISTAR FACTURA,34067.23,servicios
2025-09-20 15:52:30,COMPRA Inmobiliaria Bogota,1248078.76,vivienda
2026-07-11 09:36:35,PAGO EN Papeleria Comercial,41571.57,otras
2025-11-19 22:19:08,Vanti Gas Natural #6332,50500.15,servicios
2026-04-03 03:07:23,tda acueducto agua #8884,19513.44,servicios
2026-03-08 22:07:47,POS Restaurante Don Jediondo #794,104184.15,alimentacion
2026-01-18 03:15:28,aut ferreteria el martillo #743,821231.04,vivienda
2026-06-03 01:50:59,PAGO EN D1 #5089,191034.38,alimentacion
2025-11-11 11:38:46,compra udemy online #993,43173.17,educacion
2026-06-16 00:20:59,EPS SANITAS,330896.26,salud
2025-09-16 02:21:08,ESTACION TEXACO #9052,21549.75,transporte
2026-04-20 08:31:36,payment enel codensa luz #7533,18199.5,servicios
2026-03-11 12:02:25,POS Homecenter #2786,545614.79,vivienda
2025-10-31 17:45:30,pos texaco,13516.78,transporte
2025-12-31 18:55:54,tda transmilenio card #8483,26416.64,transporte
2026-07-01 11:35:57,AUT EPS Sanitas #2899,87126.73,salud
2026-06-29 23:08:25,farmatodo #940,26080.16,salud
2025-11-17 04:37:49,LIBRERIA PANAMERICANA,95872.5,educacion
2025-10-13 07:24:14,COMPRA DROGUERIA CRUZ VERDE,517361.63,salud
2025-11-02 01:09:05,payment matricula uniminuto #8269,784696.11,educacion
2026-04-08 09:12:37,payment crepes and waffles #9747,51485.68,alimentacion
2026-06-08 16:09:54,PAYMENT AMAZON MARKETPLACE #9932,22879.66,otras
2025-09-15 16:47:18,TDA COURSERA COURSE #3501,114009.56,educacion
2026-06-13 13:54:40,TDA Drogueria Cruz Verde #2481,96265.93,salud
2026-02-25 07:56:58,POS Platzi Subscripcion #6931,28930.42,educacion
2026-06-06 10:23:23,pago en consultorio odontologico,36933.93,salud
2026-06-08 13:00:48,TDA EPS SANITAS #687,7820.92,salud
2026-02-07 18:32:42,PAGO EN Platzi Subscripcion,159383.38,educacion
2026-08-11 08:11:13,POS ACUEDUCTO AGUA #2304,39668.69,servicios
2026-04-24 03:33:47,aut platzi subscripcion #3538,55280.54,educacion
2026-04-16 23:24:35,aut carulla,127923.72,alimentacion
2026-07-19 01:48:34,TDA Taller Automotriz Central,5983.8,transporte
2025-12-18 05:04:23,AUT UDEMY ONLINE,17030.31,educacion
2026-02-04 05:19:53,AUT Netflix #8614,15632.64,ocio
2026-02-15 13:06:22,Amazon Marketplace #3912,62761.58,otras
2026-04-19 15:22:51,POS Inmobiliaria Bogota #2032,2003400.64,vivienda
2026-06-22 16:46:32,PAYMENT FERRETERIA EL MARTILLO #5568,553861.23,vivienda
2026-04-04 02:52:36,TDA INMOBILIARIA BOGOTA #4714,1393331.92,vivienda
2026-01-01 02:47:03,PAGO EN Didi Ride #5407,17419.44,transporte
2025-09-15 05:57:07,pago en cabify #9421,15438.74,transporte
2026-02-12 18:11:48,COMPRA Jumbo #5636,73638.84,alimentacion
2025-09-01 00:58:11,amazon marketplace #2324,42290.72,otras
2026-01-07 15:19:42,PAGO EN MercadoLibre #6882,4553.3,otras
2025-09-16 05:37:47,pago en restaurante don jediondo #5269,118329.96,alimentacion
2026-07-19 01:50:20,AUT D1,109543.07,alimentacion
2026-04-13 06:44:19,COMPRA CINEMARK #610,8622.29,ocio
2026-03-02 08:39:34,aut etb internet,34114.65,servicios
2026-02-13 03:13:48,AUT Movistar Factura #5150,36185.66,servicios
2026-03-20 17:02:52,PAGO EN Cinepolis #8243,16034.08,ocio
2026-07-31 08:37:18,PLAYSTATION NETWORK,9088.69,ocio
2026-02-08 02:16:00,POS Pension Colegio #712,44092.81,educacion
2026-04-27 14:00:37,AUT Taller Automotriz Central #8007,17623.73,transporte
2025-12-20 07:17:29,PAGO EN Farmatodo,178082.45,salud
2026-02-18 03:37:43,COMPRA PLATZI SUBSCRIPCION,189533.33,educacion
2025-10-15 00:34:19,TDA Farmatodo #6450,32608.37,salud
2026-02-08 09:37:29,pago en gasolinera terpel,36117.36,transporte
2026-06-28 09:12:12,PAYMENT CABIFY,1388.96,transporte
2026-05-21 20:20:54,aut matricula uniminuto,391804.72,educacion
2026-03-01 09:10:57,compra administracion conjunto #4632,256830.53,vivienda
2025-10-23 10:48:38,POS PAPELERIA COMERCIAL #2680,15329.88,otras
2025-11-21 15:35:01,aut crepes and waffles #3484,14827.87,alimentacion
2026-02-03 10:38:52,COMPRA Steam Games,5397.67,ocio
2026-03-08 23:07:04,pos pago arriendo apto #5649,1463726.4,vivienda
2026-04-11 06:14:36,POS JUMBO #926,24980.21,alimentacion
2026-01-05 18:13:11,PAYMENT Carulla #9866,47915.92,alimentacion
2026-08-08 22:14:09,PAGO EN MercadoLibre #3346,21016.84,otras
2026-01-14 21:25:44,AUT TALLER AUTOMOTRIZ CENTRAL #7772,27704.13,transporte
2026-06-14 04:58:48,tda libreria panamericana,108248.66,educacion
2026-05-08 02:13:49,compra pago arriendo apto,337798.44,vivienda
2025-09-06 18:31:37,compra boletas tuboleto,26832.97,ocio
2026-04-25 19:46:05,PAYMENT PLAYSTATION NETWORK #7887,9455.68,ocio
2025-09-12 00:47:16,amazon marketplace #5811,4644.4,otras
2025-09-23 03:18:15,POS LABORATORIO SYNLAB #1852,30609.73,salud
2026-05-07 21:23:55,aut didi ride #9775,69611.41,transporte
2025-12-05 18:53:12,COMPRA FERRETERIA EL MARTILLO,1214852.28,vivienda
2026-05-25 12:07:53,spotify,10466.59,ocio
2026-08-04 10:10:16,ACUEDUCTO AGUA #3969,21817.01,servicios
2026-07-22 14:00:05,POS TALLER AUTOMOTRIZ CENTRAL #7684,13501.13,transporte
2025-12-24 21:36:15,COMPRA TALLER AUTOMOTRIZ CENTRAL #6748,116899.89,transporte
2026-03-31 17:58:15,PAGO EN PEAJE CUNDINAMARCA #1107,25431.45,transporte
2025-10-11 08:39:10,LABORATORIO SYNLAB,78672.25,salud
2025-12-15 22:00:51,COMPRA CONSULTORIO ODONTOLOGICO #4875,152254.97,salud
2026-05-15 16:45:00,COMPRA DAVIPLATA ENVIO,27967.24,otras
2026-01-16 15:45:29,TDA UDEMY ONLINE,72341.22,educacion
2026-04-05 12:37:52,aut gasolinera terpel,15112.62,transporte
2026-08-16 17:15:33,PAGO EN Optica HP #9092,45307.99,salud
2025-12-15 15:57:26,RESTAURANTE DON JEDIONDO,35250.05,alimentacion
2026-01-10 17:21:02,COMPRA MATRICULA UNIMINUTO #9769,236370.43,educacion
2026-06-20 21:16:09,PAYMENT BOLETAS TUBOLETO #9031,13854.45,ocio
2026-06-29 05:52:35,COMPRA EPS Sanitas #6401,109743.83,salud
2026-05-04 16:22:57,COMPRA BOLETAS TUBOLETO #2156,12625.81,ocio
2026-07-05 08:54:09,compra gasolinera terpel,19356.27,transporte
2026-05-10 14:58:14,POS Movistar Factura #6913,8111.84,servicios
2025-09-22 17:29:23,compra acueducto agua #7048,46620.55,servicios
2026-05-04 19:32:53,pago en amazon marketplace #7059,31147.48,otras
2026-03-02 21:54:04,COMPRA PAPELERIA COMERCIAL,59755.12,otras
2025-08-24 12:21:57,POS CINEPOLIS #6138,1759.21,ocio
2025-12-15 09:17:07,POS Papeleria Comercial #8724,177792.91,otras
2025-11-08 14:51:55,AUT UDEMY ONLINE #1549,83490.86,educacion
2026-06-10 23:32:18,Transmilenio Card #964,48891.78,transporte
2025-10-31 00:03:48,payment rappi comida #7787,15804.9,alimentacion
2025-10-09 20:38:49,PAGO EN Boletas Tuboleto,20515.62,ocio
2025-09-16 09:40:32,pos pension colegio,27886.59,educacion
2026-07-11 09:05:16,libreria panamericana #1106,46698.96,educacion
2026-03-02 14:27:21,POS LABORATORIO SYNLAB,402493.61,salud
2026-07-07 18:19:33,PAYMENT ARA #8383,31177.57,alimentacion
2026-07-26 14:57:35,COMPRA PLATZI SUBSCRIPCION,128145.22,educacion
2025-09-01 02:16:37,TDA Matricula Uniminuto #2960,280430.52,educacion
2025-12-26 05:18:59,PAYMENT CONSULTORIO ODONTOLOGICO #2973,84562.83,salud
2025-10-07 07:54:38,COMPRA Homecenter,798309.26,vivienda
2026-01-10 17:43:43,COMPRA Cinemark #2625,17248.37,ocio
2025-10-19 10:41:55,COMPRA Vanti Gas Natural,113783.11,servicios
2026-07-06 07:08:33,AUT FARMATODO,46010.24,salud
2026-06-12 21:35:51,pos matricula uniminuto #6633,125657.96,educacion
2026-06-27 15:16:44,PAPELERIA COMERCIAL,62985.16,otras
2026-05-24 12:21:27,PAGO EN VANTI GAS NATURAL #7222,52224.95,servicios
2025-09-03 09:41:16,tda amazon marketplace #8787,72188.09,otras
2026-01-05 21:57:41,AUT Carulla,60535.44,alimentacion
2026-05-23 21:28:10,TDA ACUEDUCTO AGUA,13550.75,servicios
2026-02-05 22:40:37,PAGO EN MATRICULA UNIMINUTO,700898.13,educacion
2025-12-06 02:09:56,tda easy #3293,366660.92,vivienda
2026-06-17 19:59:37,AUT Drogas La Rebaja #238,68384.33,salud
2025-11-16 07:30:37,POS MCDONALDS #7406,19862.31,alimentacion
2025-11-18 07:39:25,COMPRA PLATZI SUBSCRIPCION #1606,91403.04,educacion
2026-06-27 11:21:56,TDA FERRETERIA EL MARTILLO #2065,888471.14,vivienda
2026-08-03 12:05:47,tda eps sanitas,69807.24,salud
2026-01-07 06:58:16,tda drogueria cruz verde #4926,77972.61,salud
2026-03-26 23:08:20,pago en taller automotriz central,77060.04,transporte
2026-02-12 17:36:51,COMPRA STEAM GAMES,18351.64,ocio
2026-06-15 15:05:12,PAYMENT MCDONALDS #1084,29871.94,alimentacion
2026-02-28 17:52:30,payment pension colegio #3387,313923.5,educacion
2026-01-27 00:38:48,PAYMENT Consultorio Odontologico #8957,181392.33,salud
2026-06-30 16:25:23,TDA Ferreteria El Martillo #7334,349212.29,vivienda
2026-06-24 14:43:20,POS Gasolinera Terpel #4205,30873.7,transporte
2025-10-10 04:24:46,COMPRA RAPPI COMIDA,63636.23,alimentacion
2025-09-06 16:47:45,PAYMENT Panaderia Kuty #5503,28622.52,alimentacion
2026-02-20 01:52:28,tda restaurante don jediondo,109159.51,alimentacion
2026-03-20 19:08:21,Vanti Gas Natural,24586.84,servicios
2026-05-20 17:10:57,COMPRA TRANSMILENIO CARD #7998,20191.54,transporte
2026-07-13 23:53:15,tda bar el cervecero #1004,11835.39,ocio
2025-12-06 03:25:29,AUT CABIFY,18288.38,transporte
2026-06-09 19:12:33,TDA CAJERO DAVIVIENDA #9184,7359.34,otras
2025-12-01 09:02:39,COMPRA ETB Internet #6491,11338.62,servicios
2026-08-04 00:30:37,pos playstation network,40788.42,ocio
2025-10-13 15:50:02,POS PAGO ARRIENDO APTO #9814,438810.61,vivienda
2025-09-22 01:16:38,recarga celular claro #5141,14841.23,servicios
2026-06-30 14:40:15,POS Transferencia Nequi #5633,2557.05,otras
2026-07-26 23:47:31,pos mcdonalds #8670,21781.81,alimentacion
2026-08-13 19:04:19,AUT CONSULTORIO ODONTOLOGICO #1280,11436.91,salud
2026-01-25 13:33:52,TDA EPS SANITAS #850,298407.92,salud
2026-01-18 09:39:49,COMPRA Drogueria Cruz Verde,148865.55,salud
2026-01-09 16:01:07,AUT TALLER AUTOMOTRIZ CENTRAL #9783,9707.6,transporte
2026-01-14 09:46:26,PAYMENT TEXACO #3713,136925.5,transporte
2026-01-10 00:53:03,PAGO EN Homecenter,1314621.42,vivienda
2025-08-28 09:10:19,pos enel codensa luz,22139.11,servicios
2026-08-13 22:22:16,DROGAS LA REBAJA,3135.84,salud
2026-07-09 08:08:05,COMPRA CREPES AND WAFFLES #2078,227011.07,alimentacion
2026-04-26 20:31:03,tda movistar factura #2803,11687.28,servicios
2026-06-20 18:38:49,pos jumbo,9736.93,alimentacion
2025-10-09 20:57:58,POS MOVISTAR FACTURA,49689.17,servicios
2025-12-06 20:21:17,pos jumbo,255710.68,alimentacion
2026-05-14 18:18:22,TDA Udemy Online,519762.57,educacion
2026-06-08 03:21:25,compra farmatodo,91153.49,salud
2026-02-15 14:52:05,COMPRA MOVISTAR FACTURA,38439.95,servicios
2026-04-13 09:54:23,PAYMENT CONSULTORIO ODONTOLOGICO,125336.46,salud
2026-08-04 05:38:55,PAYMENT PLATZI SUBSCRIPCION #3960,245417.06,educacion
2025-08-24 19:34:26,cabify,23227.04,transporte
2025-11-09 04:29:34,HOMECENTER,776475.73,vivienda
2026-03-18 13:40:16,pos d1,34541.8,alimentacion
2026-04-10 21:37:07,COMPRA AMAZON MARKETPLACE #806,10363.4,otras
2026-01-28 19:27:55,compra steam games #5577,10976.67,ocio
2026-06-14 20:53:53,POS Transferencia Nequi,4052.31,otras
2025-11-17 17:24:44,FARMATODO #8536,43994.79,salud
2025-10-03 18:09:14,payment easy #5440,403061.86,vivienda
2025-11-18 00:51:44,SPOTIFY #3831,6170.21,ocio
2026-04-22 13:54:24,PAYMENT MOVISTAR FACTURA,29969.53,servicios
2026-02-10 23:03:09,PAYMENT TRANSFERENCIA NEQUI #7554,88610.2,otras
2025-09-29 11:42:55,payment netflix,25408.06,ocio
2026-04-06 04:27:21,PAGO EN PENSION COLEGIO #9417,14993.91,educacion
2025-08-23 19:38:00,DROGUERIA CRUZ VERDE #6952,16504.84,salud
2026-03-05 14:05:41,PAGO EN Spotify,25810.58,ocio
2025-11-19 09:28:18,AUT LABORATORIO SYNLAB,16634.99,salud
2025-10-12 04:40:41,AUT DAVIPLATA ENVIO #7681,17594.94,otras
2026-01-31 03:14:29,etb internet #5462,37422.64,servicios
2026-04-13 04:53:08,COMPRA Ferreteria El Martillo,407988.12,vivienda
2025-11-18 20:39:58,POS Recarga Celular Claro,28659.07,servicios
2026-01-26 05:08:11,aut mcdonalds #1705,12491.2,alimentacion
2026-05-02 10:50:03,aut inmobiliaria bogota,508479.11,vivienda
2025-09-19 16:25:29,compra movistar factura #4016,32593.53,servicios
2026-01-04 11:30:56,PAYMENT GASOLINERA TERPEL,4299.72,transporte
2026-03-09 17:40:27,tda mercadolibre #7552,34216.89,otras
2026-03-02 11:04:54,tda optica hp #6168,47973.23,salud
2026-03-20 15:30:56,pos panaderia kuty #5554,56499.78,alimentacion
2026-01-16 01:44:15,udemy online #8987,129145.76,educacion
2025-09-03 08:12:54,POS EASY,1653631.37,vivienda
2026-01-14 16:26:24,TDA RESTAURANTE DON JEDIONDO #944,40142.05,alimentacion
2025-11-23 22:38:12,AUT PLAYSTATION NETWORK #6103,9891.35,ocio
2025-08-23 17:50:00,TDA TRANSMILENIO CARD,20132.04,transporte
2026-06-19 15:59:03,AUT Spotify #7939,19541.75,ocio
2025-12-29 08:14:13,Easy #5878,751116.5,vivienda
2026-05-29 01:57:01,pos enel codensa luz #5756,27566.46,servicios
2026-04-18 10:13:27,TDA Taller Automotriz Central #8830,9587.42,transporte
2026-06-13 01:21:32,PAGO EN MercadoLibre,11351.43,otras
2026-05-29 22:53:03,PAYMENT Uber #6500,5103.36,transporte
2025-10-08 05:54:45,pos matricula uniminuto #1935,805720.42,educacion
2026-01-01 06:06:36,DAVIPLATA ENVIO #471,6349.53,otras
2025-12-26 21:56:02,PAGO EN EPS SANITAS #451,22875.1,salud
2025-10-24 10:23:38,Gasolinera Terpel,9446.82,transporte
2026-02-13 21:02:39,aut boletas tuboleto #5446,24995.4,ocio
2026-02-19 06:40:43,PAGO EN AMAZON MARKETPLACE #5121,16400.22,otras
2025-10-27 05:23:56,PAYMENT Pension Colegio #4820,441216.29,educacion
2025-09-10 22:35:04,pago en jumbo #2825,21188.37,alimentacion
2026-06-14 21:03:49,AUT Consultorio Odontologico #2973,66628.89,salud
2025-08-31 19:09:32,compra farmatodo #5287,19557.58,salud
2025-11-03 17:24:33,PAGO EN Cajero Davivienda #9315,188179.04,otras
2026-06-20 16:07:02,COMPRA Bar El Cervecero #8945,5817.82,ocio
2026-07-27 10:36:35,POS Matricula Uniminuto #8282,143169.55,educacion
2025-12-18 00:00:40,COMPRA Cajero Davivienda #9048,41513.62,otras
2026-03-05 14:10:05,PAYMENT Steam Games,17848.23,ocio
2026-06-30 02:34:49,AUT Optica HP,39981.96,salud
2026-02-17 06:51:02,TDA CINEMARK #756,12199.2,ocio
2025-08-31 15:46:31,pos didi ride #3710,18759.03,transporte
2025-10-30 15:39:29,POS CABIFY,15798.94,transporte
2026-01-03 01:41:07,COMPRA Administracion Conjunto #8921,1300588.58,vivienda
2026-07-19 16:16:11,payment transmilenio card #5306,131856.66,transporte
2025-12-24 08:12:26,PAGO EN PANADERIA KUTY #7106,23248.75,alimentacion
2025-10-04 18:38:10,PAGO EN Cinepolis #5147,5121.17,ocio
2026-02-03 03:07:37,TDA Uber,16656.34,transporte
2026-06-02 02:34:29,PAGO EN Vanti Gas Natural #7044,126478.25,servicios
2026-07-30 21:04:14,MOVISTAR FACTURA #1510,16610.58,servicios
2025-12-27 02:29:43,UDEMY ONLINE #5595,705696.24,educacion
2026-02-26 03:23:39,pos recarga celular claro #4578,73616.21,servicios
2026-02-26 15:41:56,AUT PAPELERIA COMERCIAL,12662.65,otras
2026-08-11 09:38:34,PAYMENT OPTICA HP #8137,91663.67,salud
2025-11-29 00:27:43,PAGO EN COURSERA COURSE #7693,696676.15,educacion
2026-05-26 19:20:02,PAGO EN JUMBO #7842,26814.49,alimentacion
2025-09-17 02:05:52,COMPRA UDEMY ONLINE #4109,77319.66,educacion
2026-04-08 09:43:00,pos udemy online #6027,49118.1,educacion
2026-03-17 06:38:05,TDA Enel Codensa Luz,14634.63,servicios
2025-12-20 04:21:09,AUT CABIFY,10053.24,transporte
2025-09-17 12:44:28,aut pension colegio #5337,22726.15,educacion
2026-05-01 02:39:31,compra drogas la rebaja #6017,50893.57,salud
2025-12-14 11:11:36,pago en cinepolis #1358,7793.29,ocio
2026-04-08 11:17:08,pos optica hp #2838,63396.54,salud
2026-01-29 22:08:04,pago en steam games,4495.68,ocio
2026-05-12 07:31:08,AUT TRANSMILENIO CARD #2454,24289.32,transporte
2025-12-31 23:06:01,Platzi Subscripcion #5675,268400.29,educacion
2025-09-02 21:13:25,COMPRA Drogueria Cruz Verde #3722,5469.22,salud
2026-07-21 07:46:45,PAYMENT PEAJE CUNDINAMARCA,25251.75,transporte
2026-04-13 05:16:34,PAYMENT DROGUERIA CRUZ VERDE #6040,189176.53,salud
2025-12-02 01:29:11,AUT MERCADOLIBRE,6570.59,otras
2026-06-20 19:33:10,TDA MATRICULA UNIMINUTO,734604.0,educacion
2025-09-15 13:52:45,COMPRA CONSULTORIO ODONTOLOGICO #3538,77724.12,salud
2026-04-22 00:29:33,TDA PEAJE CUNDINAMARCA,9561.4,transporte
2026-01-05 12:45:00,RAPPI COMIDA #3317,34730.89,alimentacion
2026-06-24 13:12:02,POS RAPPI COMIDA,56764.22,alimentacion
2026-05-08 07:00:39,POS Libreria Panamericana,108142.65,educacion
2025-08-29 12:41:47,COMPRA FERRETERIA EL MARTILLO #5859,1007773.09,vivienda
2026-07-13 00:36:58,TDA Optica HP,17805.44,salud
2026-05-07 18:41:28,COMPRA Bar El Cervecero,15041.26,ocio
2025-08-30 22:47:41,AUT Ferreteria El Martillo #9572,312316.16,vivienda
2025-09-12 13:06:19,COMPRA EASY,682327.05,vivienda
2026-06-15 18:44:03,COMPRA Carulla,17621.48,alimentacion
2026-01-06 16:52:25,tda cajero davivienda #7303,10556.21,otras
2026-01-13 02:54:23,estacion texaco #6319,54856.93,transporte
2025-08-30 00:17:53,POS HOMECENTER,1403930.09,vivienda
2025-10-16 00:35:32,AUT Transferencia Nequi #6018,40503.28,otras
2026-02-08 04:01:38,PAGO EN CARULLA #6404,15155.97,alimentacion
2026-01-08 21:51:39,libreria panamericana #9175,67528.83,educacion
2026-06-09 18:54:28,Movistar Factura #7893,55706.86,servicios
2026-03-28 07:47:01,pos netflix,14753.0,ocio
2026-03-11 01:22:07,PAYMENT PEAJE CUNDINAMARCA #1492,145422.21,transporte
2026-01-19 00:23:28,TDA Vanti Gas Natural #1766,34063.81,servicios
2026-04-26 16:47:23,PAGO EN DROGUERIA CRUZ VERDE,60551.77,salud
2025-11-22 08:59:39,COMPRA Recarga Celular Claro,22348.85,servicios
2025-08-27 11:58:29,Libreria Panamericana #4572,115872.89,educacion
2025-10-28 16:32:18,PAYMENT Enel Codensa Luz,24551.25,servicios
2026-03-06 12:10:50,PAGO EN MERCADOLIBRE #7548,44716.98,otras
2026-08-07 05:16:41,PAYMENT UDEMY ONLINE #2305,311153.86,educacion
2025-10-02 04:03:25,PAYMENT Carulla,19364.73,alimentacion
2026-06-14 09:38:15,tda acueducto agua #5060,12103.62,servicios
2026-05-17 20:33:10,TDA Texaco,3454.44,transporte
2025-11-08 18:23:10,pago en daviplata envio,36606.87,otras
2025-12-06 08:12:51,pago en coursera course,26264.15,educacion
2026-08-08 08:38:51,PAYMENT SUPERMERCADO EXITO,6487.86,alimentacion
2025-11-03 04:14:32,CAJERO DAVIVIENDA #7631,32486.46,otras
2025-10-09 03:31:31,TDA LABORATORIO SYNLAB,760932.15,salud
2026-02-08 23:47:17,payment eps sanitas #6474,48694.53,salud
2026-08-01 10:44:26,tda taller automotriz central #8937,38355.06,transporte
2026-02-06 07:10:55,MERCADOLIBRE #1013,23904.68,otras
2026-06-28 04:58:32,PAYMENT MERCADOLIBRE,19952.51,otras
2026-07-11 19:16:26,POS PLATZI SUBSCRIPCION #839,297417.39,educacion
2026-05-03 19:09:46,BAR EL CERVECERO,10903.16,ocio
2026-05-19 23:50:30,pos boletas tuboleto #5955,16109.66,ocio
2026-03-19 00:47:23,compra panaderia kuty #5213,46974.41,alimentacion
2025-12-08 04:49:03,pos didi ride #422,9884.45,transporte
2026-07-14 01:42:52,tda rappi comida,80308.75,alimentacion
2026-05-20 20:59:12,pos enel codensa luz,24222.18,servicios
2026-08-12 13:44:07,AUT BOLETAS TUBOLETO #9480,7871.3,ocio
2026-04-22 02:14:24,TDA TRANSFERENCIA NEQUI,37665.88,otras
2026-06-21 16:13:53,AUT NETFLIX #7243,7122.92,ocio
2026-03-03 00:23:32,COMPRA TRANSMILENIO CARD #878,18496.99,transporte
2025-10-03 13:37:30,AUT MOVISTAR FACTURA,26756.39,servicios
2026-06-21 01:01:55,pago en cabify #8800,47920.85,transporte
2025-11-17 08:59:10,administracion conjunto #5045,969774.59,vivienda
2025-08-27 15:25:47,tda udemy online #3378,95795.18,educacion
2026-03-20 14:17:56,AUT COURSERA COURSE #9071,263371.16,educacion
2026-01-07 16:56:46,tda panaderia kuty #3156,110433.19,alimentacion
2026-06-25 13:06:54,easy,1019360.66,vivienda
2025-10-06 20:00:01,tda acueducto agua,27070.82,servicios
2026-07-26 20:13:09,COMPRA Playstation Network #5019,5333.24,ocio
2025-09-11 23:15:42,ENEL CODENSA LUZ,14199.07,servicios
2026-01-19 01:33:53,pago en homecenter,607352.83,vivienda
2026-05-23 14:47:45,AUT LIBRERIA PANAMERICANA #4007,47504.77,educacion
2026-03-09 14:17:01,COMPRA INMOBILIARIA BOGOTA,652011.33,vivienda
2026-06-12 03:34:41,PAYMENT MERCADOLIBRE #706,23310.28,otras
2026-07-03 04:31:27,pos pension colegio #4651,186396.48,educacion
2025-09-15 01:51:05,Consultorio Odontologico #8060,45362.97,salud
2025-12-18 13:21:25,PAGO EN Carulla,53594.48,alimentacion
2025-09-15 05:42:47,TDA ENEL CODENSA LUZ,27964.32,servicios
2026-02-14 08:19:30,POS Farmatodo #8296,5580.24,salud
2026-03-06 08:35:23,POS Udemy Online #2103,31977.81,educacion
2025-10-06 06:36:36,Bar El Cervecero #6488,12077.97,ocio
2026-04-22 21:45:23,COMPRA HOMECENTER #2969,352985.82,vivienda
2025-10-27 02:27:51,PAYMENT UDEMY ONLINE #9758,202787.61,educacion
2026-02-01 10:44:22,pago en cinemark #7880,39008.14,ocio
2026-08-06 02:53:54,PAGO EN Pension Colegio #6125,426136.17,educacion
2026-07-06 07:34:08,aut panaderia kuty #995,30615.01,alimentacion
2026-03-06 15:30:24,AUT Administracion Conjunto #6045,1784119.69,vivienda
2025-12-13 13:05:28,TRANSMILENIO CARD #7348,20615.55,transporte
2025-10-19 08:05:11,PAGO EN ENEL CODENSA LUZ #3957,21976.93,servicios
2026-08-15 10:49:59,TDA EPS Sanitas #6756,24965.67,salud
2025-11-12 23:58:49,matricula uniminuto,68667.85,educacion
2026-03-06 22:55:22,TDA Enel Codensa Luz #1744,21313.46,servicios
2026-07-11 23:07:07,POS Coursera Course #9965,121115.45,educacion
2025-11-22 18:15:20,tda playstation network #953,14949.03,ocio
2026-04-21 01:36:21,PAYMENT CONSULTORIO ODONTOLOGICO,49185.33,salud
2025-12-02 00:30:50,TDA MOVISTAR FACTURA #9534,34967.1,servicios
2026-04-17 04:04:32,AUT Farmatodo,181627.09,salud
2026-04-13 01:19:53,AUT Optica HP,139317.33,salud
2025-09-22 17:15:39,PAYMENT PLAYSTATION NETWORK,4724.76,ocio
2026-04-23 08:52:51,AUT Consultorio Odontologico,2953.32,salud
2026-04-04 06:29:58,PAYMENT Inmobiliaria Bogota #6547,1277725.3,vivienda
2025-10-16 07:38:23,pos inmobiliaria bogota,321217.19,vivienda
2026-04-30 06:16:49,PAYMENT INMOBILIARIA BOGOTA #2864,637392.4,vivienda
2026-05-24 07:13:45,PAGO EN ACUEDUCTO AGUA #6128,13332.13,servicios
2025-12-26 13:17:15,TDA Gasolinera Terpel #7533,3562.5,transporte
2025-09-02 10:24:13,COMPRA TRANSFERENCIA NEQUI,37852.89,otras
2025-09-17 23:29:48,tda platzi subscripcion #2233,245483.79,educacion
2026-04-23 13:13:37,COMPRA FERRETERIA EL MARTILLO,516119.58,vivienda
2025-11-28 05:13:00,COMPRA HOMECENTER #2491,154102.71,vivienda
2025-11-07 07:19:17,AUT PENSION COLEGIO #4168,51251.83,educacion
2026-01-26 05:18:54,POS Transferencia Nequi #5396,32591.41,otras
2026-04-22 14:16:28,COMPRA ETB Internet,11077.3,servicios
2026-02-26 20:29:46,POS MATRICULA UNIMINUTO #953,123011.35,educacion
2026-03-17 07:35:44,PAGO EN Homecenter,722746.7,vivienda
2026-04-23 17:27:16,PAGO EN SUPERMERCADO EXITO #6341,57724.28,alimentacion
2026-02-20 23:49:01,PAGO EN ETB INTERNET #9267,28904.37,servicios
2026-06-25 22:40:55,COMPRA Drogas La Rebaja #5657,16808.23,salud
2026-01-22 03:30:06,pago en drogueria cruz verde,182814.76,salud
2026-02-09 13:46:57,pago en matricula uniminuto #2195,81614.69,educacion
2026-05-11 20:47:19,PAGO EN LIBRERIA PANAMERICANA,95533.72,educacion
2025-10-17 19:51:41,COURSERA COURSE,32211.49,educacion
2026-01-25 20:19:13,COMPRA Boletas Tuboleto #8149,9795.74,ocio
2026-02-13 19:21:34,laboratorio synlab,18522.05,salud
2025-12-27 13:16:10,COMPRA TRANSFERENCIA NEQUI #3866,18528.29,otras
2025-10-12 05:32:03,compra cajero davivienda,121991.72,otras
2026-07-18 00:04:04,payment transferencia nequi #9289,5586.45,otras
2025-12-19 10:41:22,TRANSFERENCIA NEQUI,4387.17,otras
2026-07-17 17:28:17,COMPRA CINEMARK,37414.71,ocio
2026-01-19 06:45:11,aut consultorio odontologico,38938.7,salud
2026-06-08 20:21:23,POS FERRETERIA EL MARTILLO #9451,488237.07,vivienda
2026-03-05 10:24:27,Uber #1645,45977.81,transporte
2025-09-27 16:09:03,TDA ARA,22370.7,alimentacion
2025-11-19 07:36:18,CINEMARK #573,47964.04,ocio
2025-10-04 00:25:55,tda amazon marketplace,43387.47,otras
2026-02-08 00:59:00,POS Oxxo,24579.57,alimentacion
2025-10-11 03:31:11,COMPRA Netflix,60482.89,ocio
2025-09-06 02:07:13,platzi subscripcion #1258,47721.73,educacion
2026-01-13 14:58:51,PAYMENT Recarga Celular Claro #4033,41992.96,servicios
2026-01-26 19:44:35,POS RECARGA CELULAR CLARO,32195.29,servicios
2026-07-19 11:41:43,tda enel codensa luz,58749.9,servicios
2026-06-29 08:36:29,PAYMENT Didi Ride,73523.48,transporte
2026-08-15 01:38:24,AUT Libreria Panamericana #1674,102580.69,educacion
2026-05-24 11:50:56,payment homecenter,464143.61,vivienda
2025-10-30 03:49:37,recarga celular claro #6133,35453.71,servicios
2026-02-26 22:36:59,PAYMENT ETB INTERNET #8510,17914.59,servicios
2026-02-14 17:28:38,COMPRA Papeleria Comercial,164948.28,otras
2026-07-24 20:01:26,TDA MERCADOLIBRE,25248.84,otras
2026-02-26 14:16:19,pos amazon marketplace,15285.78,otras
2025-09-21 09:45:48,TDA Farmatodo,60062.94,salud
2026-03-01 17:31:43,AUT Enel Codensa Luz #1353,11988.75,servicios
2025-11-18 22:11:54,payment transmilenio card #7712,7521.7,transporte
2026-03-31 23:36:22,PAGO EN PLATZI SUBSCRIPCION #8348,416856.24,educacion
2025-09-05 07:58:18,DAVIPLATA ENVIO #6538,11419.82,otras
2025-12-04 16:52:34,PAGO EN ETB Internet #7554,14355.0,servicios
2026-04-06 11:43:24,MERCADOLIBRE #3166,37671.26,otras
2026-05-05 14:47:28,didi ride,52424.73,transporte
2025-12-06 09:48:46,payment supermercado exito #2913,64547.89,alimentacion
2025-08-20 14:39:50,PAYMENT Papeleria Comercial,59637.97,otras
2026-01-31 18:58:58,aut cajero davivienda,10334.11,otras
2026-07-26 03:31:42,POS ENEL CODENSA LUZ #327,11463.39,servicios
2026-05-26 23:18:41,d1 #7982,120700.42,alimentacion
2026-06-10 02:06:21,Homecenter,601025.17,vivienda
2026-01-06 13:13:42,PAGO EN INMOBILIARIA BOGOTA,627500.78,vivienda
2026-01-20 00:08:10,POS Recarga Celular Claro #2597,59689.8,servicios
2026-03-26 21:51:18,payment amazon marketplace #7464,38416.03,otras
2025-11-01 00:45:50,AUT ADMINISTRACION CONJUNTO,958890.98,vivienda
2026-03-20 06:51:23,POS Cinepolis,60809.52,ocio
2025-09-14 23:48:38,TDA Vanti Gas Natural #9181,18285.96,servicios
2026-03-01 06:26:49,PAYMENT Rappi Comida #9783,76288.09,alimentacion
2026-06-10 07:12:27,tda daviplata envio #411,23318.75,otras
2025-12-04 01:37:50,pago en cinemark,16123.2,ocio
2026-05-08 16:13:11,payment transferencia nequi,101566.44,otras
2025-10-02 13:50:38,PAYMENT Papeleria Comercial #4818,36601.18,otras
2025-09-23 23:34:54,payment cajero davivienda #3699,37733.22,otras
2026-01-09 08:54:20,COMPRA Playstation Network,28303.91,ocio
2026-03-22 01:48:52,vanti gas natural,21612.53,servicios
2026-06-06 15:13:49,PLAYSTATION NETWORK,7424.59,ocio
2025-11-02 17:47:56,tda administracion conjunto,389692.98,vivienda
2026-03-03 03:48:38,COMPRA FARMATODO #8163,5636.44,salud
2026-02-27 15:30:32,PAGO EN VANTI GAS NATURAL #9223,92385.4,servicios
2025-09-04 00:42:10,PAGO EN OXXO #2698,15024.44,alimentacion
2025-10-09 15:42:59,PAGO EN CARULLA #3814,30424.31,alimentacion
2025-12-24 18:36:33,PAGO EN Homecenter,617795.03,vivienda
2026-03-07 02:58:36,PAGO EN Restaurante Don Jediondo,46440.41,alimentacion
2025-10-14 06:40:21,PAYMENT Gasolinera Terpel,37577.6,transporte
2026-07-30 07:02:08,Texaco,39121.45,transporte
2025-10-10 17:17:53,pos transmilenio card #2836,10670.42,transporte
2026-08-14 03:25:50,COMPRA Administracion Conjunto,659823.05,vivienda
2025-12-19 03:21:36,PAPELERIA COMERCIAL #6059,29219.16,otras
2026-01-17 01:02:49,Drogueria Cruz Verde #6911,37288.48,salud
2026-05-31 13:24:03,D1,131383.59,alimentacion
2026-04-05 00:21:35,PAGO EN DROGUERIA CRUZ VERDE #6899,84126.13,salud
2026-03-02 10:57:48,pago arriendo apto,1133620.07,vivienda
2026-03-12 04:12:42,Pago Arriendo Apto #6806,1085692.69,vivienda
2026-05-19 16:22:43,PAYMENT Cinepolis #262,30376.72,ocio
2025-12-11 20:41:44,pago en texaco #2792,21224.67,transporte
2026-06-30 05:46:30,TDA RECARGA CELULAR CLARO,12356.05,servicios
2026-01-07 11:47:19,TDA Panaderia Kuty,49998.6,alimentacion
2026-05-06 02:46:32,PAYMENT Udemy Online,45178.28,educacion
2026-01-26 04:52:54,TDA LIBRERIA PANAMERICANA #5738,52347.53,educacion
2025-12-14 22:12:36,AUT Coursera Course,199513.43,educacion
2026-07-22 02:59:52,compra papeleria comercial,75984.38,otras
2026-04-18 19:34:40,PAGO EN Papeleria Comercial,22500.02,otras
2026-04-06 06:02:45,PAGO EN MOVISTAR FACTURA #8905,32380.12,servicios
2025-11-28 13:22:04,aut laboratorio synlab #1620,318837.37,salud
2026-06-17 11:38:20,PAGO EN COURSERA COURSE,131781.93,educacion
2026-03-29 18:23:16,AUT Restaurante Don Jediondo #5079,291077.98,alimentacion
2026-05-24 14:22:53,GASOLINERA TERPEL #8414,30000.18,transporte
2026-04-01 01:16:34,POS Panaderia Kuty #9478,8878.52,alimentacion
2025-10-22 15:43:57,COMPRA Cajero Davivienda,46786.11,otras
2026-04-18 17:23:06,pago en administracion conjunto #9484,916846.21,vivienda
2026-04-15 02:48:04,tda acueducto agua #5471,58328.82,servicios
2025-10-13 19:48:51,PAYMENT Administracion Conjunto #7074,1092423.1,vivienda
2025-11-19 11:52:50,pos texaco #2230,15920.93,transporte
2026-03-27 19:11:12,pago en transferencia nequi,6474.99,otras
2025-09-29 02:44:43,AUT Enel Codensa Luz #7037,23732.15,servicios
2025-08-24 18:57:14,PAYMENT PAPELERIA COMERCIAL,9409.54,otras
2025-12-17 06:16:15,TDA EPS Sanitas #8508,25885.14,salud
2025-10-15 05:53:11,PAYMENT Uber #2669,30629.55,transporte
2026-05-12 14:22:26,AUT CINEMARK,42999.04,ocio
2026-01-23 19:26:22,POS STEAM GAMES #2029,17610.84,ocio
2026-06-14 09:42:37,PAGO EN STEAM GAMES #2440,5784.18,ocio
2026-08-09 22:19:19,PAGO EN RECARGA CELULAR CLARO,35128.27,servicios
2026-07-22 09:41:44,POS Transferencia Nequi #1206,72884.52,otras
2026-05-26 22:19:26,AUT Vanti Gas Natural #7511,18659.87,servicios
2026-05-18 12:44:49,vanti gas natural,24824.58,servicios
2026-03-06 20:55:22,tda laboratorio synlab #7471,49819.26,salud
2026-03-23 06:17:19,TDA OPTICA HP #6811,20673.58,salud
2026-05-01 14:50:46,AUT Enel Codensa Luz #7359,39694.51,servicios
2026-03-09 12:14:49,tda estacion texaco #5160,16173.78,transporte
2025-12-17 06:49:52,pos transmilenio card #8977,26306.71,transporte
2026-02-11 22:49:10,aut crepes and waffles #7896,17854.42,alimentacion
2025-12-28 09:09:50,TDA CARULLA,25591.96,alimentacion
2026-01-02 00:38:20,ara #9595,64725.15,alimentacion
2026-06-13 05:54:40,AUT BOLETAS TUBOLETO #481,10290.92,ocio
2026-05-08 19:27:23,POS EPS SANITAS,327636.56,salud
2026-06-25 13:01:46,pos matricula uniminuto,61110.35,educacion
2025-11-28 02:28:44,COMPRA PENSION COLEGIO #1568,129265.24,educacion
2026-02-21 11:19:50,COMPRA ETB INTERNET #5429,47077.69,servicios
2025-11-21 04:10:11,payment ara #2434,11676.19,alimentacion
2026-03-22 04:11:22,PAYMENT Steam Games,3894.94,ocio
2025-11-12 18:21:27,compra d1,10715.8,alimentacion
2026-06-12 22:18:36,MERCADOLIBRE #1985,77853.5,otras
2026-05-18 04:35:52,AUT PLAYSTATION NETWORK #8032,9078.82,ocio
2026-05-12 11:56:50,pago en inmobiliaria bogota #9703,3385186.54,vivienda
2026-02-23 08:17:02,TDA FERRETERIA EL MARTILLO,519931.03,vivienda
2026-02-19 18:32:13,pos vanti gas natural,30053.39,servicios
2026-03-23 02:34:04,AUT Drogas La Rebaja,267351.87,salud
2025-12-01 15:15:14,PAYMENT Acueducto Agua #7712,89648.86,servicios
2025-10-03 18:23:38,COMPRA LIBRERIA PANAMERICANA #8000,1171510.26,educacion
2026-05-07 05:01:17,PAYMENT Libreria Panamericana,420853.25,educacion
2026-01-11 21:27:04,FERRETERIA EL MARTILLO #845,1348411.13,vivienda
2026-07-01 06:16:32,POS Didi Ride #2114,30738.59,transporte
2026-06-13 15:55:36,COMPRA Udemy Online,251207.18,educacion
2025-12-08 05:39:35,TDA BAR EL CERVECERO #7517,9083.09,ocio
2025-12-07 03:21:14,COMPRA BAR EL CERVECERO #9922,7534.6,ocio
2025-09-17 03:03:09,POS CONSULTORIO ODONTOLOGICO,48839.18,salud
2026-08-11 06:50:20,COMPRA Panaderia Kuty #8111,31693.04,alimentacion
2026-04-29 04:32:51,aut texaco #7393,11993.2,transporte
2026-06-03 16:08:40,BOLETAS TUBOLETO,21752.22,ocio
2025-11-08 12:56:47,payment carulla #3261,77982.85,alimentacion
2026-07-04 23:30:51,pos easy,769152.19,vivienda
2025-11-30 17:35:06,pos spotify,37581.65,ocio
2026-05-14 19:13:54,PAYMENT PAGO ARRIENDO APTO,367686.71,vivienda
2025-10-09 17:55:18,TDA PAPELERIA COMERCIAL,18148.45,otras
2026-04-13 12:58:15,recarga celular claro #8297,17499.13,servicios
2026-04-02 08:06:06,tda easy #9979,238012.39,vivienda
2025-11-19 14:19:03,TDA Estacion Texaco #4353,16740.52,transporte
2026-05-04 13:45:00,TDA FERRETERIA EL MARTILLO,678033.17,vivienda
2025-11-13 01:51:25,aut panaderia kuty,121876.05,alimentacion
2025-11-15 20:38:20,PAYMENT Transferencia Nequi,41390.71,otras
2025-09-25 08:21:27,payment oxxo,16004.91,alimentacion
2025-12-23 17:00:16,PAYMENT Transmilenio Card #8574,95672.23,transporte
2026-02-16 21:34:06,pago en inmobiliaria bogota,1517568.92,vivienda
2026-05-08 23:36:52,PAYMENT Cinepolis #1440,20079.78,ocio
2025-08-19 10:44:22,TDA D1 #1319,30297.26,alimentacion
2026-08-13 06:16:54,PAGO EN PAGO ARRIENDO APTO #1684,410173.88,vivienda
2026-01-22 11:05:50,AUT Recarga Celular Claro,21518.66,servicios
2026-08-15 13:34:32,POS Pension Colegio #5683,364578.93,educacion
2026-02-18 20:35:15,pos spotify,49971.61,ocio
2025-11-02 21:30:33,AUT Taller Automotriz Central #1094,72324.57,transporte
2025-12-20 03:56:41,Enel Codensa Luz,20064.16,servicios
2026-04-25 06:38:59,POS RAPPI COMIDA #7175,14828.5,alimentacion
2026-08-05 01:01:50,pos restaurante don jediondo #6349,40648.17,alimentacion
2026-04-27 18:18:35,movistar factura #273,9310.86,servicios
2025-11-15 14:53:38,AUT AMAZON MARKETPLACE,30429.5,otras
2026-05-31 07:30:08,AUT RAPPI COMIDA #3253,32270.8,alimentacion
2026-07-13 16:07:26,TDA Crepes and Waffles #3272,25013.5,alimentacion
2026-08-07 02:21:46,aut consultorio odontologico #6997,8483.06,salud
2026-01-26 17:24:55,COMPRA DAVIPLATA ENVIO #822,36812.77,otras
2026-08-15 03:14:04,PAYMENT COURSERA COURSE #5961,52091.6,educacion
2026-07-08 04:25:25,PAYMENT FARMATODO #5718,13535.78,salud
2026-06-19 10:46:13,AUT RESTAURANTE DON JEDIONDO,3648.93,alimentacion
2025-10-28 18:59:42,Ferreteria El Martillo,717473.33,vivienda
2026-07-22 04:47:00,compra enel codensa luz,77913.22,servicios
2026-07-23 22:17:01,pago en inmobiliaria bogota #7894,1976336.68,vivienda
2025-08-21 00:49:16,tda mercadolibre #9576,13945.38,otras
2026-03-26 00:13:59,payment steam games #1817,8764.38,ocio
2025-09-28 02:33:35,compra rappi comida,52839.77,alimentacion
2025-12-05 22:45:06,AUT Homecenter #7976,400700.18,vivienda
2026-04-23 11:54:35,COMPRA BOLETAS TUBOLETO #210,16502.29,ocio
2026-03-09 01:26:52,POS CABIFY #2433,35935.19,transporte
2026-07-28 18:56:54,AUT EASY,1522950.2,vivienda
2026-07-13 22:53:48,COMPRA D1 #3687,33519.3,alimentacion
2026-02-15 04:42:53,DROGAS LA REBAJA #3025,39181.46,salud
2025-10-31 07:34:38,PAGO EN OPTICA HP,18661.52,salud
2025-12-23 20:38:39,TDA EPS SANITAS,19740.58,salud
2026-05-28 08:58:12,payment administracion conjunto #6200,636737.44,vivienda
2026-04-26 04:54:08,POS ETB Internet #2242,33537.49,servicios
2026-05-23 12:15:55,PAYMENT FERRETERIA EL MARTILLO,1261927.38,vivienda
2025-08-22 21:43:09,COMPRA ETB Internet,16615.52,servicios
2025-12-26 08:33:29,PAGO EN FERRETERIA EL MARTILLO,1786221.66,vivienda
2026-03-25 22:32:58,Panaderia Kuty #2171,29234.39,alimentacion
2026-06-07 12:49:54,TDA Daviplata Envio #7811,21560.81,otras
2025-10-24 14:10:34,AUT ESTACION TEXACO #8442,9205.07,transporte
2026-07-15 22:18:31,pago en daviplata envio,1950.34,otras
2026-07-31 19:29:22,payment papeleria comercial #9622,53318.86,otras
2026-07-04 14:32:55,compra d1,65478.37,alimentacion
2026-03-05 13:12:31,compra homecenter #6278,616123.97,vivienda
2025-09-20 02:53:58,AUT STEAM GAMES #1476,14001.13,ocio
2026-05-04 08:21:42,aut spotify #8492,19171.07,ocio
2025-10-28 04:43:50,PAYMENT Vanti Gas Natural #6121,10535.15,servicios
2026-02-18 20:38:23,PAYMENT STEAM GAMES #7336,9224.91,ocio
2026-08-15 20:58:11,pos cabify #8320,36858.38,transporte
2025-08-20 02:06:22,COMPRA DIDI RIDE #1268,5832.14,transporte
2026-01-13 09:37:02,COMPRA ADMINISTRACION CONJUNTO,869901.06,vivienda
2026-02-06 22:19:18,TDA PENSION COLEGIO,19382.03,educacion
2025-12-23 10:46:31,Matricula Uniminuto #5779,172769.91,educacion
2026-03-31 15:22:21,vanti gas natural #294,26333.97,servicios
2026-03-27 22:02:56,payment optica hp #3538,8294.56,salud
2025-11-27 00:17:49,PAPELERIA COMERCIAL #1506,70596.75,otras
2026-01-04 01:42:48,homecenter,469416.19,vivienda
2025-11-17 04:56:40,AMAZON MARKETPLACE #6239,9796.18,otras
2026-05-03 18:39:45,TDA DROGAS LA REBAJA #5910,61121.94,salud
2026-02-14 04:14:26,TDA Vanti Gas Natural,53593.46,servicios
2025-10-18 11:06:49,AUT Platzi Subscripcion #627,29173.44,educacion
2026-05-10 21:06:52,aut drogas la rebaja,52462.18,salud
2026-08-10 22:24:59,COMPRA VANTI GAS NATURAL,34797.12,servicios
2026-06-12 09:53:01,PAYMENT Movistar Factura #9430,40776.59,servicios
2026-05-12 12:25:03,COMPRA MATRICULA UNIMINUTO #9158,121994.33,educacion
2026-04-22 11:39:57,COMPRA TRANSFERENCIA NEQUI #6422,15259.72,otras
2026-01-07 04:12:08,TDA ADMINISTRACION CONJUNTO #7549,443940.52,vivienda
2025-11-11 04:54:32,pago en jumbo,38906.44,alimentacion
2025-10-08 07:23:46,COMPRA Drogueria Cruz Verde #7935,15072.8,salud
2025-10-15 22:14:16,COMPRA MOVISTAR FACTURA,4661.95,servicios
2026-06-03 19:50:19,aut daviplata envio #5184,34083.2,otras
2026-01-09 12:52:51,compra cajero davivienda #2437,54389.96,otras
2026-05-17 01:00:24,Acueducto Agua #5488,6517.46,servicios
2026-08-06 22:19:43,PAYMENT AMAZON MARKETPLACE #1592,8024.62,otras
2026-06-07 13:27:48,TDA Cajero Davivienda,40911.0,otras
2026-06-24 21:34:48,ACUEDUCTO AGUA,92456.85,servicios
2026-07-04 01:37:38,aut pago arriendo apto,738573.74,vivienda
2026-06-09 07:29:28,AUT CONSULTORIO ODONTOLOGICO #815,22008.78,salud
2026-05-08 15:41:28,tda drogas la rebaja #1193,40087.26,salud
2026-07-22 12:39:12,payment homecenter,1664317.77,vivienda
2026-03-09 12:31:19,cinemark #5441,8500.03,ocio
2026-03-10 13:22:31,COMPRA DROGAS LA REBAJA #7672,20351.07,salud
2026-01-04 22:31:27,PAGO EN Amazon Marketplace,13592.27,otras
2026-08-08 15:47:07,POS RECARGA CELULAR CLARO #2336,15184.08,servicios
2025-09-30 00:18:24,payment amazon marketplace #9085,24901.18,otras
2026-07-05 07:10:44,PAYMENT Daviplata Envio,111823.66,otras
2026-08-03 01:58:21,POS OPTICA HP,69939.59,salud
2025-11-03 22:40:57,tda transmilenio card #1371,14369.77,transporte
2026-03-13 20:28:48,PAGO EN PANADERIA KUTY #5966,28754.54,alimentacion
2025-10-20 08:02:32,AUT Panaderia Kuty #882,10398.82,alimentacion
2026-07-15 06:49:54,tda peaje cundinamarca #958,39926.63,transporte
2026-02-05 00:41:50,MCDONALDS #4191,34123.11,alimentacion
2026-05-08 15:15:22,POS Pago Arriendo Apto #557,654555.76,vivienda
2026-05-22 20:36:17,TDA SPOTIFY,124888.34,ocio
2026-02-23 06:39:06,tda estacion texaco #6910,23597.06,transporte
2026-08-01 12:42:03,aut bar el cervecero,7893.12,ocio
2026-02-06 10:38:40,POS VANTI GAS NATURAL #1834,20830.75,servicios
2026-02-09 12:44:25,PAYMENT DROGUERIA CRUZ VERDE,173388.55,salud
2026-03-04 18:15:41,compra homecenter #4662,780712.5,vivienda
2026-02-10 20:06:55,pos cinepolis,4881.49,ocio
2025-09-08 20:35:26,TDA TRANSFERENCIA NEQUI #9425,55228.2,otras
2026-02-13 00:07:23,tda cabify,9883.98,transporte
2026-06-26 19:26:28,COMPRA Drogas La Rebaja,384857.17,salud
2026-05-25 07:54:14,pos playstation network #9685,28453.7,ocio
2026-01-18 04:57:16,AUT FERRETERIA EL MARTILLO,557716.95,vivienda
2026-06-30 12:20:26,CREPES AND WAFFLES,101195.86,alimentacion
2026-06-03 01:50:47,AUT MOVISTAR FACTURA #2353,28021.11,servicios
2026-03-30 00:41:48,COMPRA PENSION COLEGIO #721,274670.76,educacion
2025-09-04 00:34:35,pago en papeleria comercial #5302,35765.28,otras
2025-12-29 05:41:12,restaurante don jediondo,18451.75,alimentacion
2025-09-11 04:43:49,COMPRA MATRICULA UNIMINUTO,45603.52,educacion
2025-09-09 20:04:05,AUT Pago Arriendo Apto #4168,1353191.58,vivienda
2026-08-15 01:51:50,FERRETERIA EL MARTILLO #5369,596679.14,vivienda
2025-08-29 18:14:07,CARULLA #3253,26293.61,alimentacion
2026-01-23 05:21:39,compra farmatodo #9809,17143.34,salud
2026-06-12 01:47:02,AUT PAGO ARRIENDO APTO #7752,940492.96,vivienda
2026-06-10 20:28:34,PAYMENT PAGO ARRIENDO APTO #4179,2514325.04,vivienda
2026-05-27 15:54:56,COMPRA PAPELERIA COMERCIAL #7983,7573.93,otras
2026-01-27 16:30:08,payment boletas tuboleto #7331,13588.15,ocio
2026-07-29 14:16:34,movistar factura,62776.26,servicios
2026-02-07 15:06:50,vanti gas natural #5018,25647.85,servicios
2026-01-10 07:42:54,tda laboratorio synlab #6333,80628.62,salud
2026-05-09 13:57:11,PAYMENT CAJERO DAVIVIENDA #7978,7612.95,otras
2026-07-23 01:52:35,PAYMENT CONSULTORIO ODONTOLOGICO #3206,78522.29,salud
2025-10-08 01:59:59,PAYMENT Playstation Network,11719.38,ocio
2026-07-17 12:53:49,PAYMENT BOLETAS TUBOLETO #9738,26635.79,ocio
2025-10-02 12:11:10,PAYMENT CARULLA,93892.79,alimentacion
2026-03-14 02:03:25,Enel Codensa Luz,127228.27,servicios
2026-03-10 19:36:53,tda papeleria comercial #1045,39325.69,otras
2026-05-27 02:34:28,COMPRA ETB Internet #665,32711.36,servicios
2026-07-07 15:32:47,TDA CINEPOLIS,15307.05,ocio
2026-06-07 02:32:52,compra papeleria comercial #9965,15472.72,otras
2025-12-11 07:23:22,pos drogueria cruz verde,71134.82,salud
2026-05-05 23:55:07,tda vanti gas natural #1416,22533.52,servicios
2026-03-16 21:02:36,COMPRA HOMECENTER,806998.09,vivienda
2026-03-12 00:25:32,AUT COURSERA COURSE,479796.36,educacion
2026-07-03 04:43:13,PAYMENT Libreria Panamericana,29500.1,educacion
2025-11-21 13:25:27,TDA Texaco #5742,50306.56,transporte
2025-12-29 20:53:15,COMPRA LIBRERIA PANAMERICANA,479518.66,educacion
2025-12-02 11:41:12,COMPRA MATRICULA UNIMINUTO,85675.12,educacion
2026-08-16 11:44:34,AUT Peaje Cundinamarca #4824,2671.33,transporte
2026-06-10 17:19:41,PAGO EN FARMATODO #2300,25119.4,salud
2025-08-29 22:43:55,POS LABORATORIO SYNLAB #3582,204167.09,salud
2026-01-27 06:03:02,JUMBO,35657.17,alimentacion
2026-06-10 22:34:50,TDA VANTI GAS NATURAL,14770.96,servicios
2025-11-18 21:37:02,PAGO EN DROGUERIA CRUZ VERDE #2142,28134.38,salud
2025-09-12 13:38:30,aut cinepolis #8049,24063.08,ocio
2026-04-05 02:24:20,pos gasolinera terpel #218,29497.48,transporte
2026-02-06 19:34:38,COMPRA CARULLA #218,29997.05,alimentacion
2026-05-05 10:09:33,payment udemy online,63564.52,educacion
2026-07-22 04:03:14,TDA Bar El Cervecero,10155.49,ocio
2025-11-20 11:31:57,TDA Administracion Conjunto #1037,419388.88,vivienda
2025-09-03 14:45:40,POS Cinemark #6683,41388.69,ocio
2026-02-03 21:52:29,AUT DROGUERIA CRUZ VERDE #8793,34387.47,salud
2026-03-15 01:22:15,payment administracion conjunto,1514044.51,vivienda
2026-06-06 09:49:45,PAYMENT MERCADOLIBRE,100842.59,otras
2025-10-10 20:36:11,TDA Cinepolis #849,26871.4,ocio
2025-12-07 18:34:32,compra playstation network,9876.03,ocio
2026-06-30 06:07:26,PAYMENT Cabify,25935.22,transporte
2026-03-29 04:10:57,PAPELERIA COMERCIAL,21499.92,otras
2026-03-29 16:54:01,AUT Enel Codensa Luz #2445,15643.0,servicios
2026-06-13 11:01:22,PAYMENT JUMBO,47074.53,alimentacion
2026-07-01 06:19:21,payment daviplata envio,6774.77,otras
2025-11-17 10:33:02,COMPRA PAGO ARRIENDO APTO #1565,1487500.32,vivienda
2026-07-23 17:45:52,PAGO EN Jumbo,25041.91,alimentacion
2026-04-30 20:04:14,PAGO EN Easy,822987.09,vivienda
2025-11-11 06:42:45,aut estacion texaco,23270.9,transporte
2025-12-12 03:19:00,aut spotify,11145.23,ocio
2025-09-10 02:36:40,TDA Boletas Tuboleto,20144.48,ocio
2026-04-04 05:10:56,COMPRA MOVISTAR FACTURA #4867,20232.75,servicios
2026-08-06 10:57:52,TDA Cabify #3182,39504.41,transporte
2026-04-17 13:07:26,COMPRA Cabify,5370.19,transporte
2026-01-30 08:14:34,POS Ara #3210,40179.16,alimentacion
2026-02-25 21:57:56,enel codensa luz #2169,86107.98,servicios
2025-12-29 04:37:25,PAYMENT INMOBILIARIA BOGOTA #7646,400232.62,vivienda
2026-05-05 03:48:39,PAYMENT PENSION COLEGIO,43770.09,educacion
2026-06-18 14:40:28,TDA Pension Colegio,182899.01,educacion
2025-12-19 05:15:55,PAGO EN CREPES AND WAFFLES #2122,41926.17,alimentacion
2026-01-26 02:52:18,Papeleria Comercial #4875,31276.74,otras
2025-10-14 09:15:14,Recarga Celular Claro #3550,36080.66,servicios
2026-01-10 15:18:29,TDA Easy #3033,1067503.05,vivienda
2026-06-06 10:06:45,Enel Codensa Luz,52355.9,servicios
2026-02-17 07:57:37,PAYMENT Restaurante Don Jediondo #7856,50405.47,alimentacion
2026-07-13 06:52:34,POS VANTI GAS NATURAL #4737,23277.57,servicios
2025-12-12 05:30:41,EASY #1694,1092024.88,vivienda
2025-10-12 11:54:02,payment ara,166026.97,alimentacion
2026-08-07 16:27:02,PAYMENT PAPELERIA COMERCIAL #2472,19290.47,otras
2026-03-23 20:15:43,TDA EASY #9531,406476.92,vivienda
2026-01-26 04:34:46,PAYMENT EPS SANITAS,165675.9,salud
2026-03-11 06:19:36,PAGO EN CARULLA,32981.27,alimentacion
2026-01-15 06:46:22,aut carulla,6386.01,alimentacion
2025-11-24 11:10:36,TDA CONSULTORIO ODONTOLOGICO #656,124512.81,salud
2025-12-23 16:43:09,PAGO EN Vanti Gas Natural,19512.35,servicios
2025-09-17 03:26:05,ETB INTERNET,25480.79,servicios
2026-07-12 10:18:01,PAYMENT PAPELERIA COMERCIAL #7392,30698.85,otras
2025-09-22 08:16:18,POS TEXACO #8451,21406.5,transporte
2026-05-25 20:03:50,TDA Cajero Davivienda,44777.09,otras
2025-09-06 10:48:04,PAYMENT EPS Sanitas,30362.54,salud
2026-01-10 21:54:19,COMPRA Coursera Course #1140,182723.06,educacion
2026-04-09 09:10:08,EPS SANITAS,36845.86,salud
2025-09-01 19:03:17,aut transferencia nequi,46111.17,otras
2025-10-29 12:15:14,TDA UBER,31377.01,transporte
2026-05-25 17:27:32,AUT DROGUERIA CRUZ VERDE #5249,17518.58,salud
2026-03-22 11:18:32,COMPRA LABORATORIO SYNLAB,161875.1,salud
2026-02-19 14:43:22,pos matricula uniminuto,51888.05,educacion
2026-07-21 02:31:43,payment netflix,23520.8,ocio
2025-12-13 04:21:43,pos administracion conjunto,909247.3,vivienda
2025-11-07 16:38:11,aut libreria panamericana #9554,896111.76,educacion
2026-06-01 09:29:41,aut bar el cervecero #3538,11425.17,ocio
2026-06-03 11:51:50,POS D1 #5010,27461.67,alimentacion
2026-08-07 13:39:20,AUT PAGO ARRIENDO APTO #9795,720966.71,vivienda
2026-05-14 14:09:06,AUT CONSULTORIO ODONTOLOGICO #9108,35119.16,salud
2026-05-17 18:02:37,COMPRA ETB Internet #1464,43476.03,servicios
2026-01-18 11:19:25,compra etb internet #1256,10200.72,servicios
2026-03-19 20:11:49,TDA Libreria Panamericana,27877.66,educacion
2026-06-14 14:45:29,EPS SANITAS #7204,15144.86,salud
2026-01-12 06:28:10,pago en inmobiliaria bogota #1902,1290041.0,vivienda
2026-03-12 16:25:28,PAGO EN RECARGA CELULAR CLARO,75084.39,servicios
2026-01-03 22:59:12,COMPRA STEAM GAMES,12417.79,ocio
2025-11-27 00:22:33,PAYMENT CARULLA,31727.61,alimentacion
2026-03-04 14:14:29,compra texaco #5122,19207.32,transporte
2026-02-14 09:55:03,AUT Transferencia Nequi #9474,70395.06,otras
2026-06-25 05:14:17,POS COURSERA COURSE,32440.93,educacion
2026-02-15 18:24:46,pago en movistar factura,31039.67,servicios
2026-08-07 12:37:22,aut vanti gas natural #255,48296.7,servicios
2026-01-08 09:39:55,COMPRA Consultorio Odontologico #9398,85067.78,salud
2026-01-25 04:33:13,PAGO EN PANADERIA KUTY,42262.92,alimentacion
2026-03-23 21:33:19,PAYMENT ETB Internet #5899,49051.58,servicios
2026-06-01 07:25:04,PAYMENT PLATZI SUBSCRIPCION #3848,3851.13,educacion
2025-08-23 17:37:31,PAYMENT Didi Ride,33192.78,transporte
2026-03-20 07:40:57,TDA TEXACO #1634,10009.92,transporte
2026-03-30 08:26:53,TDA Carulla #8174,8395.86,alimentacion
2026-01-26 14:33:17,tda mcdonalds #2335,54664.08,alimentacion
2025-10-15 15:01:20,POS Peaje Cundinamarca,62087.05,transporte
2025-12-23 13:00:44,TDA MCDONALDS #5753,32534.01,alimentacion
2026-01-11 22:48:29,payment crepes and waffles,77831.35,alimentacion
2026-07-07 01:56:54,pos pago arriendo apto #2284,1919100.14,vivienda
2026-02-27 08:16:19,PAYMENT McDonalds #6215,103977.68,alimentacion
2026-04-28 15:50:00,SPOTIFY #2031,42107.25,ocio
2025-12-26 12:46:19,PAGO EN CAJERO DAVIVIENDA #9419,46264.37,otras
2026-06-09 21:28:54,AUT LIBRERIA PANAMERICANA,108068.48,educacion
2026-05-25 10:29:37,MERCADOLIBRE #5928,4438.33,otras
2026-05-31 15:57:41,PAGO EN CAJERO DAVIVIENDA #184,17221.91,otras
2026-02-12 09:40:57,pago en eps sanitas #7158,19388.37,salud
2026-05-29 00:22:38,aut transmilenio card,127242.3,transporte
2025-10-22 04:06:56,COMPRA TRANSFERENCIA NEQUI,18473.9,otras
2026-05-24 04:15:13,PAGO EN Amazon Marketplace #7117,24914.49,otras
2026-02-23 01:52:58,payment matricula uniminuto,191335.26,educacion
2026-08-08 12:34:00,TDA Drogas La Rebaja #5985,51429.27,salud
2026-04-23 16:32:33,COMPRA INMOBILIARIA BOGOTA #2290,2016816.07,vivienda
2026-03-08 21:57:39,COMPRA Cinepolis,8639.89,ocio
2026-07-09 07:07:48,PAYMENT Matricula Uniminuto #8219,124682.89,educacion
2026-07-01 02:43:10,Drogas La Rebaja,21661.3,salud
2025-09-05 06:37:54,POS Movistar Factura,12185.31,servicios
2026-01-24 14:13:08,PAGO EN FARMATODO #3974,25010.57,salud
2026-07-10 15:31:51,aut boletas tuboleto,13017.82,ocio
2025-11-15 07:33:38,PAYMENT PLATZI SUBSCRIPCION #7127,58973.14,educacion
2026-05-19 01:44:35,AUT Consultorio Odontologico #4706,22887.29,salud
2025-08-20 23:38:58,compra libreria panamericana,18259.1,educacion
2026-03-01 20:13:02,Papeleria Comercial,20269.94,otras
2026-01-09 08:55:39,FARMATODO #2536,9365.68,salud
2026-04-14 09:05:12,POS EPS Sanitas #3248,113103.83,salud
2026-05-03 09:02:58,AUT RECARGA CELULAR CLARO #934,28267.38,servicios
2026-08-06 21:54:18,TDA LIBRERIA PANAMERICANA,17170.33,educacion
2026-04-30 11:25:13,POS VANTI GAS NATURAL #946,22347.61,servicios
2025-08-23 13:04:32,PAGO EN Platzi Subscripcion,40031.12,educacion
2026-03-12 03:01:29,POS ADMINISTRACION CONJUNTO #108,883374.67,vivienda
2026-01-24 04:23:52,pago en spotify #1750,34143.08,ocio
2025-08-23 22:20:38,PAGO EN UDEMY ONLINE #1927,10402.41,educacion
2026-05-24 21:46:08,AUT PANADERIA KUTY,39815.87,alimentacion
2026-03-13 11:53:09,tda bar el cervecero,11943.08,ocio
2025-08-24 02:13:32,TDA SPOTIFY #9673,21374.16,ocio
2026-06-29 05:37:10,TDA ESTACION TEXACO,21848.27,transporte
2026-05-06 04:53:14,TDA PAGO ARRIENDO APTO #1716,464547.18,vivienda
2026-06-26 12:28:21,tda steam games #3409,10685.71,ocio
2025-09-27 23:54:37,COMPRA Drogueria Cruz Verde #9119,20422.07,salud
2026-03-09 02:04:16,PAYMENT BAR EL CERVECERO,28373.33,ocio
2025-11-19 00:26:14,PAYMENT Recarga Celular Claro #8355,27249.41,servicios
2026-04-15 03:13:16,PAGO EN LABORATORIO SYNLAB,396848.45,salud
2025-11-23 11:09:11,pos crepes and waffles,34595.24,alimentacion
2025-11-29 06:05:31,TDA Vanti Gas Natural #8512,17587.72,servicios
2025-09-17 02:57:27,EPS Sanitas #9315,9273.48,salud
2026-01-22 02:53:41,PAGO EN ACUEDUCTO AGUA #158,9119.01,servicios
2026-03-24 20:38:49,tda ferreteria el martillo #8501,281959.42,vivienda
2026-05-15 05:09:30,platzi subscripcion #4499,136019.29,educacion
2025-12-11 22:24:40,POS FARMATODO #4881,85784.84,salud
2026-07-05 00:32:34,compra drogas la rebaja #944,8610.09,salud
2026-04-28 07:42:12,aut pago arriendo apto #5792,1247962.76,vivienda
2026-06-08 10:17:53,POS Bar El Cervecero,9526.73,ocio
2025-09-22 17:55:58,COMPRA LIBRERIA PANAMERICANA #4931,117730.29,educacion
2026-01-11 17:26:30,PANADERIA KUTY #5924,131896.99,alimentacion
2026-03-20 01:59:44,pago en pension colegio,289585.88,educacion
2025-09-08 05:28:26,TDA PEAJE CUNDINAMARCA #9125,14162.07,transporte
2025-08-21 02:31:37,pago en daviplata envio #9629,9034.52,otras
2025-10-22 23:51:20,PAYMENT MOVISTAR FACTURA #7209,7397.6,servicios
2026-02-27 13:27:46,PAYMENT Transferencia Nequi #3131,10730.51,otras
2026-04-24 21:24:58,aut farmatodo #3055,38861.4,salud
2026-03-25 04:36:39,COMPRA Ara,16485.83,alimentacion
2026-07-30 22:30:12,compra inmobiliaria bogota #4118,674175.55,vivienda
2026-08-09 09:33:52,tda recarga celular claro #293,28172.77,servicios
2025-11-14 16:01:26,POS Vanti Gas Natural #322,23507.77,servicios
2026-08-02 10:55:04,COMPRA JUMBO,21590.27,alimentacion
2026-07-28 03:03:02,Supermercado Exito #5644,41561.26,alimentacion
2026-02-18 02:25:44,COMPRA Uber #9321,26842.63,transporte
2025-09-04 12:26:02,PAGO EN DROGAS LA REBAJA #4094,14773.07,salud
2026-05-10 05:46:59,AUT LIBRERIA PANAMERICANA #829,536659.37,educacion
2026-08-01 16:38:13,aut matricula uniminuto,87701.5,educacion
2026-03-24 06:44:15,POS D1 #6414,36867.28,alimentacion
2025-08-30 05:06:42,tda pension colegio #1941,230927.09,educacion
2026-08-13 03:10:29,POS UBER,22245.49,transporte
2025-08-23 12:23:20,POS Cabify #1489,42523.96,transporte
2026-04-02 10:01:05,PAYMENT FARMATODO #9924,67227.43,salud
2026-06-05 13:57:53,tda movistar factura,18630.17,servicios
2026-07-02 05:48:35,pos platzi subscripcion #8279,152329.96,educacion
2026-08-13 04:11:13,Libreria Panamericana #135,25022.45,educacion
2025-12-11 15:54:28,TDA OPTICA HP #2521,55238.51,salud
2026-03-24 10:54:59,POS TRANSFERENCIA NEQUI #4662,21306.55,otras
2026-03-25 12:26:01,COMPRA NETFLIX,11548.59,ocio
2026-05-07 08:52:05,payment amazon marketplace,19369.65,otras
2025-12-24 06:23:28,Netflix,3578.52,ocio
2026-06-06 21:14:01,aut vanti gas natural #8845,19356.14,servicios
2025-10-10 18:52:44,pos homecenter #7011,771203.02,vivienda
2026-05-25 16:08:19,POS EASY #146,802842.5,vivienda
2026-02-27 22:10:21,AUT Oxxo #2288,15960.3,alimentacion
2025-12-29 18:05:21,PAGO EN Oxxo,99964.09,alimentacion
2025-09-24 08:56:33,PAYMENT Drogas La Rebaja #9135,18905.49,salud
2025-11-15 14:11:02,COMPRA MOVISTAR FACTURA,48130.64,servicios
2025-12-27 16:59:58,TDA DROGUERIA CRUZ VERDE,78426.24,salud
2026-06-12 02:05:49,pago en mcdonalds #1836,21655.57,alimentacion
2026-04-05 17:55:12,TALLER AUTOMOTRIZ CENTRAL #2691,89123.63,transporte
2026-06-13 20:29:57,pos netflix #304,5793.28,ocio
2025-08-28 22:34:34,Movistar Factura #2395,46699.68,servicios
2025-12-01 14:02:15,payment udemy online,327977.01,educacion
2026-02-23 23:12:02,pos ara #626,21237.08,alimentacion
2026-01-02 14:50:44,compra laboratorio synlab #7040,226774.6,salud
2026-01-10 05:40:41,TDA MercadoLibre,17153.43,otras
2025-10-28 13:38:49,COMPRA LIBRERIA PANAMERICANA #2669,139585.47,educacion
2026-04-01 23:11:48,PAYMENT TRANSMILENIO CARD,22794.84,transporte
2026-01-12 00:58:46,AUT HOMECENTER #6527,672942.22,vivienda
2026-06-13 07:34:00,PAYMENT Taller Automotriz Central #6737,37411.28,transporte
2025-12-10 03:34:52,DROGUERIA CRUZ VERDE #7050,117340.78,salud
2026-05-21 09:05:53,POS TEXACO #5596,3738.06,transporte
2025-09-18 07:05:40,aut pension colegio #3571,472223.79,educacion
2025-10-16 07:53:18,AUT PENSION COLEGIO #630,13426.82,educacion
2026-05-20 19:45:24,aut gasolinera terpel,45674.32,transporte
2025-10-16 08:24:35,POS OXXO,89443.65,alimentacion
2026-01-15 17:59:06,PAYMENT Steam Games #5252,6224.97,ocio
2026-01-04 12:24:53,TDA NETFLIX,10020.92,ocio
2025-09-21 23:28:38,TRANSMILENIO CARD,6666.6,transporte
2025-12-15 03:42:21,AUT VANTI GAS NATURAL,23648.32,servicios
2026-01-04 05:07:09,TDA Farmatodo #1628,34932.13,salud
2025-09-26 03:18:39,PAGO ARRIENDO APTO,1164492.96,vivienda
2025-09-20 08:06:51,aut laboratorio synlab,207179.25,salud
2026-01-31 19:27:54,PLAYSTATION NETWORK #4865,35489.02,ocio
2026-03-21 17:55:18,TDA RECARGA CELULAR CLARO,19200.65,servicios
2026-03-04 10:44:23,aut ferreteria el martillo #2596,643364.6,vivienda
2025-09-26 13:12:17,transferencia nequi #5171,4091.07,otras
2025-09-21 05:45:11,POS Taller Automotriz Central #2880,8731.71,transporte
2026-03-20 16:08:52,PAGO EN DROGUERIA CRUZ VERDE #5889,141681.49,salud
2026-04-06 06:11:06,Consultorio Odontologico #7853,289856.46,salud
2026-06-18 01:56:37,COMPRA Papeleria Comercial,6410.23,otras
2026-07-18 20:52:54,pago en transferencia nequi,12179.82,otras
2025-08-22 05:28:04,PAGO EN EPS SANITAS #5238,47617.41,salud
2026-01-25 03:26:03,payment acueducto agua #799,31827.84,servicios
2026-06-16 00:49:38,TDA D1,19002.34,alimentacion
2026-05-25 22:28:45,PAYMENT Didi Ride #6641,26414.14,transporte
2026-08-03 23:35:27,HOMECENTER #1631,548913.63,vivienda
2026-03-27 13:30:09,aut papeleria comercial,21710.42,otras
2025-10-22 07:04:20,TDA Estacion Texaco #6603,29485.56,transporte
2026-01-12 07:07:28,PAGO EN Homecenter #5710,732232.5,vivienda
2025-10-10 08:31:41,TDA DAVIPLATA ENVIO,14237.21,otras
2025-12-12 09:11:30,AUT TRANSFERENCIA NEQUI #7799,19739.76,otras
2026-02-24 22:41:35,AUT Administracion Conjunto #9948,691751.61,vivienda
2025-09-11 00:08:15,OXXO #7856,27010.78,alimentacion
2026-02-02 05:55:17,INMOBILIARIA BOGOTA,624509.84,vivienda
2026-01-27 23:24:11,COMPRA DROGUERIA CRUZ VERDE #6736,284506.64,salud
2026-02-21 11:48:28,AUT AMAZON MARKETPLACE #4350,38596.6,otras
2026-01-04 16:22:23,PAYMENT CARULLA #4964,28670.26,alimentacion
2025-11-21 04:49:51,PAYMENT Boletas Tuboleto #2732,21760.86,ocio
2026-04-17 04:10:52,tda enel codensa luz #262,22020.04,servicios
2026-04-05 01:07:18,tda inmobiliaria bogota,1474566.76,vivienda
2025-11-01 09:05:11,POS Bar El Cervecero #7614,17304.98,ocio
2025-09-27 23:29:59,pos cajero davivienda,19785.37,otras
2025-12-13 18:03:48,TDA Coursera Course #7481,168933.48,educacion
2026-01-18 02:33:41,payment consultorio odontologico,8708.34,salud
2026-07-10 06:51:01,tda d1,14743.92,alimentacion
2026-01-11 23:16:33,PAYMENT Laboratorio Synlab #3536,13182.99,salud
2026-02-04 09:37:12,Oxxo #5047,40715.11,alimentacion
2026-01-31 16:04:44,tda taller automotriz central,85756.19,transporte
2026-04-05 06:35:18,Bar El Cervecero #8671,63698.11,ocio
2025-12-12 02:42:17,COMPRA CINEMARK #6213,20881.85,ocio
2026-04-08 16:46:53,payment laboratorio synlab #7267,85044.41,salud
2025-11-03 10:30:59,TEXACO,3565.46,transporte
2025-12-17 10:50:43,PAYMENT CREPES AND WAFFLES #9024,23525.99,alimentacion
2026-01-19 02:18:24,aut mercadolibre,10018.78,otras
2025-12-08 14:56:19,compra movistar factura,18536.4,servicios
2026-05-14 07:55:15,UBER #2138,15501.17,transporte
2026-02-24 02:57:53,Amazon Marketplace,13737.84,otras
2026-06-17 02:58:27,pago en recarga celular claro,8204.35,servicios
2025-12-21 23:55:29,pago en libreria panamericana #6894,242193.51,educacion
2025-12-04 07:01:54,POS McDonalds #2612,15395.12,alimentacion
2026-01-06 04:38:11,COMPRA Bar El Cervecero,15795.38,ocio
2026-08-14 09:56:25,PAYMENT Ferreteria El Martillo #6544,2531821.6,vivienda
2025-11-03 00:42:59,tda movistar factura #2946,15496.5,servicios
2026-03-17 08:04:36,payment netflix #2169,2272.87,ocio
2026-05-09 04:28:02,PAGO EN ETB INTERNET,22660.93,servicios
2025-08-27 21:19:16,POS SPOTIFY #7266,28873.28,ocio
2026-02-12 17:04:33,AUT Drogueria Cruz Verde,422600.34,salud
2025-11-06 20:30:34,POS PEAJE CUNDINAMARCA,5963.46,transporte
2026-06-23 05:24:46,TDA PAPELERIA COMERCIAL,36195.83,otras
2026-07-06 06:33:10,COMPRA Administracion Conjunto #4118,551729.81,vivienda
2025-09-13 07:03:01,TDA Enel Codensa Luz #1459,25246.2,servicios
2026-05-05 19:03:04,AUT PANADERIA KUTY,301183.41,alimentacion
2025-10-10 11:41:18,COMPRA TEXACO #3059,4662.59,transporte
2025-12-13 01:02:59,cajero davivienda #1749,28388.51,otras
2025-11-23 13:36:32,POS MCDONALDS #1350,52794.09,alimentacion
2025-10-16 07:09:50,pago en vanti gas natural,51610.05,servicios
2026-01-28 18:17:00,pago en farmatodo #3027,54599.58,salud
2025-09-15 03:51:00,pago en carulla,46464.34,alimentacion
2026-04-06 15:35:32,AUT Jumbo,26547.24,alimentacion
2026-03-31 13:21:09,pos ferreteria el martillo #8586,857242.54,vivienda
2026-03-12 23:06:36,FARMATODO #3654,33606.96,salud
2026-08-11 02:02:57,POS Farmatodo,97122.57,salud
2026-01-26 21:17:24,PAYMENT PLATZI SUBSCRIPCION #1606,63352.37,educacion
2025-08-31 17:07:16,tda udemy online,155207.85,educacion
2026-05-16 22:09:01,PAGO EN Movistar Factura #4705,26434.95,servicios
2026-04-05 01:14:52,COMPRA Didi Ride,49684.35,transporte
2026-08-07 13:16:56,PAYMENT Amazon Marketplace #4551,20923.04,otras
2025-09-28 21:50:30,PAYMENT PEAJE CUNDINAMARCA #5882,3656.53,transporte
2026-04-29 19:44:11,COMPRA Taller Automotriz Central,56147.05,transporte
2026-01-02 07:22:01,PAYMENT COURSERA COURSE #8791,33293.63,educacion
2026-04-25 16:55:14,compra carulla,21525.36,alimentacion
2025-09-03 15:19:12,COMPRA DROGAS LA REBAJA #6189,25457.68,salud
2026-04-24 22:34:17,POS Cinemark #278,34965.13,ocio
2026-04-25 14:31:56,AUT Homecenter,202520.31,vivienda
2026-06-05 17:57:25,pago en peaje cundinamarca,303754.07,transporte
2026-06-22 15:51:23,PAGO EN Transmilenio Card,46651.07,transporte
2025-09-27 13:55:11,TDA PEAJE CUNDINAMARCA,22046.63,transporte
2025-09-24 17:31:29,compra spotify #8192,12856.11,ocio
2025-11-11 15:38:42,pos udemy online #2903,139060.57,educacion
2026-06-03 11:37:11,aut movistar factura #392,36778.67,servicios
2026-03-22 03:19:14,PAGO EN RAPPI COMIDA #6699,60850.33,alimentacion
2026-05-11 11:56:30,TDA OXXO #7798,56640.73,alimentacion
2025-11-11 06:36:36,pago en etb internet #5765,28388.76,servicios
2026-01-09 17:29:31,aut playstation network #4989,11636.05,ocio
2026-02-13 06:30:24,Amazon Marketplace,18934.23,otras
2026-04-03 00:30:03,POS CINEMARK #270,11655.86,ocio
2026-02-27 19:07:27,COMPRA Boletas Tuboleto #3231,29544.09,ocio
2025-12-29 09:46:26,TDA CINEPOLIS,20241.49,ocio
2026-02-20 22:11:51,POS CARULLA,3455.38,alimentacion
2025-12-10 04:04:22,PAGO EN Boletas Tuboleto,21144.4,ocio
2026-08-09 22:34:11,COMPRA Transferencia Nequi #2524,26761.95,otras
2025-10-01 12:17:22,payment etb internet,26602.88,servicios
2025-10-11 10:57:12,PAYMENT Ferreteria El Martillo,577745.61,vivienda
2025-12-16 13:28:25,COMPRA Playstation Network #4953,29345.04,ocio
2026-02-10 06:27:09,TDA Spotify,25932.92,ocio
2026-03-07 19:35:14,payment texaco #315,8994.87,transporte
2025-12-30 16:50:20,COMPRA AMAZON MARKETPLACE #5677,33092.18,otras
2025-09-24 08:21:27,TDA Steam Games #2623,6767.18,ocio
2026-05-24 19:54:58,COMPRA ESTACION TEXACO,5210.04,transporte
2026-02-09 03:33:30,AUT MERCADOLIBRE #6656,11769.69,otras
2025-09-12 12:33:18,COMPRA Udemy Online,277859.86,educacion
2025-09-03 18:55:16,PAYMENT Estacion Texaco,42523.52,transporte
2025-10-01 03:07:02,payment inmobiliaria bogota #568,992369.95,vivienda
2026-07-13 05:22:34,PAGO EN CAJERO DAVIVIENDA #9116,45483.09,otras
2026-04-26 01:57:44,compra movistar factura #7159,36669.73,servicios
2026-05-07 09:50:27,pago en rappi comida #905,21737.95,alimentacion
2026-08-13 13:57:01,pago en movistar factura #2994,34862.03,servicios
2025-11-20 03:52:42,payment mercadolibre #917,49040.88,otras
2025-10-24 04:28:01,pos uber #684,35555.93,transporte
2025-10-18 15:01:04,AUT Inmobiliaria Bogota #3810,1488602.06,vivienda
2026-03-22 20:36:55,payment vanti gas natural #4495,41150.13,servicios
2026-02-12 21:06:06,COMPRA Optica HP #4818,72156.53,salud
2026-06-23 06:04:04,POS Libreria Panamericana #8345,356532.36,educacion
2026-04-19 00:14:11,pago en papeleria comercial,21449.97,otras
2025-10-28 19:41:49,TDA DROGAS LA REBAJA #3169,18581.8,salud
2026-04-29 16:59:55,pos daviplata envio,18712.24,otras
2026-01-18 01:32:24,PAGO EN JUMBO,20011.81,alimentacion
2026-05-30 19:24:09,pago en crepes and waffles,21159.78,alimentacion
2026-07-26 09:30:32,payment daviplata envio #384,19062.56,otras
2026-02-08 00:47:16,AUT Pension Colegio #2501,38142.95,educacion
2026-01-31 06:10:03,didi ride,13668.3,transporte
2025-08-19 03:55:20,tda steam games #6068,3549.17,ocio
2025-11-08 20:29:23,TDA Steam Games #8584,15511.01,ocio
2025-12-03 12:48:24,PAGO EN Transferencia Nequi,22053.03,otras
2026-06-27 12:21:10,payment jumbo,18888.89,alimentacion
2026-03-29 15:43:03,PAYMENT Drogas La Rebaja #9563,101232.0,salud
2026-06-23 22:20:49,COMPRA ENEL CODENSA LUZ,47218.55,servicios
2025-10-29 01:02:13,POS ETB Internet,10254.42,servicios
2025-12-22 00:50:40,COMPRA MercadoLibre #5815,10273.01,otras
2026-02-11 03:07:26,PAYMENT ACUEDUCTO AGUA,16958.33,servicios
2025-11-27 07:45:21,AUT Inmobiliaria Bogota #5724,415010.1,vivienda
2026-07-18 10:48:01,PEAJE CUNDINAMARCA #5785,38045.09,transporte
2026-03-10 09:06:19,tda rappi comida #2561,31099.25,alimentacion
2025-12-17 03:34:58,AUT COURSERA COURSE,71867.7,educacion
2026-01-15 08:49:31,MATRICULA UNIMINUTO #7536,8913.88,educacion
2026-01-16 21:13:13,POS COURSERA COURSE #5110,211610.3,educacion
2025-09-30 19:09:54,POS Cinepolis #5837,5611.2,ocio
2026-01-01 03:10:56,tda drogueria cruz verde #3323,52361.45,salud
2026-04-14 04:40:56,COMPRA DIDI RIDE #5910,23147.43,transporte
2026-06-29 11:02:06,PAYMENT VANTI GAS NATURAL,60863.88,servicios
2026-05-18 14:44:00,aut platzi subscripcion #9339,20525.34,educacion
2026-08-09 05:11:14,TDA NETFLIX,1613.79,ocio
2026-04-03 15:12:46,COMPRA ACUEDUCTO AGUA #1502,30040.74,servicios
2026-05-05 10:57:54,COMPRA MERCADOLIBRE #7258,133320.49,otras
2025-12-17 01:32:51,pago en papeleria comercial #5958,76034.8,otras
2025-11-18 02:06:14,payment vanti gas natural,30509.57,servicios
2025-10-01 20:29:16,pos mcdonalds,24506.44,alimentacion
2026-01-09 09:54:35,aut pension colegio #2185,260028.66,educacion
2025-10-11 08:00:07,MATRICULA UNIMINUTO,30691.61,educacion
2026-01-15 07:11:06,rappi comida,53161.31,alimentacion
2026-04-06 01:32:11,POS CARULLA #1853,54413.97,alimentacion
2026-03-28 16:01:32,AUT Didi Ride #5528,46825.77,transporte
2026-01-28 17:27:08,TDA Transmilenio Card,216142.68,transporte
2026-02-22 10:32:24,TDA LABORATORIO SYNLAB,75482.61,salud
2026-03-14 03:10:58,TDA Drogas La Rebaja #205,28005.05,salud
2026-08-09 09:38:47,POS Inmobiliaria Bogota #9992,718309.21,vivienda
2026-08-13 21:09:01,COMPRA Uber #503,3669.58,transporte
2026-03-20 22:36:18,POS AMAZON MARKETPLACE,10996.0,otras
2026-02-23 14:14:22,DAVIPLATA ENVIO #9057,14628.36,otras
2025-10-10 22:06:12,aut papeleria comercial #2496,13041.76,otras
2025-12-17 14:32:35,FARMATODO,57964.75,salud
2026-04-14 23:45:52,PAYMENT Homecenter #1738,445319.84,vivienda
2026-07-19 13:41:48,tda cajero davivienda #6421,67577.52,otras
2025-08-21 03:46:08,PAYMENT TALLER AUTOMOTRIZ CENTRAL,18037.11,transporte
2025-10-09 11:02:26,pos udemy online #280,97620.19,educacion
2026-06-30 00:48:29,tda panaderia kuty,27936.36,alimentacion
2026-03-23 12:46:09,COMPRA OXXO #7609,41116.0,alimentacion
2026-04-28 01:29:46,aut drogas la rebaja,121492.53,salud
2026-01-23 07:51:12,AUT BOLETAS TUBOLETO #2580,7280.89,ocio
2026-02-24 09:39:44,TDA PLAYSTATION NETWORK,8428.03,ocio
2026-05-20 05:27:05,pos udemy online,68564.4,educacion
2026-02-23 05:27:16,aut vanti gas natural,11997.79,servicios
2025-09-18 12:59:27,TDA PENSION COLEGIO #9614,36934.1,educacion
2025-08-29 10:05:15,POS RECARGA CELULAR CLARO #2707,20216.76,servicios
2025-12-08 20:55:13,TDA Taller Automotriz Central #3893,39614.49,transporte
2025-12-02 04:15:35,COMPRA INMOBILIARIA BOGOTA,853872.19,vivienda
2026-03-14 05:19:13,POS RECARGA CELULAR CLARO,30216.82,servicios
2025-10-21 18:15:58,Taller Automotriz Central #582,38785.75,transporte
2026-03-25 02:41:21,TDA Cinemark #2282,12134.89,ocio
2026-06-13 11:06:39,PAGO EN PAGO ARRIENDO APTO #4787,921980.09,vivienda
2026-03-18 22:15:51,EPS SANITAS #3250,43759.15,salud
2025-09-30 09:38:52,TDA Panaderia Kuty #644,44904.35,alimentacion
2025-09-30 18:55:41,Oxxo #9055,22783.53,alimentacion
2026-06-14 11:01:19,TDA Netflix,2423.16,ocio
2026-07-03 03:59:48,daviplata envio #7861,19258.75,otras
2026-03-15 22:39:19,netflix #7104,36167.77,ocio
2026-06-08 14:11:48,COMPRA TEXACO,41506.02,transporte
2026-02-04 20:16:46,COMPRA TALLER AUTOMOTRIZ CENTRAL #8956,42995.8,transporte
2025-11-10 07:24:12,ADMINISTRACION CONJUNTO #5963,1531377.83,vivienda
2025-09-26 05:02:07,POS Drogas La Rebaja #4055,54042.35,salud
2026-07-05 19:15:53,aut udemy online #1916,125088.76,educacion
2026-06-05 05:29:33,POS LIBRERIA PANAMERICANA #7004,47043.02,educacion
2025-12-11 01:17:36,COMPRA Cinepolis #5500,10708.03,ocio
2026-02-08 02:15:15,PAYMENT D1 #9338,59433.71,alimentacion
2025-12-30 19:25:04,pos oxxo,95140.26,alimentacion
2026-02-03 22:52:23,PAYMENT TRANSMILENIO CARD,15906.74,transporte
2026-06-14 15:51:21,pos carulla #3790,25332.63,alimentacion
2025-11-06 22:39:04,PAGO EN Vanti Gas Natural,26911.71,servicios
2026-04-02 18:17:34,pos inmobiliaria bogota #3314,1046251.2,vivienda
2025-12-31 14:33:40,tda etb internet,11312.77,servicios
2026-04-11 10:29:50,mcdonalds #2151,5785.18,alimentacion
2026-01-30 17:15:04,COMPRA Acueducto Agua #2033,19335.11,servicios
2026-04-13 17:23:25,COMPRA BAR EL CERVECERO #1049,5684.52,ocio
2026-06-18 05:46:14,compra gasolinera terpel #8885,11414.89,transporte
2026-06-29 09:05:34,D1 #1028,32266.21,alimentacion
2026-06-26 05:41:40,pos drogas la rebaja #9969,29775.07,salud
2026-03-26 19:55:22,compra administracion conjunto,1743631.42,vivienda
2026-03-12 03:39:41,POS TEXACO #9007,24199.09,transporte
2026-04-06 05:33:42,PAYMENT Spotify,16487.08,ocio
2025-10-21 19:50:08,COMPRA LIBRERIA PANAMERICANA #4483,208282.08,educacion
2026-05-17 20:42:06,PAGO EN Gasolinera Terpel,6470.77,transporte
2025-12-07 19:13:34,POS Cajero Davivienda #2346,62262.33,otras
2025-11-29 06:15:46,TDA ADMINISTRACION CONJUNTO #2111,697000.51,vivienda
2026-08-02 00:30:01,compra drogueria cruz verde,102490.84,salud
2026-06-30 00:28:54,POS TRANSFERENCIA NEQUI #653,7541.25,otras
2025-10-09 02:13:30,ENEL CODENSA LUZ,10590.84,servicios
2026-08-09 05:59:24,POS VANTI GAS NATURAL,43946.74,servicios
2025-12-03 03:17:15,compra d1 #7162,49076.11,alimentacion
2025-10-05 17:07:42,AUT Matricula Uniminuto,33441.01,educacion
2026-07-19 18:53:04,STEAM GAMES,7268.0,ocio
2025-11-22 09:36:20,tda oxxo,89352.8,alimentacion
2026-05-20 17:07:32,TDA ETB Internet,13178.64,servicios
2026-07-05 04:27:18,tda etb internet #8861,72085.18,servicios
2026-06-09 03:53:35,PAYMENT PENSION COLEGIO #4003,33498.47,educacion
2026-01-16 22:40:52,ARA,60519.05,alimentacion
2025-10-11 15:34:50,PAGO EN FERRETERIA EL MARTILLO #6565,598887.42,vivienda
2026-04-20 00:51:31,PAGO EN Platzi Subscripcion,203582.16,educacion
2026-04-18 06:05:04,PAGO EN Carulla #5359,23498.9,alimentacion
2026-01-10 03:18:16,payment eps sanitas #245,40983.62,salud
2025-09-15 18:18:27,TDA PLAYSTATION NETWORK,13747.93,ocio
2026-06-22 00:38:27,POS CREPES AND WAFFLES #9134,16289.08,alimentacion
2026-01-20 21:17:10,COMPRA TALLER AUTOMOTRIZ CENTRAL #4624,35127.58,transporte
2026-06-04 15:06:35,COMPRA DAVIPLATA ENVIO,13184.36,otras
2026-05-14 05:33:07,POS D1,30246.03,alimentacion
2026-02-10 00:30:56,PAGO EN MERCADOLIBRE #3834,8149.0,otras
2025-12-22 13:00:07,POS Platzi Subscripcion,4560.56,educacion
2025-08-18 09:29:44,AUT CINEPOLIS #1888,11687.56,ocio
2025-09-22 14:35:17,AUT TRANSFERENCIA NEQUI #3443,245884.06,otras
2026-02-11 11:30:06,POS Boletas Tuboleto,23137.8,ocio
2026-05-02 08:42:50,PAGO EN DROGUERIA CRUZ VERDE,47993.15,salud
2026-01-03 13:19:22,pago en etb internet #4917,22977.38,servicios
2026-06-22 10:42:02,POS Drogas La Rebaja #2558,50247.32,salud
2026-01-18 21:25:32,aut carulla #5229,56257.54,alimentacion
2026-01-31 07:00:32,PAYMENT SPOTIFY,5845.52,ocio
2026-02-25 13:31:21,EPS SANITAS,167000.8,salud
2025-12-20 19:45:58,aut uber #9511,34332.34,transporte
2025-12-26 14:33:04,TDA Acueducto Agua #8746,41394.84,servicios
2026-03-29 21:10:37,AUT PAPELERIA COMERCIAL #5292,34148.56,otras
2026-03-25 07:16:18,PAGO EN PENSION COLEGIO #6030,101067.11,educacion
2026-06-19 13:58:03,TDA CINEMARK #6816,21396.93,ocio
2026-07-30 16:34:13,pago en cinemark,20216.81,ocio
2026-06-09 11:10:02,COMPRA Amazon Marketplace #2152,15459.2,otras
2025-09-04 06:39:50,tda homecenter #2363,517021.09,vivienda
2026-04-17 14:51:40,pago en platzi subscripcion #6792,111549.93,educacion
2025-08-23 18:11:53,PAYMENT Laboratorio Synlab,269391.82,salud
2026-08-13 09:23:14,POS EPS SANITAS #6958,12543.81,salud
2026-02-04 19:31:41,POS Papeleria Comercial #658,5076.99,otras
2025-08-17 16:44:42,POS Jumbo #8772,41431.99,alimentacion
2025-11-04 00:11:14,COMPRA ENEL CODENSA LUZ #9224,27737.28,servicios
2026-08-05 14:44:04,PAGO EN Matricula Uniminuto,121541.37,educacion
2026-07-26 00:39:29,POS GASOLINERA TERPEL,22461.5,transporte
2025-12-12 16:02:07,TDA AMAZON MARKETPLACE #7238,17620.14,otras
2026-07-23 00:39:41,COMPRA Papeleria Comercial,97720.19,otras
2025-09-22 16:26:12,pos estacion texaco #6160,4269.22,transporte
2026-01-04 09:56:46,PAGO EN Amazon Marketplace #8434,9619.07,otras
2025-09-18 10:39:36,COMPRA MATRICULA UNIMINUTO #5688,87211.74,educacion
2026-05-02 12:06:57,PAGO EN Enel Codensa Luz #3023,10037.53,servicios
2025-10-20 17:15:02,PAYMENT D1 #9523,31549.61,alimentacion
2026-01-18 08:36:58,PAGO EN CINEMARK #2042,42745.92,ocio
2025-12-14 01:59:51,COMPRA AMAZON MARKETPLACE,22491.36,otras
2026-05-16 01:42:39,coursera course #3895,130201.83,educacion
2026-01-31 03:10:02,COMPRA Drogueria Cruz Verde #8434,12256.59,salud
2025-09-21 20:28:58,pos crepes and waffles,22179.22,alimentacion
2025-09-23 09:37:16,PAYMENT INMOBILIARIA BOGOTA,582382.18,vivienda
2025-11-08 07:40:28,aut administracion conjunto #7388,602818.2,vivienda
2025-09-16 16:53:11,POS Cajero Davivienda,79351.59,otras
2026-04-04 23:56:20,PAYMENT Taller Automotriz Central #1523,29789.82,transporte
2026-03-07 04:00:58,TDA Libreria Panamericana #5895,26010.37,educacion
2026-02-06 06:46:08,POS EASY #8407,845685.54,vivienda
2025-08-20 13:35:36,TDA Papeleria Comercial #1313,36250.98,otras
2025-12-28 20:47:17,PAYMENT CINEPOLIS #8640,29676.31,ocio
2026-07-17 13:23:51,tda panaderia kuty #2342,128596.2,alimentacion
2026-05-13 23:16:58,compra easy #2581,396703.13,vivienda
2026-02-18 22:56:02,payment consultorio odontologico #3353,20091.59,salud
2025-11-14 08:23:04,TRANSMILENIO CARD,5814.91,transporte
2025-09-21 03:04:15,PAYMENT Recarga Celular Claro #3516,23378.87,servicios
2026-06-26 10:30:25,tda mcdonalds #6330,52737.74,alimentacion
2025-09-26 12:21:10,PAGO EN Easy #3050,1319021.47,vivienda
2026-01-07 04:22:05,tda administracion conjunto #6525,696922.43,vivienda
2025-10-09 16:34:57,pos cajero davivienda #4806,15996.94,otras
2026-06-13 19:37:09,COMPRA CAJERO DAVIVIENDA,25636.13,otras
2026-04-23 14:22:05,TDA Cajero Davivienda #6622,9555.36,otras
2025-10-11 21:55:55,AUT AMAZON MARKETPLACE #3947,177999.98,otras
2026-03-11 11:08:25,COMPRA Coursera Course,14339.98,educacion
2025-08-20 17:26:07,restaurante don jediondo #5303,42099.56,alimentacion
2026-04-26 21:04:21,PAYMENT AMAZON MARKETPLACE #995,166642.52,otras
2026-02-04 08:28:08,TDA ADMINISTRACION CONJUNTO,732398.4,vivienda
2026-05-24 23:59:58,aut movistar factura,24004.02,servicios
2026-04-18 08:34:30,COMPRA CABIFY,13072.93,transporte
2025-10-15 05:21:14,POS MCDONALDS,31435.3,alimentacion
2026-04-13 16:41:22,TDA CINEMARK #3548,34926.25,ocio
2026-02-05 05:45:41,PAGO ARRIENDO APTO #3857,193470.99,vivienda
2025-09-20 02:26:09,PAGO EN Drogas La Rebaja #9159,264812.44,salud
2025-10-10 19:27:43,SUPERMERCADO EXITO #8727,11624.08,alimentacion
2026-04-03 09:40:19,POS VANTI GAS NATURAL #5039,22925.58,servicios
2026-01-13 13:52:54,PAGO EN Inmobiliaria Bogota,563799.15,vivienda
2026-01-31 04:38:17,PAYMENT ETB Internet #4523,38297.2,servicios
2026-06-20 15:48:50,AUT Texaco,4279.91,transporte
2025-11-21 15:58:53,pos recarga celular claro,35500.55,servicios
2026-04-24 18:44:39,TDA DROGUERIA CRUZ VERDE #6508,454403.38,salud
2025-11-21 19:31:45,PAYMENT PLATZI SUBSCRIPCION #483,19229.31,educacion
2026-04-07 20:09:44,pos daviplata envio #9540,26627.67,otras
2026-05-24 12:19:35,pos udemy online #6757,44605.9,educacion
2025-12-06 02:05:57,TDA CAJERO DAVIVIENDA #4107,33721.38,otras
2025-08-27 20:27:59,PAYMENT Papeleria Comercial,22452.29,otras
2026-07-23 13:44:45,COMPRA TALLER AUTOMOTRIZ CENTRAL #507,10123.98,transporte
2025-11-05 05:20:16,pago en homecenter #1885,977470.48,vivienda
2026-04-10 03:24:48,NETFLIX,47242.24,ocio
2025-10-29 16:45:28,farmatodo,39735.72,salud
2026-01-16 13:49:44,payment estacion texaco,34467.85,transporte
2026-04-25 09:11:01,INMOBILIARIA BOGOTA #6847,335721.16,vivienda
2026-06-17 20:00:19,pos netflix #9362,6839.67,ocio
2026-02-25 15:07:58,TDA Ara #9314,52993.53,alimentacion
2025-09-30 05:17:31,TDA Cajero Davivienda #7659,97160.16,otras
2026-02-27 10:53:30,PAYMENT TEXACO,24836.06,transporte
2026-04-05 02:16:18,AUT JUMBO,28269.92,alimentacion
2026-03-10 14:25:55,pos transferencia nequi,22010.86,otras
2026-01-04 16:07:27,tda daviplata envio,6308.12,otras
2025-10-07 16:36:52,POS Ara #4920,58900.94,alimentacion
2026-07-17 17:48:46,PAGO EN COURSERA COURSE,284588.53,educacion
2026-01-27 21:10:38,PAGO EN Farmatodo #3449,29813.02,salud
2026-03-17 14:51:14,PAYMENT Steam Games #5509,9613.95,ocio
2025-10-23 12:46:51,aut farmatodo,65674.5,salud
2026-06-12 14:47:10,COMPRA Boletas Tuboleto #1198,9840.84,ocio
2025-08-23 22:00:05,tda ara #1637,34444.13,alimentacion
2025-09-12 15:53:39,pos cinemark,58093.28,ocio
2025-11-27 06:11:20,TDA CABIFY #3803,14438.84,transporte
2025-09-01 21:39:29,pago en d1 #7082,27264.15,alimentacion
2026-06-19 23:09:39,AUT Platzi Subscripcion,45385.59,educacion
2026-03-02 04:23:53,AUT INMOBILIARIA BOGOTA #3646,1139973.05,vivienda
2026-04-18 13:08:54,pos coursera course #8657,79422.02,educacion
2026-02-28 00:33:35,aut enel codensa luz,18221.84,servicios
2026-01-28 22:27:08,Libreria Panamericana,481935.15,educacion
2026-01-20 15:56:32,POS Pago Arriendo Apto,1709586.02,vivienda
2026-04-23 04:41:06,COMPRA ESTACION TEXACO #104,10505.13,transporte
2026-03-14 05:45:22,aut jumbo,8158.11,alimentacion
2025-10-15 17:31:47,PAGO EN CAJERO DAVIVIENDA #2021,60325.71,otras
2025-09-18 21:37:34,VANTI GAS NATURAL #7873,17840.42,servicios
2025-09-17 02:58:45,AUT Cinemark,23235.53,ocio
2026-08-10 02:05:12,compra libreria panamericana,9282.4,educacion
2026-06-27 06:06:39,papeleria comercial #2070,53776.8,otras
2026-03-13 17:57:49,PAGO EN ETB Internet #6091,13007.7,servicios
2026-01-16 04:19:35,COMPRA Boletas Tuboleto,22282.01,ocio
2026-04-20 18:29:45,PAGO EN HOMECENTER #274,735689.8,vivienda
2026-05-08 22:20:38,POS SPOTIFY #5481,6851.63,ocio
2025-09-12 02:40:56,aut steam games,10047.45,ocio
2026-05-15 18:34:34,PAGO EN PANADERIA KUTY,62884.49,alimentacion
2026-05-27 22:09:00,TDA Platzi Subscripcion #9474,112091.79,educacion
2025-09-08 22:10:03,tda mercadolibre #2947,39514.11,otras
2025-09-19 22:00:23,PAGO EN Gasolinera Terpel #2609,106808.9,transporte
2025-10-01 11:31:05,Optica HP #6974,8772.12,salud
2026-04-12 05:27:53,PAYMENT GASOLINERA TERPEL,77303.25,transporte
2025-09-07 19:20:56,PAGO EN TRANSMILENIO CARD,19809.57,transporte
2026-05-03 02:45:23,Oxxo,17693.86,alimentacion
2026-04-29 23:56:15,tda laboratorio synlab,11346.39,salud
2025-10-24 15:35:00,VANTI GAS NATURAL,24017.25,servicios
2025-08-22 08:29:27,COMPRA FERRETERIA EL MARTILLO,1268049.01,vivienda
2025-10-09 17:21:05,pago en transferencia nequi,19388.8,otras
2025-08-21 20:14:25,TDA Movistar Factura,66615.53,servicios
2026-02-26 05:20:55,PAGO EN ARA #2028,11373.71,alimentacion
2026-03-08 13:12:29,POS TALLER AUTOMOTRIZ CENTRAL #1583,17838.6,transporte
2026-06-17 12:24:49,PAGO EN Estacion Texaco #429,5842.1,transporte
2025-11-26 02:48:06,TDA D1 #1431,48577.0,alimentacion
2026-01-08 20:31:09,Administracion Conjunto,1241874.43,vivienda
2026-06-04 14:52:02,EASY,566675.96,vivienda
2026-05-29 01:54:07,pago en etb internet #2400,5639.05,servicios
2026-06-13 00:41:47,MOVISTAR FACTURA #3364,30314.12,servicios
2025-12-25 12:58:26,tda platzi subscripcion #1614,166722.54,educacion
2025-12-01 01:29:16,bar el cervecero,17729.87,ocio
2025-09-11 05:46:30,drogueria cruz verde #2651,190872.4,salud
2026-05-21 01:46:43,PAYMENT EASY #4829,383604.67,vivienda
2026-04-18 03:28:29,AUT MATRICULA UNIMINUTO,223297.3,educacion
2026-02-26 02:52:31,pos cajero davivienda,72584.56,otras
2026-03-03 19:16:37,COMPRA EPS SANITAS #5391,6929.57,salud
2025-09-07 23:10:29,AUT ETB INTERNET,32590.99,servicios
2026-07-17 04:15:31,CABIFY,11455.65,transporte
2025-10-21 05:53:32,PAGO EN CAJERO DAVIVIENDA,20302.05,otras
2025-10-17 12:40:49,COMPRA Steam Games #3150,17040.93,ocio
2026-06-13 18:23:35,PAYMENT MercadoLibre #7226,13531.44,otras
2026-07-30 17:37:50,pago en daviplata envio,11206.98,otras
2026-05-06 05:42:10,PAYMENT Papeleria Comercial #3938,22791.72,otras
2025-10-01 05:25:55,PAYMENT Peaje Cundinamarca,6778.28,transporte
2026-06-01 03:00:52,POS Acueducto Agua #2826,14023.71,servicios
2025-08-18 10:23:06,Ferreteria El Martillo #5558,1096489.17,vivienda
2026-07-16 22:00:23,PAGO EN CARULLA,14486.39,alimentacion
2025-11-20 09:49:47,payment playstation network #113,21299.07,ocio
2026-02-16 15:36:34,PAGO EN PAGO ARRIENDO APTO #3124,962755.51,vivienda
2026-01-13 04:04:20,POS HOMECENTER,258982.55,vivienda
2025-10-25 22:28:54,payment cinepolis #1736,8314.07,ocio
2026-03-20 03:31:05,compra etb internet,55075.8,servicios
2026-06-01 01:57:03,COMPRA PAPELERIA COMERCIAL,8257.15,otras
2026-01-27 07:15:00,DROGAS LA REBAJA,29411.92,salud
2025-12-20 09:51:25,Steam Games,18461.5,ocio
2026-01-26 02:14:15,POS ACUEDUCTO AGUA #9708,43046.42,servicios
2025-12-19 16:27:23,compra optica hp #5668,37171.86,salud
2026-07-04 05:17:42,AUT Crepes and Waffles,22516.23,alimentacion
2026-03-27 09:32:46,PAYMENT PAGO ARRIENDO APTO #3560,1712426.48,vivienda
2025-10-02 19:20:32,payment cabify,86250.38,transporte
2026-05-05 22:17:43,payment platzi subscripcion,319537.42,educacion
2025-10-26 02:03:19,COMPRA Udemy Online #8576,109357.95,educacion
2026-06-25 19:25:07,PAGO EN TRANSFERENCIA NEQUI,9815.66,otras
2025-09-04 06:31:49,compra recarga celular claro #9515,16345.92,servicios
2025-09-13 04:53:09,payment transferencia nequi,37142.39,otras
2026-07-19 18:27:01,pago en recarga celular claro #1999,34580.28,servicios
2026-06-13 20:14:37,PAGO EN MercadoLibre,89464.63,otras
2025-12-22 13:06:38,cinemark #7047,21063.88,ocio
2026-03-20 05:37:49,POS ETB Internet #5623,10917.82,servicios
2025-08-20 12:43:23,AUT Pension Colegio,348829.01,educacion
2025-11-03 08:50:08,POS AMAZON MARKETPLACE #752,8118.81,otras
2026-03-24 09:30:16,pago en amazon marketplace #9919,15003.35,otras
2026-05-31 15:47:34,PAGO EN Udemy Online,133284.37,educacion
2025-11-19 15:29:30,pago en restaurante don jediondo #5947,179249.5,alimentacion
2026-01-07 11:00:14,pago en cajero davivienda,493816.15,otras
2026-02-25 00:53:59,AUT CINEPOLIS,20428.91,ocio
2026-05-28 21:29:53,pos transmilenio card #2469,15292.58,transporte
2026-06-08 18:39:10,pago en enel codensa luz,37075.19,servicios
2025-10-14 21:49:31,EASY #7610,1242446.85,vivienda
2026-08-14 13:01:11,POS BAR EL CERVECERO #1756,10673.64,ocio
2025-08-26 17:18:17,tda cabify,90734.25,transporte
2026-03-15 18:00:43,TDA Jumbo #1398,43654.28,alimentacion
2026-04-21 09:51:09,Recarga Celular Claro #4375,36266.36,servicios
2026-07-24 02:31:43,easy #9493,1087676.74,vivienda
2025-12-25 13:01:59,TDA ENEL CODENSA LUZ,34646.5,servicios
2026-06-08 04:10:38,payment crepes and waffles,71050.94,alimentacion
2026-01-10 13:34:50,payment matricula uniminuto #6888,47065.53,educacion
2026-05-26 20:34:49,PAYMENT PLATZI SUBSCRIPCION #5312,50515.62,educacion
2025-09-26 19:19:12,tda inmobiliaria bogota #1144,376964.94,vivienda
2026-03-11 04:40:26,PAYMENT MERCADOLIBRE,34183.6,otras
2026-01-27 11:24:44,AUT VANTI GAS NATURAL #5680,42931.53,servicios
2025-09-09 16:42:27,payment daviplata envio,34813.93,otras
2026-05-20 19:31:36,payment consultorio odontologico #628,309261.25,salud
2025-09-22 13:30:58,AUT TALLER AUTOMOTRIZ CENTRAL,17943.15,transporte
2026-08-10 05:20:41,pago en steam games,21335.32,ocio
2026-07-31 21:46:13,COMPRA TRANSFERENCIA NEQUI,7393.08,otras
2026-01-24 20:24:48,PAYMENT BOLETAS TUBOLETO,10188.66,ocio
2026-07-31 05:50:11,TDA COURSERA COURSE #3945,227440.81,educacion
2026-02-11 11:35:00,AUT EPS SANITAS,124743.18,salud
2025-09-19 09:47:34,compra movistar factura,22552.92,servicios
2025-09-23 13:17:14,COMPRA Optica HP,45308.09,salud
2025-10-08 06:53:03,payment acueducto agua #3667,10821.34,servicios
2026-07-01 21:03:11,platzi subscripcion #1830,64316.08,educacion
2025-09-15 11:54:56,compra boletas tuboleto,24916.07,ocio
2026-03-25 22:55:04,CAJERO DAVIVIENDA,39151.93,otras
2026-02-02 08:46:45,PAGO EN EPS Sanitas #5573,85027.69,salud
2025-10-07 04:44:04,POS Consultorio Odontologico #6950,51779.58,salud
2025-12-08 17:03:45,TDA MOVISTAR FACTURA #3773,27017.44,servicios
2026-07-13 21:32:08,POS PEAJE CUNDINAMARCA #4195,9953.81,transporte
2026-08-12 01:46:53,POS PAPELERIA COMERCIAL,44303.92,otras
2026-05-16 13:40:51,AUT Acueducto Agua,34633.74,servicios
2025-12-22 03:19:48,PAGO EN EPS SANITAS,84222.78,salud
2026-02-09 06:27:14,COMPRA PAPELERIA COMERCIAL #4900,13016.4,otras
2025-11-16 03:51:34,aut d1 #4114,6485.51,alimentacion
2025-11-04 03:51:49,daviplata envio #7659,65983.02,otras
2026-06-16 07:59:04,CABIFY,11719.93,transporte
2025-09-28 18:08:43,pos papeleria comercial #629,9294.93,otras
2025-09-27 11:14:47,PAYMENT ACUEDUCTO AGUA,40785.72,servicios
2026-02-08 00:42:38,TDA Enel Codensa Luz #8851,21264.46,servicios
2025-12-17 09:26:50,AMAZON MARKETPLACE,63572.51,otras
2025-10-03 07:47:34,ETB Internet #6644,38956.6,servicios
2026-01-03 13:55:33,Amazon Marketplace #2491,43633.01,otras
2026-02-08 22:37:02,PAGO EN ESTACION TEXACO #5667,5274.5,transporte
2026-02-13 09:08:53,compra homecenter #5507,1509314.89,vivienda
2026-07-14 12:09:17,TDA Taller Automotriz Central #4109,22813.9,transporte
2025-09-21 13:13:43,tda steam games #7478,10316.56,ocio
2026-06-27 01:47:37,POS COURSERA COURSE,117250.29,educacion
2025-12-13 13:56:02,compra matricula uniminuto,11713.74,educacion
2026-05-15 01:49:06,tda platzi subscripcion #5092,161197.14,educacion
2025-09-02 02:20:45,PAGO EN PAPELERIA COMERCIAL #2206,7868.55,otras
2026-07-08 01:49:42,PAGO EN UDEMY ONLINE,19473.22,educacion
2025-10-14 00:55:22,PAGO EN FERRETERIA EL MARTILLO #297,292606.65,vivienda
2026-05-20 14:54:44,AUT Vanti Gas Natural,52449.86,servicios
2026-01-02 14:12:28,LABORATORIO SYNLAB #8674,24533.88,salud
2026-03-04 20:14:09,compra papeleria comercial,102102.01,otras
2026-05-07 10:15:05,POS AMAZON MARKETPLACE,12889.89,otras
2025-11-26 11:22:30,compra administracion conjunto #4659,261865.22,vivienda
2025-08-29 12:09:03,PAGO EN Uber #9429,6602.0,transporte
2026-07-15 07:54:23,COMPRA RESTAURANTE DON JEDIONDO,97601.61,alimentacion
2026-03-21 08:18:34,tda mcdonalds #5498,32057.34,alimentacion
2026-03-19 01:56:36,aut coursera course,51126.35,educacion
2025-09-23 05:20:54,PAYMENT GASOLINERA TERPEL #4162,20827.23,transporte
2025-09-26 00:17:25,TDA CONSULTORIO ODONTOLOGICO,85132.23,salud
2025-10-03 14:28:17,POS DAVIPLATA ENVIO,67332.53,otras
2025-09-10 09:14:36,TDA Matricula Uniminuto #1143,561405.69,educacion
2025-10-07 04:47:57,PAGO EN LABORATORIO SYNLAB #3828,32999.72,salud
2026-07-03 07:38:15,POS AMAZON MARKETPLACE #936,5848.57,otras
2026-01-08 23:58:15,payment uber #1466,12430.16,transporte
2026-04-19 05:14:38,AUT TRANSMILENIO CARD #8082,22794.0,transporte
2025-09-19 01:44:57,PAYMENT CREPES AND WAFFLES,16797.63,alimentacion
2026-04-02 01:28:03,COMPRA Papeleria Comercial #7575,8457.84,otras
2026-08-08 17:29:56,AUT UDEMY ONLINE #2992,149125.79,educacion
2025-08-25 21:38:14,PAGO EN MERCADOLIBRE,20980.48,otras
2025-11-02 05:36:42,pago en administracion conjunto,743912.13,vivienda
2026-02-05 15:31:28,transferencia nequi,10316.55,otras
2025-09-22 03:44:52,PAYMENT Playstation Network #1174,11369.84,ocio
2025-10-04 00:29:08,Matricula Uniminuto #8924,32562.62,educacion
2026-02-12 11:13:44,inmobiliaria bogota #5133,1244344.01,vivienda
2025-10-21 16:13:04,POS Playstation Network,27575.27,ocio
2026-02-01 15:45:18,TDA FERRETERIA EL MARTILLO #2662,240936.16,vivienda
2026-01-17 20:05:58,MOVISTAR FACTURA #2674,15402.63,servicios
2025-08-28 21:14:23,AUT Papeleria Comercial,4931.86,otras
2026-05-09 18:27:03,PAGO EN PENSION COLEGIO #5074,45250.6,educacion
2025-10-23 13:07:29,tda platzi subscripcion #5266,89310.51,educacion
2025-11-08 19:44:38,PAYMENT ACUEDUCTO AGUA,11273.53,servicios
2025-12-02 05:27:39,PAYMENT Recarga Celular Claro #2392,15473.5,servicios
2026-02-06 15:34:22,MATRICULA UNIMINUTO,29591.76,educacion
2025-08-30 21:24:04,platzi subscripcion #5373,126591.52,educacion
2026-04-14 21:35:19,AUT Enel Codensa Luz #3367,28046.15,servicios
2025-11-20 21:19:30,POS CAJERO DAVIVIENDA #2728,10702.82,otras
2025-12-10 01:01:28,AUT Papeleria Comercial #853,26286.77,otras
2026-01-24 10:29:26,TDA ETB Internet #4689,19379.9,servicios
2026-02-19 11:20:12,POS RECARGA CELULAR CLARO #5714,22856.87,servicios
2025-09-20 12:04:08,PAGO EN Playstation Network #2300,43105.96,ocio
2026-01-13 04:24:22,Cabify,60259.47,transporte
2026-01-27 05:59:48,PAGO EN LABORATORIO SYNLAB #9305,11736.52,salud
2026-04-24 00:24:02,aut administracion conjunto #4371,1200008.8,vivienda
2025-11-22 04:40:13,POS Libreria Panamericana #1214,261365.7,educacion
2026-06-24 23:11:36,BAR EL CERVECERO #3619,5980.24,ocio
2026-06-22 02:56:56,payment daviplata envio #3360,49949.99,otras
2026-01-12 23:35:07,AUT PLATZI SUBSCRIPCION,625007.11,educacion
2026-01-03 21:36:44,PAYMENT Peaje Cundinamarca #8068,6566.33,transporte
2026-03-16 21:43:07,PAGO EN Restaurante Don Jediondo #7263,17430.86,alimentacion
2025-12-29 01:04:31,PAGO EN Playstation Network #1199,27237.86,ocio
2026-02-28 13:05:22,Transmilenio Card #2692,23025.23,transporte
2026-01-15 06:25:15,AUT TALLER AUTOMOTRIZ CENTRAL,29623.66,transporte
2025-10-26 06:27:01,Peaje Cundinamarca #7493,24502.5,transporte
2025-12-19 06:35:57,PAGO EN CONSULTORIO ODONTOLOGICO #9524,75339.93,salud
2025-11-10 11:51:40,payment recarga celular claro #204,12138.25,servicios
2026-07-31 07:34:40,POS RECARGA CELULAR CLARO #7098,50432.48,servicios
2025-09-09 04:33:17,tda ferreteria el martillo,1471442.83,vivienda
2026-03-11 01:06:41,PAGO EN Ferreteria El Martillo,635625.96,vivienda
2026-06-11 05:55:55,FARMATODO #5154,46731.58,salud
2025-11-15 19:56:42,AUT RESTAURANTE DON JEDIONDO,10669.17,alimentacion
2025-09-25 07:45:52,PAGO EN LABORATORIO SYNLAB,86308.23,salud
2026-04-29 12:51:54,TDA SPOTIFY #5063,19939.15,ocio
2025-11-28 22:39:24,COMPRA PENSION COLEGIO,91616.88,educacion
2026-06-30 10:46:26,TRANSFERENCIA NEQUI,67802.43,otras
2025-09-08 03:33:05,POS HOMECENTER #6640,596929.12,vivienda
2026-03-29 00:17:03,acueducto agua #2968,37750.86,servicios
2026-01-02 05:27:49,Estacion Texaco #8113,7203.35,transporte
2025-10-24 19:49:09,PAYMENT Bar El Cervecero #1587,13141.28,ocio
2026-04-04 13:07:37,PAGO EN PLAYSTATION NETWORK #7586,11824.77,ocio
2026-06-26 12:52:08,PAYMENT VANTI GAS NATURAL,30797.38,servicios
2026-05-15 08:47:45,STEAM GAMES #5026,10314.76,ocio
2026-08-07 09:21:21,PAYMENT Peaje Cundinamarca #4600,16021.3,transporte
2025-08-28 09:20:57,COMPRA CINEPOLIS,23818.86,ocio
2026-05-16 12:08:41,AUT Jumbo #7797,25606.17,alimentacion
2026-03-25 21:20:21,CREPES AND WAFFLES #4901,10044.08,alimentacion
2025-10-11 14:56:03,PAYMENT Movistar Factura #8596,76860.73,servicios
2025-10-29 12:54:35,POS DROGAS LA REBAJA,224044.39,salud
2026-03-15 23:24:45,PAYMENT Administracion Conjunto,335924.73,vivienda
2025-10-24 14:45:09,PAGO EN COURSERA COURSE #523,225855.2,educacion
2025-09-01 04:17:33,TDA Transferencia Nequi,13320.04,otras
2025-09-08 05:58:06,PAYMENT Restaurante Don Jediondo,44837.04,alimentacion
2026-04-08 02:20:55,POS FARMATODO #3748,67754.53,salud
2025-08-25 04:11:14,PAYMENT Texaco #6900,14603.74,transporte
2026-02-19 01:37:31,daviplata envio,10059.11,otras
2025-12-24 06:25:47,PAYMENT UDEMY ONLINE,43103.12,educacion
2025-11-03 16:13:44,AUT BAR EL CERVECERO,7035.09,ocio
2025-12-27 18:32:58,PAPELERIA COMERCIAL,9587.14,otras
2025-10-25 08:29:27,COMPRA FERRETERIA EL MARTILLO,700600.45,vivienda
2025-09-09 13:32:48,TDA TEXACO #1824,9469.35,transporte
2025-10-13 19:13:14,TDA PENSION COLEGIO,223789.8,educacion
2026-05-18 02:41:27,AUT Papeleria Comercial #9556,97464.76,otras
2026-06-14 04:03:50,pago en pension colegio #2479,49214.13,educacion
2026-07-12 04:13:07,TDA McDonalds #3342,43981.47,alimentacion
2026-07-17 16:27:57,TDA JUMBO #3996,54162.72,alimentacion
2025-09-14 14:29:18,AUT CINEPOLIS #5734,18590.42,ocio
2026-05-18 01:12:54,compra vanti gas natural #4405,28157.62,servicios
2026-01-18 01:39:46,TDA Didi Ride,35186.37,transporte
2025-09-25 16:07:59,PAGO EN Netflix #8084,18724.24,ocio
2025-12-12 15:06:00,POS PAPELERIA COMERCIAL,6389.03,otras
2025-10-09 10:16:00,Matricula Uniminuto #516,280123.9,educacion
2026-05-28 20:27:38,COMPRA Drogueria Cruz Verde,130094.96,salud
2026-06-20 22:57:08,TDA TRANSMILENIO CARD #5795,9072.86,transporte
2026-02-22 15:28:41,POS Acueducto Agua,27522.6,servicios
2025-12-18 15:44:26,EPS Sanitas,103949.65,salud
2026-05-19 01:52:03,Pago Arriendo Apto,643329.11,vivienda
2026-05-13 18:53:47,TDA Easy #9945,1388572.54,vivienda
2026-06-19 01:44:24,PAGO EN RESTAURANTE DON JEDIONDO #8797,240649.79,alimentacion
2025-11-12 03:09:59,TDA Drogueria Cruz Verde #3807,20648.86,salud
2026-04-03 03:51:29,AUT LABORATORIO SYNLAB #3412,10730.56,salud
2026-01-11 09:14:25,PAYMENT Enel Codensa Luz,32282.84,servicios
2026-05-29 11:46:26,PAGO EN AMAZON MARKETPLACE #5015,45322.66,otras
2025-12-09 19:32:41,AUT LIBRERIA PANAMERICANA,74828.97,educacion
2025-10-25 10:48:22,gasolinera terpel #2455,66698.29,transporte
2025-08-18 03:12:09,Optica HP,11243.37,salud
2026-03-27 21:39:08,TDA MOVISTAR FACTURA #9789,40772.01,servicios
2026-07-13 20:04:28,COMPRA CINEMARK,8742.03,ocio
2025-08-30 00:16:26,TDA Recarga Celular Claro,75480.28,servicios
2026-04-08 09:06:51,PAYMENT Farmatodo #4613,438785.91,salud
2026-08-10 03:08:36,POS PANADERIA KUTY #8689,19666.55,alimentacion
2025-11-11 05:20:16,tda daviplata envio #2145,12713.79,otras
2026-03-25 01:45:19,POS Daviplata Envio,52030.63,otras
2026-08-16 05:00:28,POS STEAM GAMES #4285,10188.44,ocio
2025-10-11 01:20:10,AUT Amazon Marketplace #8083,21048.59,otras
2026-06-02 21:32:54,POS Ferreteria El Martillo #9984,740612.67,vivienda
2025-11-17 20:43:40,spotify,3485.02,ocio
2025-12-19 12:34:29,POS Vanti Gas Natural,26680.74,servicios
2026-04-21 12:08:07,tda libreria panamericana #4223,43145.21,educacion
2026-07-02 12:53:17,TDA Boletas Tuboleto,9459.87,ocio
2026-05-04 15:31:35,pos gasolinera terpel,66122.79,transporte
2026-05-27 15:52:57,AUT DAVIPLATA ENVIO #4454,6269.76,otras
2026-02-06 21:20:15,AUT MERCADOLIBRE,49672.42,otras
2025-11-28 10:24:14,aut recarga celular claro #1715,22756.87,servicios
2025-11-22 08:20:03,pago en uber #9992,14019.66,transporte
2025-09-12 18:20:17,TDA ETB Internet #7312,43227.11,servicios
2025-11-25 02:40:13,McDonalds,47669.21,alimentacion
2026-05-24 05:11:10,POS ETB INTERNET #3061,37887.17,servicios
2025-09-05 03:12:42,PAGO EN Cinemark,26310.65,ocio
2026-02-03 14:57:09,PAGO EN CAJERO DAVIVIENDA,15814.64,otras
2026-01-27 09:53:47,PAYMENT ADMINISTRACION CONJUNTO,505173.88,vivienda
2026-07-26 23:04:01,compra pension colegio #9066,26844.58,educacion
2026-02-24 22:18:08,Enel Codensa Luz,16395.36,servicios
2025-12-31 20:09:24,PAGO EN Cabify,256320.78,transporte
2026-01-10 04:56:16,administracion conjunto #1581,1539252.93,vivienda
2026-07-05 07:29:09,TDA PLAYSTATION NETWORK #6370,5188.75,ocio
2026-06-19 17:56:28,PAGO EN Cajero Davivienda,5869.6,otras
2026-04-27 05:55:15,pago en farmatodo #3209,83287.41,salud
2025-11-13 01:01:42,AUT COURSERA COURSE #1344,190368.65,educacion
2026-02-08 16:44:55,peaje cundinamarca #5673,29554.62,transporte
2026-06-23 19:28:41,payment movistar factura #4915,23087.04,servicios
2025-12-09 23:11:33,COMPRA CABIFY #768,16108.32,transporte
2025-12-19 05:06:06,PAGO EN Consultorio Odontologico #3777,70309.87,salud
2025-09-27 02:33:11,COMPRA PAGO ARRIENDO APTO #3638,767992.93,vivienda
2025-12-28 04:19:42,pos pension colegio,6883.2,educacion
2026-07-28 06:33:51,AUT AMAZON MARKETPLACE #9407,17504.27,otras
2025-10-18 22:11:00,AUT Optica HP #9528,19215.12,salud
2025-09-15 13:31:05,PAGO EN ETB Internet,29885.44,servicios
2026-08-01 05:34:08,PAGO EN UDEMY ONLINE #3945,3549476.92,educacion
2025-12-26 16:22:21,TDA Cinemark #4145,17278.83,ocio
2026-04-12 18:01:42,Drogueria Cruz Verde,34721.6,salud
2026-05-18 00:54:15,CINEMARK,25470.11,ocio
2026-01-31 22:40:11,payment spotify #971,18729.99,ocio
2025-10-20 12:19:49,AUT AMAZON MARKETPLACE #2907,33526.6,otras
2026-07-28 23:32:47,tda mercadolibre #5795,40410.73,otras
2025-10-17 10:45:30,tda drogueria cruz verde #4623,470804.36,salud
2025-09-25 18:14:10,PAYMENT Crepes and Waffles #2284,14695.39,alimentacion
2025-11-05 06:18:51,PAYMENT EASY #5091,969154.43,vivienda
2026-01-23 09:12:35,MOVISTAR FACTURA #9715,15431.58,servicios
2026-03-20 15:08:49,POS CREPES AND WAFFLES,56636.57,alimentacion
2026-08-11 21:24:58,AUT Texaco #6878,7888.66,transporte
2026-03-15 04:46:44,AUT Pago Arriendo Apto,567831.45,vivienda
2026-04-30 23:39:49,TDA Drogueria Cruz Verde,35433.08,salud
2025-12-10 22:25:11,pos cinemark,26451.59,ocio
2025-09-23 16:26:46,PAYMENT VANTI GAS NATURAL,46680.07,servicios
2026-01-17 00:33:32,POS Netflix #3006,5585.88,ocio
2026-03-18 21:40:19,POS UDEMY ONLINE #6676,105442.49,educacion
2025-10-16 02:00:25,pago en cinemark #1640,8129.82,ocio
2026-01-04 13:36:51,POS CREPES AND WAFFLES,13269.14,alimentacion
2026-01-30 12:01:17,COMPRA CINEMARK #8769,11476.86,ocio
2025-12-09 19:50:41,pago en boletas tuboleto #9407,10765.07,ocio
2026-04-17 04:42:53,compra estacion texaco,160178.62,transporte
2026-02-19 23:25:48,POS Administracion Conjunto,945790.06,vivienda
2025-09-24 02:25:42,PAYMENT Netflix,5093.23,ocio
2025-11-05 19:23:11,compra laboratorio synlab,26337.49,salud
2026-04-22 06:48:47,Restaurante Don Jediondo,82216.12,alimentacion
2025-09-18 06:08:41,pos platzi subscripcion #3055,1210000.5,educacion
2026-07-11 02:56:34,PAYMENT Drogueria Cruz Verde #2643,8564.82,salud
2025-12-15 04:30:25,TDA Playstation Network #6470,3583.35,ocio
2026-02-16 07:57:55,POS TRANSMILENIO CARD #6091,97136.13,transporte
2026-07-30 23:18:27,DAVIPLATA ENVIO #5970,32520.12,otras
2025-11-28 08:27:54,tda papeleria comercial,9243.79,otras
2026-04-23 17:04:23,aut cabify #8815,29177.88,transporte
2026-01-14 22:27:34,PAGO EN ADMINISTRACION CONJUNTO #3344,150024.12,vivienda
2026-01-08 12:36:24,PAYMENT VANTI GAS NATURAL #8135,26957.73,servicios
2026-01-07 21:31:05,AUT CABIFY #6470,24222.54,transporte
2026-02-06 13:22:18,TDA LIBRERIA PANAMERICANA #782,299276.8,educacion
2025-11-27 16:32:28,aut didi ride,7240.85,transporte
2026-02-14 01:05:57,pago en consultorio odontologico,53866.06,salud
2025-11-13 07:10:33,PAYMENT ARA #8910,17320.75,alimentacion
2026-03-24 13:36:15,aut etb internet #3021,31358.17,servicios
2025-10-15 03:05:05,POS D1 #3142,17742.58,alimentacion
2026-05-03 15:42:07,tda cinemark #3487,10039.97,ocio
2025-09-19 17:17:42,PAYMENT Supermercado Exito #2005,16372.32,alimentacion
2025-12-28 22:48:46,TDA D1,61139.23,alimentacion
2026-01-25 05:04:48,EPS SANITAS #6685,126032.64,salud
2025-11-13 19:01:03,COMPRA LABORATORIO SYNLAB,37870.11,salud
2025-09-10 02:51:16,AUT ETB Internet,27527.56,servicios
2026-07-01 06:32:04,TDA PENSION COLEGIO,17355.94,educacion
2026-01-27 00:22:43,McDonalds #4656,28574.18,alimentacion
2026-05-11 06:22:56,pago en homecenter,707771.96,vivienda
2026-03-27 20:31:44,TDA RECARGA CELULAR CLARO,129634.71,servicios
2026-02-18 09:31:52,TDA Inmobiliaria Bogota #2703,374302.58,vivienda
2025-09-17 02:21:33,COMPRA Transferencia Nequi #2842,95242.09,otras
2026-08-03 00:56:18,TDA LIBRERIA PANAMERICANA,326514.79,educacion
2025-08-30 22:08:16,Platzi Subscripcion #1877,138242.36,educacion
2026-03-27 06:36:02,POS MOVISTAR FACTURA #8258,77278.6,servicios
2026-06-24 07:10:58,PAYMENT RAPPI COMIDA #3846,48907.42,alimentacion
2026-05-07 13:31:40,POS Movistar Factura,33978.92,servicios
2025-10-13 16:45:24,aut homecenter #2438,706534.71,vivienda
2026-06-07 11:57:20,AUT PANADERIA KUTY,96650.35,alimentacion
2025-10-23 13:47:37,PAGO EN Easy #332,1408282.65,vivienda
2025-11-07 17:24:15,COMPRA Steam Games #3387,8621.6,ocio
2025-10-05 10:35:01,payment mcdonalds #4880,12639.75,alimentacion
2026-01-28 20:35:06,TDA PAGO ARRIENDO APTO #7290,645778.35,vivienda
2026-05-09 17:38:09,TRANSFERENCIA NEQUI #8759,9896.75,otras
2025-11-03 20:28:08,AUT FARMATODO,45712.31,salud
2025-10-13 20:46:12,AUT Peaje Cundinamarca #2883,54923.38,transporte
2025-11-25 14:07:12,pos bar el cervecero #1800,9700.07,ocio
2026-08-06 03:45:29,POS McDonalds #6449,35092.45,alimentacion
2026-08-07 11:09:49,uber,19000.5,transporte
2025-09-20 05:35:58,tda gasolinera terpel,38699.73,transporte
2026-03-21 12:08:06,tda enel codensa luz,6987.42,servicios
2026-03-19 19:57:46,PAYMENT EASY,506854.79,vivienda
2026-07-16 02:45:39,COMPRA AMAZON MARKETPLACE #6000,27208.47,otras
2026-03-07 06:17:23,TDA Libreria Panamericana #6464,416688.72,educacion
2026-08-08 15:00:48,TDA DROGAS LA REBAJA #5012,28535.59,salud
2026-06-18 21:37:41,TDA Amazon Marketplace,3372.63,otras
2026-04-16 09:45:56,MOVISTAR FACTURA,39019.89,servicios
2026-03-08 09:04:33,payment vanti gas natural #7510,18375.67,servicios
2025-09-30 03:11:47,PAGO EN VANTI GAS NATURAL #6635,13176.63,servicios
2025-10-14 13:12:45,compra pago arriendo apto,501516.99,vivienda
2026-03-25 11:28:59,AUT Playstation Network,11740.88,ocio
2026-03-31 17:23:20,COMPRA STEAM GAMES #7804,8748.86,ocio
2026-08-11 15:24:01,Cajero Davivienda,2427.06,otras
2026-03-23 23:02:15,COMPRA Recarga Celular Claro #9138,46084.86,servicios
2026-06-18 14:07:30,PAYMENT ACUEDUCTO AGUA #7357,57810.46,servicios
2026-07-20 07:54:01,AUT HOMECENTER,1078318.23,vivienda
2026-07-25 05:54:18,PAYMENT CONSULTORIO ODONTOLOGICO #3340,14024.29,salud
2026-07-24 09:00:21,COMPRA PLAYSTATION NETWORK,11602.27,ocio
2025-11-28 00:22:36,aut cajero davivienda,21883.29,otras
2026-04-28 17:30:30,POS PANADERIA KUTY,58631.98,alimentacion
2026-03-27 14:05:16,PAGO EN SUPERMERCADO EXITO,61986.53,alimentacion
2026-02-17 03:33:32,TDA SPOTIFY #3589,7991.06,ocio
2025-10-23 07:27:46,aut cabify,19414.9,transporte
2026-01-20 22:26:04,PAGO EN AMAZON MARKETPLACE,34796.79,otras
2026-04-14 12:54:04,COMPRA TRANSMILENIO CARD,66852.24,transporte
2026-05-08 20:04:50,aut recarga celular claro,41056.48,servicios
2026-01-20 10:44:45,PAGO EN Papeleria Comercial,48487.28,otras
2026-01-18 03:30:02,PAYMENT ESTACION TEXACO #745,19446.92,transporte
2026-05-12 14:29:58,payment vanti gas natural #426,62709.96,servicios
2025-09-05 13:52:12,AUT Playstation Network #7429,17797.87,ocio
2026-02-17 23:47:58,AUT Papeleria Comercial #5666,9310.63,otras
2026-07-31 19:22:59,compra cinemark #5016,35680.48,ocio
2025-08-25 07:01:45,DROGUERIA CRUZ VERDE,105629.57,salud
2026-06-30 21:02:02,TDA Steam Games,9797.37,ocio
2025-12-16 04:42:09,pos playstation network,9550.56,ocio
2026-07-10 18:20:39,DROGAS LA REBAJA #8511,67930.0,salud
2026-07-16 17:46:22,PAGO EN RAPPI COMIDA,52604.02,alimentacion
2026-05-10 09:43:42,PAGO EN EASY #7193,821079.62,vivienda
2026-07-20 21:10:48,libreria panamericana,143425.41,educacion
2025-10-08 15:00:31,COMPRA Cinepolis,43913.2,ocio
2026-06-02 06:27:06,POS Crepes and Waffles #3370,85582.36,alimentacion
2026-06-14 00:56:09,POS VANTI GAS NATURAL,30163.3,servicios
2025-11-30 01:37:16,PAGO EN Enel Codensa Luz,47324.64,servicios
2026-01-26 07:02:54,TDA Vanti Gas Natural #5772,14479.45,servicios
2026-04-25 03:27:07,PAGO EN Homecenter #7470,926117.35,vivienda
2025-10-29 10:07:57,CABIFY #1959,91892.59,transporte
2025-11-07 12:44:50,OPTICA HP #1319,38566.89,salud
2026-06-01 04:33:03,AUT Estacion Texaco,8409.6,transporte
2026-06-08 09:26:08,TDA Gasolinera Terpel #5689,10027.83,transporte
2026-07-20 05:13:55,AUT Estacion Texaco,6763.73,transporte
2026-07-02 06:52:54,papeleria comercial #1833,10049.1,otras
2026-03-05 13:06:24,COMPRA Jumbo,27000.04,alimentacion
2025-09-11 22:02:22,TDA DROGUERIA CRUZ VERDE,10444.97,salud
2026-05-20 00:06:40,POS PAGO ARRIENDO APTO,736283.86,vivienda
2026-01-21 02:16:01,homecenter #8215,1253394.85,vivienda
2026-06-16 13:23:07,pago en eps sanitas,18060.24,salud
2026-07-24 22:25:07,COMPRA RAPPI COMIDA #1403,122446.21,alimentacion
2025-08-28 16:15:41,compra administracion conjunto,991005.39,vivienda
2025-10-31 07:07:49,POS EASY,1353694.87,vivienda
2026-07-08 11:37:59,PAGO EN OPTICA HP,23774.81,salud
2025-11-22 07:51:46,etb internet #9955,44923.45,servicios
2026-02-10 16:51:17,PAYMENT Pension Colegio #5748,26626.95,educacion
2026-08-08 23:06:53,TDA PANADERIA KUTY #2742,74027.95,alimentacion
2026-05-18 02:06:33,PAGO EN TALLER AUTOMOTRIZ CENTRAL,21049.99,transporte
2025-12-01 20:06:01,TDA Recarga Celular Claro,37494.54,servicios
2026-07-03 06:04:47,pos panaderia kuty #6022,14179.1,alimentacion
2026-03-01 14:33:50,tda didi ride,8058.13,transporte
2026-04-21 04:53:37,PAYMENT CAJERO DAVIVIENDA #8113,40023.75,otras
2026-05-08 23:27:00,aut pago arriendo apto #5881,412912.59,vivienda
2025-11-19 09:28:17,Cajero Davivienda,35003.6,otras
2026-02-23 06:16:03,payment amazon marketplace #6417,5613.12,otras
2026-02-06 16:25:49,JUMBO #2547,71577.74,alimentacion
2026-07-21 11:54:49,McDonalds,13547.83,alimentacion
2026-04-02 08:33:55,COMPRA LABORATORIO SYNLAB #368,89996.85,salud
2025-12-31 06:26:36,PAGO EN DROGAS LA REBAJA #8248,97557.19,salud
2025-10-19 22:30:08,pago en coursera course #8071,42782.05,educacion
2026-06-04 07:16:07,PAYMENT AMAZON MARKETPLACE,39419.92,otras
2025-09-21 12:57:31,POS Oxxo #5396,44727.95,alimentacion
2025-08-28 02:18:07,COMPRA Pension Colegio #8197,51709.14,educacion
2025-09-05 17:13:34,pos vanti gas natural,14689.19,servicios
2026-07-15 00:38:11,tda steam games,3381.8,ocio
2026-06-16 06:59:19,PAGO EN Laboratorio Synlab #6217,72013.94,salud
2026-07-16 07:18:01,AUT DROGAS LA REBAJA,8766.71,salud
2026-04-25 20:27:46,payment cajero davivienda #5444,24229.94,otras
2026-05-07 15:01:21,playstation network #5682,11109.84,ocio
2025-11-29 22:29:08,COMPRA Spotify,21491.22,ocio
2026-01-23 11:19:43,AUT Easy,608512.48,vivienda
2025-08-25 05:20:47,AUT HOMECENTER #417,598589.5,vivienda
2025-08-20 21:22:48,PEAJE CUNDINAMARCA #5369,34845.65,transporte
2026-08-06 10:23:04,AUT Amazon Marketplace,30793.47,otras
2026-04-25 20:23:06,PAYMENT Matricula Uniminuto #3265,144262.11,educacion
2026-04-07 21:29:38,compra libreria panamericana #1067,173359.21,educacion
2025-11-12 08:07:58,pos easy #8006,290296.1,vivienda
2026-04-10 16:37:15,payment platzi subscripcion,244787.66,educacion
2026-05-21 05:40:04,compra easy,1053344.9,vivienda
2026-04-24 01:13:08,tda didi ride #3293,7222.71,transporte
2026-01-29 00:36:38,PENSION COLEGIO #278,73651.77,educacion
2026-07-14 03:48:12,PAGO EN PAGO ARRIENDO APTO #7004,712414.82,vivienda
2026-02-11 16:36:59,payment daviplata envio,19254.56,otras
2025-11-10 04:18:02,pos cajero davivienda,30756.6,otras
2025-12-12 18:38:28,aut easy #2768,1721695.41,vivienda
2026-03-07 15:08:30,pos cinepolis #5449,28487.96,ocio
2026-01-18 16:10:29,PAGO EN NETFLIX,5331.81,ocio
2025-09-26 04:03:46,PAYMENT PANADERIA KUTY,59733.96,alimentacion
2026-03-04 02:05:54,TDA Cinepolis #9367,33868.93,ocio
2026-07-10 22:25:15,POS Restaurante Don Jediondo,49486.09,alimentacion
2026-03-23 11:36:16,pos transferencia nequi #1775,65577.01,otras
2026-04-05 00:48:22,INMOBILIARIA BOGOTA #5950,2439642.98,vivienda
2025-12-05 05:11:04,enel codensa luz #6662,49723.14,servicios
2026-05-10 05:38:16,etb internet #2639,31244.08,servicios
2026-02-20 12:34:21,PAYMENT UBER #4372,46192.82,transporte
2025-12-26 00:50:08,tda panaderia kuty #959,40778.5,alimentacion
2026-04-23 05:13:14,POS Homecenter #3911,739952.91,vivienda
2026-07-18 00:07:43,PAGO EN LABORATORIO SYNLAB #6584,33304.38,salud
2025-11-26 20:30:38,pos udemy online,644413.6,educacion
2026-05-20 14:19:09,COMPRA GASOLINERA TERPEL #3521,8633.58,transporte
2025-12-11 11:22:48,pago en transferencia nequi,101963.25,otras
2025-10-14 15:53:14,PAYMENT NETFLIX #8885,18956.55,ocio
2026-06-10 17:11:00,AUT PLATZI SUBSCRIPCION #6463,18413.38,educacion
2026-08-01 20:08:09,PAGO EN Ferreteria El Martillo #5458,909444.79,vivienda
2026-06-26 05:35:42,tda recarga celular claro #572,7631.08,servicios
2026-01-21 08:54:55,COMPRA Movistar Factura #6448,39155.84,servicios
2025-12-19 13:11:59,Pago Arriendo Apto #4992,1240641.19,vivienda
2025-10-10 18:40:57,FERRETERIA EL MARTILLO #7698,511235.91,vivienda
2025-08-27 07:42:19,FERRETERIA EL MARTILLO #8473,785541.54,vivienda
2026-02-26 14:17:44,D1 #5571,173394.73,alimentacion
2025-11-26 04:28:23,pago en etb internet #6502,19861.77,servicios
2026-01-21 13:34:48,PAYMENT EPS Sanitas #4775,15293.78,salud
2026-05-30 13:17:09,AUT Inmobiliaria Bogota #104,1774444.62,vivienda
2026-03-31 20:37:11,PAGO EN SUPERMERCADO EXITO,174568.02,alimentacion
2026-03-27 14:16:00,AUT ETB INTERNET,26962.91,servicios
2025-12-28 16:59:37,TDA Spotify #7033,27119.93,ocio
2026-05-21 11:31:43,PAGO EN CINEMARK #466,34167.6,ocio
2026-05-10 23:23:36,PAGO EN Carulla #7586,20050.57,alimentacion
2026-04-22 07:57:31,tda inmobiliaria bogota,545150.13,vivienda
2026-08-04 11:53:03,COMPRA Rappi Comida #1510,97216.88,alimentacion
2026-01-03 15:52:49,TDA MERCADOLIBRE #4524,118778.33,otras
2025-12-12 00:27:48,TDA TRANSFERENCIA NEQUI,38672.38,otras
2026-07-09 21:45:55,payment etb internet #8249,15868.82,servicios
2026-07-23 19:58:06,compra amazon marketplace,160662.49,otras
2025-10-26 18:45:12,POS Panaderia Kuty,23747.28,alimentacion
2025-09-24 08:10:17,PAYMENT LIBRERIA PANAMERICANA #4479,66028.03,educacion
2025-10-06 02:58:14,COMPRA Pension Colegio,148866.53,educacion
2025-11-25 21:15:17,crepes and waffles,125910.72,alimentacion
2026-06-27 08:45:21,TDA DAVIPLATA ENVIO,51739.46,otras
2026-06-09 17:21:29,aut cinemark #7841,17861.55,ocio
2026-05-08 09:49:24,TDA BAR EL CERVECERO #2487,18477.37,ocio
2026-04-28 14:13:04,compra boletas tuboleto #6196,13772.93,ocio
2025-11-11 17:59:52,COMPRA Steam Games,19745.83,ocio
2025-11-12 04:00:43,AUT PAPELERIA COMERCIAL #7173,1755.38,otras
2026-07-21 20:46:55,pago en pension colegio,69152.61,educacion
2026-01-27 17:32:00,MercadoLibre,28038.17,otras
2026-01-08 18:46:34,AUT Netflix #2712,5968.73,ocio
2026-04-01 20:21:34,OPTICA HP #6593,74978.42,salud
2026-02-13 13:00:26,AUT RECARGA CELULAR CLARO #8612,23797.06,servicios
2026-02-16 04:09:49,AUT ARA,147913.15,alimentacion
2026-07-19 21:48:59,tda easy,1874423.75,vivienda
2026-04-01 01:45:16,aut bar el cervecero,9642.5,ocio
2026-04-15 11:21:57,aut movistar factura #6784,24575.31,servicios
2026-02-16 19:51:05,TDA UBER,16872.62,transporte
2026-02-27 19:13:56,POS Easy,556267.36,vivienda
2026-07-20 08:06:36,compra taller automotriz central,21493.86,transporte
2026-01-12 15:51:35,pension colegio #3528,39737.93,educacion
2025-12-11 07:19:19,POS UBER #4946,6518.8,transporte
2025-09-07 10:20:20,OPTICA HP,97244.37,salud
2025-10-09 18:46:55,payment transferencia nequi,41337.67,otras
2025-12-28 12:21:35,PAGO EN CREPES AND WAFFLES #6242,19082.89,alimentacion
2026-03-26 13:40:15,aut acueducto agua,46037.58,servicios
2025-10-12 01:23:27,payment panaderia kuty,21910.86,alimentacion
2026-07-18 08:32:20,PAGO EN Cinepolis,15950.02,ocio
2025-10-26 11:29:30,acueducto agua #9719,44011.51,servicios
2026-02-22 19:01:40,POS Playstation Network #8086,13049.06,ocio
2026-04-19 12:05:48,PAGO EN TALLER AUTOMOTRIZ CENTRAL #1459,27153.65,transporte
2025-12-17 03:40:33,PAYMENT TALLER AUTOMOTRIZ CENTRAL,11330.04,transporte
2025-09-08 23:10:15,PAGO EN TRANSFERENCIA NEQUI #7492,18097.58,otras
2026-02-08 23:53:11,pos recarga celular claro,23777.25,servicios
2025-11-06 18:01:48,payment restaurante don jediondo #3069,19985.0,alimentacion
2026-03-29 05:45:13,TDA ACUEDUCTO AGUA,24195.83,servicios
2026-02-23 13:38:03,PAYMENT TRANSMILENIO CARD #7501,4474.92,transporte
2025-10-06 16:35:45,pago en drogueria cruz verde,28559.1,salud
2026-02-01 20:55:42,POS OPTICA HP #8066,35833.45,salud
2026-01-31 04:50:01,ETB INTERNET,23070.09,servicios
2026-01-31 01:15:07,PAGO EN Recarga Celular Claro #5671,23274.22,servicios
2026-01-13 07:12:46,TDA DAVIPLATA ENVIO #2002,20707.18,otras
2025-09-01 02:04:13,tda farmatodo,83065.58,salud
2025-11-02 21:07:13,PAYMENT RAPPI COMIDA #7144,73102.19,alimentacion
2026-01-09 08:00:07,payment cinemark #4669,8477.44,ocio
2026-07-29 20:32:49,pos recarga celular claro #5959,13070.06,servicios
2026-06-07 08:46:37,pos pago arriendo apto #1515,390339.97,vivienda
2025-10-30 10:44:55,TDA HOMECENTER,544529.96,vivienda
2026-05-07 06:11:41,pos udemy online,64711.51,educacion
2026-04-17 19:35:25,AUT RECARGA CELULAR CLARO #3416,16949.65,servicios
2025-11-22 01:38:40,TDA CONSULTORIO ODONTOLOGICO #6192,11781.33,salud
2026-05-13 18:33:50,aut carulla,25212.71,alimentacion
2025-12-16 15:21:20,Ara #4092,41988.09,alimentacion
2025-09-26 07:45:18,TDA PAGO ARRIENDO APTO #7943,1042380.59,vivienda
2026-02-28 21:52:51,aut eps sanitas,26551.32,salud
2025-12-14 07:38:40,TDA ESTACION TEXACO #8453,12435.39,transporte
2025-09-11 18:57:50,AUT TALLER AUTOMOTRIZ CENTRAL,7831.99,transporte
2025-12-11 05:53:29,TDA Farmatodo,47354.49,salud
2026-02-10 11:59:10,Spotify #1077,7376.83,ocio
2026-03-07 11:53:04,oxxo #3255,57440.35,alimentacion
2026-03-08 23:34:31,PAYMENT Boletas Tuboleto,3827.22,ocio
2026-02-01 20:29:52,aut eps sanitas,33004.77,salud
2025-10-08 09:27:10,ETB INTERNET,32230.37,servicios
2026-08-02 11:57:02,UDEMY ONLINE #9927,123081.43,educacion
2026-01-03 22:54:21,POS Transmilenio Card,203562.89,transporte
2025-10-20 11:16:14,pago en oxxo #7710,48042.44,alimentacion
2025-08-24 20:42:01,Steam Games #5459,6615.44,ocio
2025-11-12 13:16:17,payment mercadolibre #9759,20020.97,otras
2025-10-07 09:22:17,PAGO EN EPS Sanitas #8122,6947.44,salud
2026-05-29 12:32:06,TDA Didi Ride #4544,16771.9,transporte
2026-04-03 10:46:50,pago en administracion conjunto,442487.0,vivienda
2025-10-22 01:29:49,compra steam games,25356.06,ocio
2026-01-06 19:19:29,PAGO EN Enel Codensa Luz #3185,19346.67,servicios
2026-04-27 01:55:14,OPTICA HP,43112.04,salud
2026-01-10 03:29:30,compra bar el cervecero,8562.17,ocio
2025-11-24 18:34:22,TDA DROGUERIA CRUZ VERDE,331948.96,salud
2026-04-16 10:28:55,AUT Pago Arriendo Apto,601543.63,vivienda
2026-04-05 02:13:06,CONSULTORIO ODONTOLOGICO #4124,367990.63,salud
2026-05-01 12:27:06,PAYMENT COURSERA COURSE #2497,262231.27,educacion
2026-04-28 06:08:12,POS Didi Ride,27829.73,transporte
2025-09-05 04:01:41,POS Recarga Celular Claro #4274,33565.03,servicios
2025-10-01 09:41:03,aut mercadolibre,32656.44,otras
2026-02-05 23:45:15,pago en movistar factura #7107,8462.47,servicios
2025-10-04 10:26:04,POS MERCADOLIBRE #6438,16665.84,otras
2025-11-23 14:08:11,POS FARMATODO #992,124203.14,salud
2026-05-17 00:19:51,POS DIDI RIDE #4497,17257.33,transporte
2025-11-05 05:47:47,COMPRA PEAJE CUNDINAMARCA #9382,5091.51,transporte
2026-05-10 18:00:19,AUT CABIFY,17202.95,transporte
2025-08-21 01:10:10,compra pago arriendo apto,2027802.62,vivienda
2026-01-27 21:15:04,PAGO EN COURSERA COURSE,440766.29,educacion
2025-09-25 15:38:43,COMPRA Spotify,12792.28,ocio
2026-03-07 12:04:42,AUT FERRETERIA EL MARTILLO #2727,1290924.99,vivienda
2026-04-16 07:20:27,POS UDEMY ONLINE #6758,63588.73,educacion
2026-05-16 13:41:16,COMPRA MercadoLibre,4008.32,otras
2026-01-27 02:11:02,pos matricula uniminuto #5154,32553.52,educacion
2026-03-04 02:45:38,compra vanti gas natural #1443,68715.72,servicios
2026-04-14 07:48:26,COMPRA AMAZON MARKETPLACE,16747.54,otras
2025-12-05 05:27:47,AUT RECARGA CELULAR CLARO,23247.89,servicios
2026-06-18 04:56:20,AMAZON MARKETPLACE,16320.25,otras
2026-02-26 17:42:33,AUT Rappi Comida,166593.05,alimentacion
2026-04-10 22:45:11,compra administracion conjunto,1934917.7,vivienda
2026-06-15 13:32:51,MOVISTAR FACTURA #3670,101851.19,servicios
2026-07-06 08:34:32,COMPRA Enel Codensa Luz,24454.58,servicios
2025-11-03 18:10:31,payment acueducto agua,32124.51,servicios
2026-05-17 14:57:02,TDA EASY #458,293612.01,vivienda
2025-12-10 03:19:03,PAYMENT Bar El Cervecero #7248,37565.98,ocio
2025-09-01 17:43:58,PAYMENT RECARGA CELULAR CLARO #3844,13350.81,servicios
2026-02-26 04:48:22,compra udemy online #9692,128044.18,educacion
2026-05-11 16:58:13,PAYMENT INMOBILIARIA BOGOTA #3845,377610.49,vivienda
2025-12-23 19:53:38,AUT DROGUERIA CRUZ VERDE,25648.66,salud
2025-08-18 11:57:54,PAGO EN TRANSMILENIO CARD #4903,8488.47,transporte
2026-05-05 06:31:10,ENEL CODENSA LUZ,18681.24,servicios
2026-08-04 15:10:46,aut pension colegio #1611,51691.71,educacion
2026-07-07 19:22:22,AUT Drogas La Rebaja #7034,26820.03,salud
2026-05-04 06:10:52,inmobiliaria bogota,1202604.7,vivienda
2025-10-14 08:34:20,texaco #3028,6671.66,transporte
2026-06-16 04:09:21,MERCADOLIBRE #3031,27461.53,otras
2025-09-15 13:56:42,Farmatodo #2914,187166.72,salud
2026-05-25 10:39:52,AUT RESTAURANTE DON JEDIONDO,24087.37,alimentacion
2026-08-03 19:36:00,PAYMENT DROGUERIA CRUZ VERDE #2267,22254.27,salud
2026-04-24 16:05:57,PAYMENT Steam Games #2969,11368.85,ocio
2026-02-10 19:40:30,TDA PAGO ARRIENDO APTO,1480418.13,vivienda
2025-11-28 00:16:07,POS Movistar Factura #8765,30226.21,servicios
2025-09-05 21:13:34,AUT Acueducto Agua,19560.58,servicios
2026-06-29 05:49:01,AUT Papeleria Comercial #9561,35734.67,otras
2026-07-22 22:01:28,AUT ENEL CODENSA LUZ,13885.84,servicios
2026-07-14 09:58:42,daviplata envio #1302,43536.7,otras
2026-01-04 07:53:20,pos steam games,17783.48,ocio
2025-12-16 21:05:11,PAGO EN ENEL CODENSA LUZ #8082,22366.4,servicios
2026-05-31 06:08:18,PAYMENT D1,18566.82,alimentacion
2025-09-23 07:53:41,MERCADOLIBRE,9075.37,otras
2025-08-21 04:35:51,COMPRA Udemy Online #3820,187546.26,educacion
2026-05-02 01:21:43,PAYMENT UDEMY ONLINE #7721,431393.78,educacion
2025-10-22 15:44:04,COMPRA HOMECENTER #941,497631.61,vivienda
2026-01-03 06:50:30,POS CONSULTORIO ODONTOLOGICO #970,81163.86,salud
2026-04-15 22:06:23,ETB INTERNET #9901,7690.83,servicios
2026-07-24 14:25:49,TRANSFERENCIA NEQUI,12275.76,otras
2025-09-22 12:48:50,PAGO EN SPOTIFY,13072.4,ocio
2026-06-29 22:27:45,TDA ESTACION TEXACO,7952.84,transporte
2025-10-27 10:54:41,COMPRA RESTAURANTE DON JEDIONDO,17167.87,alimentacion
2026-01-20 01:57:43,pago en amazon marketplace,11296.19,otras
2026-02-10 17:41:38,pago en steam games #8570,16391.77,ocio
2026-07-07 23:48:40,PAYMENT AMAZON MARKETPLACE,18263.7,otras
2026-05-12 08:48:06,Estacion Texaco #7306,2405.69,transporte
2026-06-24 02:02:41,COMPRA PENSION COLEGIO,7747.77,educacion
2026-04-26 10:07:57,PAYMENT ENEL CODENSA LUZ #821,18692.56,servicios
2025-09-30 08:12:30,PAYMENT Farmatodo #6941,81101.38,salud
2026-05-14 19:13:06,AUT EPS SANITAS #3550,2386.89,salud
2025-09-09 05:04:08,Estacion Texaco #8007,11501.62,transporte
2025-09-26 17:07:16,compra homecenter,531921.55,vivienda
2026-08-06 07:41:38,taller automotriz central,62912.74,transporte
2026-02-20 21:18:02,PAGO EN Playstation Network #9077,10203.49,ocio
2026-05-07 21:31:38,aut bar el cervecero #9762,17467.41,ocio
2025-10-26 19:54:57,COURSERA COURSE,116950.79,educacion
2026-01-11 21:58:43,PAYMENT MCDONALDS #8436,6604.77,alimentacion
2026-04-11 20:43:06,AUT RECARGA CELULAR CLARO #4321,42656.05,servicios
2026-07-18 10:14:02,COMPRA LABORATORIO SYNLAB,62127.01,salud
2026-07-25 04:10:32,compra homecenter,989506.08,vivienda
2026-07-29 18:16:36,TDA BOLETAS TUBOLETO #9382,208640.17,ocio
2026-02-21 01:04:25,COMPRA Uber,2763.62,transporte
2025-09-30 07:05:54,POS CABIFY #7180,85154.88,transporte
2026-02-04 13:57:13,PAGO EN TRANSFERENCIA NEQUI,16523.72,otras
2025-09-11 00:46:47,PAYMENT HOMECENTER,866655.94,vivienda
2026-04-28 19:14:28,PAYMENT HOMECENTER,709767.44,vivienda
2025-08-22 05:39:01,COMPRA DROGAS LA REBAJA #9823,30740.62,salud
2026-07-20 15:53:18,POS TEXACO #239,10798.37,transporte
2026-03-09 06:06:08,POS Vanti Gas Natural,32784.31,servicios
2026-03-29 09:12:11,POS DROGUERIA CRUZ VERDE #635,9238.26,salud
2026-03-24 20:44:26,TDA BAR EL CERVECERO #762,22593.23,ocio
2026-05-04 13:50:48,POS PLATZI SUBSCRIPCION #9649,59908.08,educacion
2026-03-07 00:48:16,POS CREPES AND WAFFLES,14705.02,alimentacion
2026-05-11 17:19:19,EPS SANITAS,29881.23,salud
2026-04-14 12:51:01,COURSERA COURSE #4760,446225.21,educacion
2026-02-01 12:52:47,MERCADOLIBRE #8535,12895.9,otras
2026-05-26 15:19:56,pago en easy #5648,904440.84,vivienda
2026-02-20 14:21:18,PAGO EN AMAZON MARKETPLACE,10604.61,otras
2026-05-02 04:40:35,Vanti Gas Natural,42393.62,servicios
2026-04-23 12:46:04,PAGO EN LIBRERIA PANAMERICANA #7657,224719.74,educacion
2025-10-14 04:00:17,POS DROGUERIA CRUZ VERDE #2028,374545.93,salud
2026-07-29 21:03:51,COMPRA DAVIPLATA ENVIO,18479.85,otras
2025-09-07 15:02:17,aut bar el cervecero #7990,21334.02,ocio
2026-04-24 07:21:20,TDA Transmilenio Card #3536,19697.77,transporte
2026-03-01 18:40:34,COMPRA OXXO #5753,102405.68,alimentacion
2026-07-14 06:27:34,payment ara #8252,20433.56,alimentacion
2026-07-21 01:59:09,ETB Internet #2277,42066.34,servicios
2025-09-15 12:14:22,PAGO EN ETB Internet,23937.02,servicios
2025-12-19 22:58:07,Drogueria Cruz Verde,45678.96,salud
2025-12-23 22:36:30,PAYMENT RECARGA CELULAR CLARO,28425.77,servicios
2025-09-05 23:44:51,COMPRA Jumbo #8215,44435.43,alimentacion
2025-11-11 22:13:12,compra easy #251,680281.92,vivienda
2026-04-24 06:35:49,PAGO EN Bar El Cervecero #8010,15526.43,ocio
2026-01-21 01:15:32,COMPRA PAGO ARRIENDO APTO #8373,1880166.39,vivienda
2025-09-17 01:11:57,aut acueducto agua,48594.7,servicios
2026-02-05 22:35:07,etb internet #9782,45319.5,servicios
2026-02-07 11:01:35,pago en transferencia nequi #6773,13967.11,otras
2026-07-16 02:26:06,Taller Automotriz Central,8100.52,transporte
2026-02-07 01:25:18,ADMINISTRACION CONJUNTO #7460,1293911.47,vivienda
2025-10-02 12:52:22,TDA D1,73191.71,alimentacion
2026-06-02 20:34:32,AUT Matricula Uniminuto #3733,577928.14,educacion
2025-08-24 08:03:55,PAYMENT Daviplata Envio #882,12040.36,otras
2026-01-21 02:46:30,Coursera Course,74947.39,educacion
2025-08-31 08:25:22,Restaurante Don Jediondo,9783.11,alimentacion
2026-03-18 16:25:00,TDA COURSERA COURSE #9605,61638.05,educacion
2026-07-04 04:28:21,matricula uniminuto #6473,326401.86,educacion
2026-06-20 22:24:00,AUT NETFLIX,9637.85,ocio
2026-04-14 20:33:35,PAGO EN Recarga Celular Claro,39509.16,servicios
2025-12-13 17:30:13,COMPRA Carulla,31182.04,alimentacion
2026-03-23 19:45:52,pago en consultorio odontologico,70014.86,salud
2026-04-28 15:43:18,TDA Movistar Factura #1699,13512.7,servicios
2026-02-10 14:36:39,aut platzi subscripcion,109343.69,educacion
2026-01-05 13:02:32,Estacion Texaco #154,1221.67,transporte
2026-06-30 13:36:11,COMPRA DIDI RIDE #7493,15241.75,transporte
2026-07-11 08:03:14,POS MercadoLibre #4659,4313.59,otras
2025-12-24 08:39:14,pago en cinemark #3201,31076.16,ocio
2026-06-11 11:17:03,pos libreria panamericana,250919.84,educacion
2026-04-07 10:23:42,compra texaco #2727,27446.77,transporte
2026-05-22 18:10:56,HOMECENTER,1816829.92,vivienda
2026-01-05 12:35:44,POS Vanti Gas Natural,15224.33,servicios
2026-02-09 04:21:11,COMPRA Movistar Factura #8020,76758.39,servicios
2025-09-24 06:37:25,Uber,41729.87,transporte
2025-11-11 13:16:40,mercadolibre #5379,17386.42,otras
2025-12-28 00:07:26,pos inmobiliaria bogota #160,1441755.59,vivienda
2026-07-05 17:31:24,pago en panaderia kuty,14987.4,alimentacion
2026-06-24 02:10:18,Oxxo #2296,18777.01,alimentacion
2026-03-18 03:17:28,PAYMENT Estacion Texaco #9137,10428.2,transporte
2026-01-09 15:21:20,AUT Cinemark,9225.4,ocio
2025-09-27 17:26:24,PAGO EN SPOTIFY #7073,6376.72,ocio
2026-07-31 17:56:44,PAGO EN Gasolinera Terpel,54218.35,transporte
2026-02-24 16:09:07,COMPRA Udemy Online #6850,72357.52,educacion
2026-07-02 14:32:11,payment cinemark #5012,17098.63,ocio
2026-06-01 19:08:53,PAGO EN Ara #1624,23010.8,alimentacion
2026-01-23 08:33:56,POS Cabify #4428,3503.29,transporte
2025-11-24 04:35:35,COMPRA Cinemark #9639,16139.75,ocio
2025-11-01 12:33:55,PAGO EN Inmobiliaria Bogota #9114,231572.21,vivienda
2025-10-03 07:52:38,aut transmilenio card,16953.5,transporte
2025-11-09 03:53:05,PAYMENT MATRICULA UNIMINUTO,19111.05,educacion
2026-07-03 15:50:47,TDA RECARGA CELULAR CLARO #952,88642.4,servicios
2026-05-22 19:23:33,POS GASOLINERA TERPEL,40954.89,transporte
2025-09-28 06:53:40,aut boletas tuboleto #2701,14386.24,ocio
2025-09-04 11:51:35,PAGO EN Inmobiliaria Bogota #9422,1556926.13,vivienda
2026-07-08 16:11:45,PAYMENT GASOLINERA TERPEL #2175,8419.58,transporte
2026-04-03 02:33:44,POS Homecenter,1010633.2,vivienda
2026-06-13 07:21:34,AUT HOMECENTER #7140,822321.12,vivienda
2026-02-11 01:36:32,MOVISTAR FACTURA #5740,31521.09,servicios
2026-04-03 07:16:11,PAGO EN Acueducto Agua #2142,57723.06,servicios
2025-10-08 17:20:36,aut libreria panamericana #1977,237753.7,educacion
2025-08-19 02:52:28,pago en easy,867381.51,vivienda
2026-05-30 08:27:22,COMPRA UBER,4066.76,transporte
2026-03-20 06:53:17,pos easy,410024.51,vivienda
2026-07-09 04:46:40,pago en farmatodo,42831.12,salud
2026-02-20 23:41:49,POS EASY,771447.13,vivienda
2026-06-16 18:39:07,COMPRA Cabify #2508,6521.22,transporte
2026-05-13 02:39:12,PAGO EN CABIFY,158025.08,transporte
2025-10-23 20:58:58,TDA UDEMY ONLINE #2490,609060.49,educacion
2026-06-30 01:04:16,Spotify,20363.16,ocio
2025-09-26 15:38:16,payment homecenter,761634.54,vivienda
2026-04-29 18:59:32,PAYMENT Matricula Uniminuto #1106,76523.2,educacion
2026-04-09 20:16:22,AUT RAPPI COMIDA #6873,16957.5,alimentacion
2026-03-01 05:05:30,PAGO EN Pension Colegio #7082,108334.25,educacion
2026-01-27 00:40:59,POS MERCADOLIBRE #5799,28502.66,otras
2026-08-08 03:20:49,COMPRA HOMECENTER,346259.46,vivienda
2026-06-09 12:17:30,pago en amazon marketplace #3713,30766.34,otras
2025-12-01 16:32:36,DROGUERIA CRUZ VERDE #8061,41324.67,salud
2025-12-28 14:07:14,pago en drogueria cruz verde,6011.39,salud
2026-02-09 07:16:22,Didi Ride,8313.65,transporte
2025-10-10 02:22:33,POS RECARGA CELULAR CLARO #1855,20990.74,servicios
2026-04-08 10:22:47,Platzi Subscripcion #9208,950958.01,educacion
2026-07-27 16:38:07,PAYMENT CONSULTORIO ODONTOLOGICO,90418.89,salud
2026-03-04 09:22:37,oxxo,12476.66,alimentacion
2026-07-10 20:28:05,PAYMENT Cinepolis #1877,18773.95,ocio
2026-03-18 04:22:00,tda enel codensa luz,10631.94,servicios
2026-05-20 21:35:41,etb internet,51514.3,servicios
2026-08-15 18:02:58,PAYMENT Cinemark #3315,9606.67,ocio
2026-04-20 02:32:54,Cinepolis #7823,12512.14,ocio
2025-11-03 10:52:01,COMPRA PLAYSTATION NETWORK #9314,33794.65,ocio
2026-04-16 20:06:30,AUT TEXACO,5662.12,transporte
2025-12-08 06:50:31,PAYMENT D1 #1289,11876.36,alimentacion
2025-12-29 12:48:51,COMPRA PAPELERIA COMERCIAL #3614,12288.27,otras
2025-10-07 23:02:06,pago en gasolinera terpel #9725,45914.72,transporte
2026-04-26 21:41:21,AUT Libreria Panamericana,15943.15,educacion
2026-03-01 03:04:20,COMPRA CABIFY,1409.6,transporte
2026-05-14 01:54:05,AUT Coursera Course,57446.5,educacion
2025-12-20 15:15:26,payment inmobiliaria bogota,1015655.2,vivienda
2025-10-01 06:05:59,Rappi Comida,94864.93,alimentacion
2026-03-23 19:16:35,POS Cinemark #3857,9660.37,ocio
2026-03-31 18:35:35,PAYMENT Matricula Uniminuto,60251.82,educacion
2026-05-03 12:48:04,TDA MercadoLibre #1697,69835.71,otras
2026-01-26 13:37:16,PAGO EN PANADERIA KUTY #2671,8137.24,alimentacion
2026-06-03 21:05:12,COMPRA JUMBO,26613.75,alimentacion
2025-12-06 11:29:12,POS UDEMY ONLINE,124058.52,educacion
2026-06-27 08:23:29,POS Drogueria Cruz Verde,80349.46,salud
2026-03-08 10:38:29,STEAM GAMES,9350.03,ocio
2025-08-27 05:59:54,PAYMENT ESTACION TEXACO #2907,18601.49,transporte
2025-10-12 20:59:17,CONSULTORIO ODONTOLOGICO,3174.29,salud
2026-05-04 17:40:00,pos farmatodo #1876,23763.99,salud
2025-11-03 01:40:14,TDA Drogas La Rebaja #9193,80729.52,salud
2026-06-04 18:40:34,compra playstation network,6716.98,ocio
2025-12-06 17:53:43,PAYMENT HOMECENTER #7392,755693.03,vivienda
2025-11-22 17:50:34,COMPRA Coursera Course,168762.39,educacion
2026-07-09 10:03:02,payment d1 #8872,27610.75,alimentacion
2026-05-12 15:15:19,Texaco,21023.95,transporte
2025-11-04 15:52:16,tda easy #1954,409364.18,vivienda
2025-08-29 23:33:44,AUT ETB Internet,23766.52,servicios
2026-06-29 13:43:09,COMPRA Restaurante Don Jediondo #3897,59170.18,alimentacion
2025-09-26 05:37:40,aut inmobiliaria bogota,801454.74,vivienda
2026-07-20 13:07:15,aut uber #5656,10637.3,transporte
2026-05-31 15:00:52,PAGO EN Didi Ride #2331,22066.03,transporte
2026-07-19 07:21:06,PAYMENT MCDONALDS,64323.98,alimentacion
2026-06-01 18:13:59,tda easy #2521,213210.5,vivienda
2026-03-23 09:51:56,TDA PEAJE CUNDINAMARCA,51183.2,transporte
2025-11-17 16:59:43,COMPRA Playstation Network,10557.82,ocio
2026-06-18 00:43:03,POS Cinepolis,17994.89,ocio
2025-12-07 03:25:53,POS SUPERMERCADO EXITO #9698,94636.41,alimentacion
2026-05-02 11:58:26,homecenter #8931,320294.38,vivienda
2026-08-12 05:54:33,TDA PANADERIA KUTY,20587.66,alimentacion
2026-01-14 22:42:58,PAGO EN Drogas La Rebaja #1986,35688.95,salud
2026-06-19 12:10:36,PAGO EN Platzi Subscripcion #9041,38541.69,educacion
2025-12-16 20:35:28,PAYMENT CAJERO DAVIVIENDA #1355,124858.53,otras
2025-09-07 07:55:04,AUT COURSERA COURSE,35308.31,educacion
2026-06-02 05:57:05,AUT TRANSFERENCIA NEQUI #530,12637.87,otras
2025-11-04 07:21:18,TDA SUPERMERCADO EXITO #4124,42766.54,alimentacion
2026-07-20 20:42:48,PAGO EN CINEMARK,5758.86,ocio
2026-07-05 18:27:06,payment eps sanitas #3963,31721.54,salud
2026-08-06 10:06:49,COMPRA COURSERA COURSE,144486.87,educacion
2026-05-18 02:03:50,PAGO EN Oxxo,27825.6,alimentacion
2026-04-25 22:48:58,pos etb internet #745,25437.2,servicios
2026-06-06 16:33:32,COMPRA McDonalds #9964,23778.43,alimentacion
2026-03-17 17:16:02,PAGO EN MERCADOLIBRE,4844.16,otras
2026-04-08 18:25:09,POS Farmatodo #869,69825.36,salud
2026-06-14 20:39:25,Enel Codensa Luz #9206,77107.81,servicios
2025-10-31 13:58:27,TDA Ara,36854.07,alimentacion
2026-02-07 17:42:11,payment laboratorio synlab #4179,62805.04,salud
2026-05-09 13:17:12,ETB INTERNET #1151,40767.22,servicios
2025-10-29 01:11:34,tda pago arriendo apto #6654,340578.77,vivienda
2026-05-29 21:52:56,compra libreria panamericana #5138,761478.78,educacion
2025-10-02 18:54:11,COMPRA Drogueria Cruz Verde,61240.36,salud
2025-09-02 05:11:00,tda drogas la rebaja,295092.04,salud
2025-12-03 19:57:34,PAGO EN INMOBILIARIA BOGOTA,469855.37,vivienda
2025-11-28 01:20:11,TRANSFERENCIA NEQUI #6487,135681.01,otras
2025-10-18 22:24:38,STEAM GAMES,22985.27,ocio
2026-07-11 23:52:07,tda easy #9004,1016447.29,vivienda
2025-08-19 15:03:41,PENSION COLEGIO,130722.15,educacion
2026-02-14 12:58:05,PAYMENT Taller Automotriz Central #4684,14419.32,transporte
2026-08-16 12:31:35,tda d1 #4055,94885.42,alimentacion
2025-09-01 22:43:05,pago en optica hp #2299,57204.96,salud
2026-08-13 01:53:15,tda panaderia kuty #4846,7527.7,alimentacion
2026-04-06 05:46:22,COMPRA ARA #3641,14857.36,alimentacion
2026-06-13 21:29:15,SPOTIFY #9719,11730.04,ocio
2026-04-13 12:20:01,TDA Peaje Cundinamarca #2416,23837.11,transporte
2025-12-12 09:24:40,tda texaco #8721,17138.29,transporte
2026-06-20 04:55:22,POS TRANSMILENIO CARD,54018.06,transporte
2026-03-19 02:18:34,payment uber #6735,3115.07,transporte
2025-09-14 17:44:35,PAYMENT Inmobiliaria Bogota,795044.02,vivienda
2025-12-18 21:06:20,PAYMENT TRANSMILENIO CARD,3511.57,transporte
2025-11-10 20:38:22,PAYMENT Recarga Celular Claro,42439.18,servicios
2026-03-07 14:50:50,COMPRA Supermercado Exito #535,33672.37,alimentacion
2026-06-18 18:54:10,POS CREPES AND WAFFLES #6899,50801.85,alimentacion
2025-10-18 07:53:08,AUT OPTICA HP #314,18953.21,salud
2026-03-16 08:19:08,payment enel codensa luz,57969.89,servicios
2026-01-21 02:33:52,POS Coursera Course,344575.88,educacion
2025-12-31 03:06:59,tda crepes and waffles #6127,57921.01,alimentacion
2026-07-26 12:17:57,POS NETFLIX #9990,12201.79,ocio
2026-05-02 01:10:13,TDA TRANSMILENIO CARD,30390.08,transporte
2025-12-24 00:12:31,COMPRA PENSION COLEGIO #7920,42265.61,educacion
2025-12-09 10:45:22,compra crepes and waffles,72001.67,alimentacion
2026-06-05 17:42:16,tda optica hp #3632,300868.62,salud
2026-03-11 11:03:11,COMPRA DROGUERIA CRUZ VERDE #5591,159161.01,salud
2026-03-23 10:27:48,pago en texaco,9352.11,transporte
2025-08-20 20:30:05,AUT Pension Colegio #802,152314.2,educacion
2026-05-04 05:24:12,compra oxxo #6579,12906.51,alimentacion
2026-02-06 12:21:53,tda restaurante don jediondo #2210,57406.47,alimentacion
2026-08-03 16:57:46,COMPRA SUPERMERCADO EXITO,52077.21,alimentacion
2026-04-12 18:33:13,PAYMENT Administracion Conjunto #1548,237544.49,vivienda
2025-11-20 03:04:43,COMPRA MCDONALDS,14336.63,alimentacion
2026-05-09 12:17:05,COMPRA INMOBILIARIA BOGOTA,615454.72,vivienda
2026-01-12 13:05:43,pos bar el cervecero,10822.67,ocio
2026-01-14 07:04:09,aut eps sanitas #8050,12959.38,salud
2026-03-15 05:49:18,COMPRA Laboratorio Synlab,75197.75,salud
2025-12-05 06:36:08,POS Libreria Panamericana #5080,133488.2,educacion
2026-08-06 08:42:41,PAYMENT RESTAURANTE DON JEDIONDO,31088.23,alimentacion
2026-07-02 17:03:24,homecenter,463483.05,vivienda
2026-03-05 04:09:10,pos eps sanitas #6232,155372.05,salud
2026-02-06 11:20:10,pos gasolinera terpel,80006.76,transporte
2025-09-03 11:10:19,Crepes and Waffles #6133,24665.25,alimentacion
2026-08-01 07:02:11,PAGO EN Didi Ride #358,10394.68,transporte
2025-10-31 04:47:25,aut cajero davivienda,35997.6,otras
2026-03-05 00:17:26,AUT Acueducto Agua,21702.49,servicios
2025-09-23 16:49:25,tda coursera course,83510.14,educacion
2026-06-13 18:17:45,AUT Transferencia Nequi #8869,46150.04,otras
2026-03-12 12:17:00,aut etb internet #5512,8555.99,servicios
2026-04-17 21:53:05,matricula uniminuto #5172,480202.32,educacion
2025-11-07 07:04:14,COMPRA PAGO ARRIENDO APTO #3754,761928.74,vivienda
2026-04-18 21:56:42,PAYMENT Optica HP #9272,31174.56,salud
2026-07-19 08:22:16,AUT McDonalds,33813.41,alimentacion
2026-01-29 04:21:49,payment daviplata envio,21214.27,otras
2025-11-05 06:35:07,TDA RECARGA CELULAR CLARO #3637,9521.23,servicios
2026-07-05 06:56:32,AUT Ferreteria El Martillo #9969,1788634.32,vivienda
2026-07-24 15:56:15,compra ferreteria el martillo,747728.62,vivienda
2026-06-14 11:53:43,Ara #5747,51761.49,alimentacion
2026-04-25 12:49:54,TDA ESTACION TEXACO #7213,42463.27,transporte
2026-06-03 11:58:19,aut eps sanitas,15942.14,salud
2025-10-16 03:32:29,TDA EPS SANITAS #9121,82521.91,salud
2026-02-11 18:44:03,PAYMENT Enel Codensa Luz,22911.98,servicios
2025-12-24 06:15:23,AUT INMOBILIARIA BOGOTA #7078,1212339.43,vivienda
2025-09-20 10:11:56,COMPRA OPTICA HP,4722.29,salud
2025-09-07 12:15:36,PAGO EN Cinemark,12464.43,ocio
2026-06-21 21:03:48,COMPRA Acueducto Agua #5191,18737.98,servicios
2026-03-22 04:10:00,POS Libreria Panamericana,165829.52,educacion
2026-03-28 17:28:55,eps sanitas #206,82211.35,salud
2026-08-06 05:27:19,PAYMENT ACUEDUCTO AGUA,17595.96,servicios
2026-01-22 17:51:28,CARULLA,20542.7,alimentacion
2026-02-08 15:14:27,POS Inmobiliaria Bogota,682556.63,vivienda
2026-01-21 12:10:25,POS CINEPOLIS,7132.02,ocio
2025-12-18 07:32:46,tda crepes and waffles #4901,71224.13,alimentacion
2026-01-15 16:51:55,POS Cabify #3003,12935.28,transporte
2025-10-02 09:08:04,payment ferreteria el martillo,127491.77,vivienda
2025-08-19 17:25:37,COMPRA OXXO,26907.02,alimentacion
2026-05-24 03:59:38,PAYMENT AMAZON MARKETPLACE #6501,7796.7,otras
2025-09-10 23:51:43,tda daviplata envio #6844,4310.13,otras
2026-04-01 20:42:26,POS Drogas La Rebaja #1608,12567.01,salud
2026-05-16 15:08:20,TDA Papeleria Comercial,24573.12,otras
2026-01-03 08:27:06,aut jumbo,105125.76,alimentacion
2025-09-27 15:41:59,payment matricula uniminuto,143748.62,educacion
2026-06-19 00:48:32,COMPRA MATRICULA UNIMINUTO #7536,47676.6,educacion
2025-12-12 11:14:13,PAGO EN DROGAS LA REBAJA,80942.53,salud
2025-09-20 00:43:55,pos boletas tuboleto #1396,9687.94,ocio
2026-06-10 15:19:04,TDA PAGO ARRIENDO APTO #9978,480815.92,vivienda
2026-01-12 13:28:37,COMPRA RECARGA CELULAR CLARO,13458.72,servicios
2026-07-02 17:10:51,PAYMENT Netflix #9495,3919.5,ocio
2025-08-29 09:42:01,COMPRA Recarga Celular Claro #1317,21291.13,servicios
2025-10-17 03:29:07,PAGO EN Platzi Subscripcion #2863,119331.93,educacion
2025-11-10 19:44:31,COMPRA CINEPOLIS,12486.0,ocio
2026-06-03 10:41:45,PAYMENT CARULLA #966,26035.77,alimentacion
2026-06-22 20:53:01,PAGO EN EASY,413557.72,vivienda
2025-12-09 23:50:36,payment estacion texaco,31176.55,transporte
2025-10-12 09:19:34,pos farmatodo #2745,11512.11,salud
2026-05-07 11:14:11,AUT MERCADOLIBRE,47859.64,otras
2026-04-26 01:41:21,aut administracion conjunto,399780.05,vivienda
2025-08-21 18:22:20,playstation network,7889.56,ocio
2026-07-23 03:51:49,Homecenter,302527.93,vivienda
2025-10-11 08:08:41,inmobiliaria bogota #9004,539910.53,vivienda
2025-09-02 15:47:56,POS Boletas Tuboleto #9478,26442.26,ocio
2026-03-27 20:34:09,rappi comida,54857.95,alimentacion
2026-01-17 11:33:09,TDA VANTI GAS NATURAL,48390.23,servicios
2026-03-18 01:45:07,POS PAPELERIA COMERCIAL #8234,37128.59,otras
2025-12-13 18:22:20,Acueducto Agua,13874.36,servicios
2026-06-04 01:04:28,OXXO #8957,27871.74,alimentacion
2026-08-03 08:06:27,COMPRA FARMATODO,20780.72,salud
2025-12-28 23:22:28,payment drogueria cruz verde,211849.71,salud
2026-01-24 16:39:49,AUT Oxxo,13940.72,alimentacion
2026-07-14 02:37:00,aut udemy online #1293,288496.21,educacion
2025-10-11 18:13:22,AUT DROGUERIA CRUZ VERDE #9403,130907.89,salud
2025-10-27 21:22:53,POS MercadoLibre #8853,137258.35,otras
2026-04-14 00:13:45,payment pension colegio,60377.76,educacion
2025-10-31 21:41:47,COMPRA JUMBO,64206.37,alimentacion
2025-10-26 20:49:26,AUT CINEPOLIS,65983.26,ocio
2026-06-23 23:49:00,AUT ETB INTERNET,18572.09,servicios
2026-07-14 10:00:04,COMPRA Libreria Panamericana #5633,15645.7,educacion
2026-07-14 01:57:13,pago en texaco #9040,3320.9,transporte
2026-02-12 13:44:53,PAYMENT PANADERIA KUTY #3033,64226.4,alimentacion
2026-03-18 21:41:25,PAYMENT Vanti Gas Natural #8935,8691.58,servicios
2025-12-08 07:31:27,AUT Drogueria Cruz Verde #6333,32547.28,salud
2025-09-12 14:18:41,payment taller automotriz central,26731.07,transporte
2025-09-24 13:45:27,aut optica hp #7251,60095.67,salud
2026-05-26 05:25:37,optica hp #8556,78275.45,salud
2026-02-22 15:23:19,pos papeleria comercial,27509.59,otras
2026-01-03 03:12:56,TDA MCDONALDS #3990,101021.9,alimentacion
2026-05-05 03:22:23,TDA MATRICULA UNIMINUTO,31483.55,educacion
2025-11-16 12:26:58,tda vanti gas natural,17922.33,servicios
2025-12-06 04:06:56,TDA Supermercado Exito #4680,19572.34,alimentacion
2025-09-13 13:06:39,TDA OPTICA HP #6236,122175.16,salud
2025-12-18 20:25:28,PAYMENT LABORATORIO SYNLAB #6556,131984.33,salud
2026-02-08 10:46:11,compra steam games,18322.0,ocio
2026-04-13 19:10:22,AUT Consultorio Odontologico,180203.68,salud
2025-12-14 03:32:49,movistar factura,13268.86,servicios
2026-04-01 07:18:12,payment cabify #1404,80862.2,transporte
2026-03-25 01:46:18,AUT Netflix,38803.55,ocio
2026-01-05 23:46:12,PAGO EN DAVIPLATA ENVIO #9528,45964.38,otras
2026-01-30 18:33:33,COMPRA EASY #6162,2124568.64,vivienda
2025-08-19 07:28:53,TDA TRANSMILENIO CARD #6093,4060.41,transporte
2025-11-21 00:57:48,PAGO EN MercadoLibre,13037.07,otras
2026-05-21 00:37:19,AUT Cinepolis #8091,7984.74,ocio
2026-04-23 07:29:35,compra platzi subscripcion #5123,234632.37,educacion
2025-12-02 21:17:16,Transmilenio Card #1954,7008.46,transporte
2025-10-08 14:15:57,pos daviplata envio #5565,46980.84,otras
2026-05-29 02:14:47,POS MATRICULA UNIMINUTO,511265.02,educacion
2026-07-24 08:56:02,PAGO EN MATRICULA UNIMINUTO #1861,227349.44,educacion
2026-02-13 04:30:16,POS SPOTIFY #2942,16295.2,ocio
2026-01-03 18:09:32,PAYMENT Homecenter,403235.48,vivienda
2026-02-22 13:20:50,UBER #5298,8415.53,transporte
2025-09-28 16:50:19,TDA Pension Colegio,442211.12,educacion
2026-04-25 03:25:19,POS MATRICULA UNIMINUTO,251505.16,educacion
2025-09-18 06:29:42,AUT ACUEDUCTO AGUA,26280.65,servicios
2026-07-16 22:14:10,POS MercadoLibre,14502.7,otras
2026-07-29 13:56:07,PAGO EN Transferencia Nequi #3950,2905.01,otras
2025-11-01 17:19:23,COMPRA Boletas Tuboleto,6313.23,ocio
2026-05-29 07:34:34,POS Vanti Gas Natural,84698.35,servicios
2025-09-16 03:07:33,AUT Vanti Gas Natural #4993,12478.05,servicios
2025-09-15 17:13:24,TDA EPS Sanitas #5626,60380.88,salud
2026-07-13 09:10:20,tda coursera course #9739,330688.71,educacion
2026-04-19 17:37:50,bar el cervecero,5550.01,ocio
2026-06-29 00:49:16,COMPRA Laboratorio Synlab #2044,60064.94,salud
2026-03-30 06:11:29,POS Enel Codensa Luz #202,47228.34,servicios
2026-06-12 03:54:39,jumbo #3861,36680.46,alimentacion
2025-11-08 01:31:05,COMPRA Inmobiliaria Bogota #1996,4077692.54,vivienda
2026-03-19 15:40:25,compra cinemark #5669,4154.64,ocio
2026-03-16 11:56:46,tda easy #3084,1376751.25,vivienda
2026-02-16 18:46:21,pago en platzi subscripcion,80228.81,educacion
2026-06-14 11:48:25,AUT Vanti Gas Natural,42751.18,servicios
2026-01-06 12:07:18,EPS Sanitas,79653.23,salud
2025-11-12 03:48:49,TDA Vanti Gas Natural,17328.47,servicios
2026-05-29 04:36:51,PAYMENT LIBRERIA PANAMERICANA #204,129935.79,educacion
2025-10-08 10:18:31,pago en drogas la rebaja #1240,6350.62,salud
2026-02-28 01:15:05,AUT CONSULTORIO ODONTOLOGICO,95184.49,salud
2025-09-21 14:28:10,farmatodo #3379,68048.39,salud
2026-01-05 17:55:04,PAGO EN PANADERIA KUTY,60532.04,alimentacion
2025-08-21 13:09:59,aut carulla #4399,84668.14,alimentacion
2025-11-18 04:58:31,aut easy #496,909428.72,vivienda
2026-05-10 03:17:37,aut amazon marketplace,25542.26,otras
2026-06-07 12:07:01,compra optica hp,18598.29,salud
2025-10-10 22:47:40,tda steam games,8114.81,ocio
2025-10-18 06:30:19,COMPRA Udemy Online #9458,410069.34,educacion
2026-03-25 09:16:37,AUT NETFLIX #7531,36513.41,ocio
2026-04-30 12:37:20,POS Easy #9100,632309.16,vivienda
2026-05-30 05:42:53,tda transferencia nequi #1137,23063.41,otras
2026-02-21 05:01:24,PAYMENT Pago Arriendo Apto,423890.89,vivienda
2025-09-02 03:11:06,POS OPTICA HP #2926,178087.9,salud
2026-06-09 03:52:55,PAYMENT Easy,1087345.64,vivienda
2025-11-15 10:30:38,TDA ENEL CODENSA LUZ,86226.3,servicios
2025-11-28 02:25:54,AUT Pension Colegio #3974,34406.9,educacion
2025-11-16 07:39:25,TDA Bar El Cervecero,10253.71,ocio
2026-05-04 02:06:52,AUT ADMINISTRACION CONJUNTO,838078.92,vivienda
2026-03-06 13:29:06,TDA Taller Automotriz Central,32268.3,transporte
2026-01-15 03:44:05,COMPRA DAVIPLATA ENVIO,17753.4,otras
2026-08-08 21:54:40,pago en crepes and waffles #4259,18063.18,alimentacion
2026-07-25 19:06:18,TDA MERCADOLIBRE,53178.4,otras
2025-09-01 22:23:01,mercadolibre,45303.31,otras
2025-12-21 07:00:24,AUT JUMBO #1244,17448.01,alimentacion
2026-05-17 17:44:32,tda spotify,34503.29,ocio
2026-04-20 11:43:02,POS PAPELERIA COMERCIAL #5455,70983.21,otras
2026-07-07 16:01:06,COMPRA PAGO ARRIENDO APTO #1714,790624.09,vivienda
2025-11-27 16:43:43,TDA Boletas Tuboleto,14125.24,ocio
2026-03-16 20:09:19,POS PAGO ARRIENDO APTO,1017068.13,vivienda
2025-10-23 22:50:33,MercadoLibre,9304.9,otras
2026-04-28 07:08:25,tda cajero davivienda #6198,22697.99,otras
2026-01-06 07:15:27,COMPRA NETFLIX,2961.15,ocio
2026-04-28 03:58:58,COMPRA SUPERMERCADO EXITO #5049,73215.65,alimentacion
2026-03-06 02:05:32,POS ETB Internet,10541.81,servicios
2026-01-10 14:05:00,PAYMENT Cinemark #2770,38268.94,ocio
2026-03-05 23:22:43,GASOLINERA TERPEL #9556,13398.42,transporte
2026-01-01 11:41:34,POS CINEPOLIS #7931,11519.92,ocio
2026-02-22 12:19:25,AUT Inmobiliaria Bogota,500498.39,vivienda
2026-07-27 23:29:12,pos vanti gas natural #9823,22633.28,servicios
2025-08-19 23:56:23,PAYMENT Estacion Texaco #2572,64645.79,transporte
2026-07-25 23:36:00,compra uber #7642,1921.71,transporte
2026-02-04 06:35:53,POS Drogueria Cruz Verde,199718.05,salud
2025-11-14 18:06:51,POS TEXACO #1812,24445.98,transporte
2026-03-05 06:19:02,POS DROGUERIA CRUZ VERDE,12994.43,salud
2025-12-04 11:46:45,PAGO EN Consultorio Odontologico,15020.28,salud
2025-10-14 18:47:13,COMPRA Daviplata Envio,117758.72,otras
2025-10-17 13:07:18,PAGO EN INMOBILIARIA BOGOTA #7168,413617.07,vivienda
2026-04-08 05:40:50,pos ferreteria el martillo,365123.05,vivienda
2026-06-30 17:01:05,POS COURSERA COURSE #4721,386457.6,educacion
2026-05-01 04:26:00,pos didi ride,24457.63,transporte
2026-01-25 10:55:28,Drogas La Rebaja #5451,17470.72,salud
2026-05-24 03:42:51,PAGO EN Laboratorio Synlab #380,62211.02,salud
2026-02-20 10:30:19,Easy #5833,394174.27,vivienda
2026-02-19 09:19:15,Gasolinera Terpel,48568.93,transporte
2025-11-07 06:20:53,netflix,28084.12,ocio
2025-10-19 01:22:08,COMPRA CARULLA,55581.46,alimentacion
2026-07-07 01:58:11,payment pension colegio,152358.76,educacion
2025-08-26 03:39:26,PAGO EN BOLETAS TUBOLETO,45836.3,ocio
2025-09-03 04:34:45,POS Ara,36306.39,alimentacion
2026-03-28 03:43:36,payment jumbo,14108.05,alimentacion
2025-10-19 00:16:38,PAYMENT NETFLIX #8207,18299.55,ocio
2026-04-18 22:11:13,aut laboratorio synlab #1498,486334.41,salud
2025-09-01 15:43:49,compra mcdonalds #4710,16126.07,alimentacion
2025-10-13 11:19:37,PAGO EN Cabify #2698,13025.75,transporte
2025-10-21 00:51:32,TDA D1,50673.42,alimentacion
2026-08-10 16:16:22,POS Inmobiliaria Bogota #6050,706202.35,vivienda
2026-03-06 01:53:06,aut vanti gas natural,14922.39,servicios
2026-04-07 04:51:43,BOLETAS TUBOLETO #1163,29298.76,ocio
2026-04-22 01:31:09,PAGO EN Bar El Cervecero #2925,67780.41,ocio
2026-07-24 14:44:31,udemy online #4214,124911.12,educacion
2026-05-27 03:39:26,POS Carulla #2041,17619.22,alimentacion
2026-07-02 09:32:48,compra gasolinera terpel #6859,4473.54,transporte
2025-09-19 17:40:44,payment taller automotriz central #1574,22746.77,transporte
2026-02-07 21:19:25,POS ACUEDUCTO AGUA #8568,52173.31,servicios
2026-02-16 12:20:12,POS Playstation Network #599,18631.66,ocio
2025-10-22 16:14:33,TDA CABIFY #1483,17994.77,transporte
2026-07-05 21:59:40,payment mcdonalds #982,22665.13,alimentacion
2026-04-07 18:40:03,POS Administracion Conjunto,378776.58,vivienda
2026-06-22 00:48:12,aut platzi subscripcion,268794.28,educacion
2026-07-02 01:37:22,COMPRA HOMECENTER #3320,1262068.97,vivienda
2026-04-16 11:11:57,pago en movistar factura #8752,10641.98,servicios
2026-03-03 19:29:30,tda amazon marketplace #4257,107994.87,otras
2025-10-21 13:43:28,AUT Inmobiliaria Bogota #3359,1029354.78,vivienda
2026-05-10 16:37:04,PAYMENT Ferreteria El Martillo #7300,1689185.11,vivienda
2026-08-10 15:23:17,PAYMENT VANTI GAS NATURAL,12024.76,servicios
2026-04-06 02:32:20,compra transmilenio card,5275.13,transporte
2025-09-13 04:06:26,pos transferencia nequi #4458,18977.91,otras
2026-01-11 07:37:49,pago en recarga celular claro,36376.22,servicios
2025-10-07 18:45:40,carulla #7422,152831.1,alimentacion
2025-08-23 20:49:11,pago en transferencia nequi #4403,44626.31,otras
2026-03-08 10:28:04,aut didi ride #4184,14495.4,transporte
2026-05-10 05:12:55,cabify #4286,7160.02,transporte
2026-07-04 10:06:56,pago en crepes and waffles,97148.93,alimentacion
2026-04-09 14:13:00,Amazon Marketplace,8394.19,otras
2025-10-25 08:08:22,pos easy #9771,1937833.46,vivienda
2026-08-02 14:02:33,PAYMENT Peaje Cundinamarca,13961.43,transporte
2026-04-07 09:06:53,PAYMENT PEAJE CUNDINAMARCA,75472.52,transporte
2026-07-24 07:41:33,POS CAJERO DAVIVIENDA #9455,43431.11,otras
2026-02-28 21:48:47,PAGO ARRIENDO APTO #3098,671858.28,vivienda
2025-09-22 15:02:18,AUT Coursera Course,52929.94,educacion
2026-04-30 12:25:46,POS Transferencia Nequi,15663.56,otras
2026-08-02 17:33:08,eps sanitas,78523.12,salud
2026-03-14 20:57:16,PAYMENT D1 #7648,38627.71,alimentacion
2026-07-31 18:48:05,pos drogueria cruz verde #2694,25509.53,salud
2026-04-26 13:43:24,PANADERIA KUTY,31808.69,alimentacion
2026-03-08 04:14:59,PAGO EN Uber,19355.26,transporte
2026-01-08 06:36:46,POS Daviplata Envio #7381,2620.88,otras
2026-05-15 08:56:50,AUT Libreria Panamericana #1256,171065.49,educacion
2026-01-31 00:36:25,PAGO EN Enel Codensa Luz #2733,14945.53,servicios
2026-08-16 21:10:06,aut cajero davivienda #3919,6951.19,otras
2026-06-20 01:38:11,pago en mercadolibre #288,4075.12,otras
2025-12-31 13:30:28,pago en supermercado exito #6961,8646.29,alimentacion
2026-06-25 22:03:23,POS PAPELERIA COMERCIAL,5679.13,otras
2026-08-05 00:18:10,aut homecenter #9859,476673.68,vivienda
2026-03-29 04:16:48,aut estacion texaco,104603.6,transporte
2026-01-29 16:17:37,aut pension colegio,52519.74,educacion
2025-11-24 06:43:29,tda eps sanitas,59606.81,salud
2026-06-10 20:46:02,tda papeleria comercial #806,32875.45,otras
2026-08-05 21:03:19,POS Easy #1548,789092.72,vivienda
2025-12-05 10:40:54,PAGO EN Recarga Celular Claro #8199,25681.7,servicios
2026-07-23 22:29:57,payment pago arriendo apto #9163,356049.04,vivienda
2026-01-23 03:18:30,pago en boletas tuboleto #7640,36888.28,ocio
2025-10-29 20:14:54,PAGO EN Movistar Factura,79564.08,servicios
2026-05-19 20:11:28,TDA ETB INTERNET #6265,9802.62,servicios
2026-06-20 00:23:45,pago en easy,394582.23,vivienda
2026-03-29 21:40:32,aut udemy online #1161,70560.63,educacion
2025-10-02 04:41:13,PAGO EN LABORATORIO SYNLAB #2432,16966.71,salud
2025-08-20 05:29:54,SPOTIFY,19037.69,ocio
2026-04-28 15:15:25,AUT Drogueria Cruz Verde,22002.26,salud
2026-05-11 12:53:44,AUT ADMINISTRACION CONJUNTO #8321,2673859.9,vivienda
2026-01-23 05:09:26,COMPRA MCDONALDS,94130.64,alimentacion
2025-09-27 19:52:21,AUT OPTICA HP #9533,61934.42,salud
2026-01-29 21:43:12,CREPES AND WAFFLES #5013,82585.47,alimentacion
2026-04-01 18:29:26,PAGO EN Uber,48791.45,transporte
2025-11-26 21:57:52,OPTICA HP #6774,26361.44,salud
2026-01-28 22:19:29,TDA HOMECENTER #106,446980.23,vivienda
2026-01-06 10:29:41,PAGO EN INMOBILIARIA BOGOTA #8472,764430.08,vivienda
2025-12-02 10:51:19,COMPRA Cinepolis #4661,24419.7,ocio
2026-01-18 18:59:10,pago en daviplata envio #1695,25312.67,otras
2026-01-24 22:00:38,TDA D1 #562,10284.6,alimentacion
2026-06-17 19:52:57,Vanti Gas Natural #8033,16619.06,servicios
2026-02-20 19:22:13,compra transmilenio card,16872.23,transporte
2026-01-08 05:04:47,AUT Restaurante Don Jediondo,34182.45,alimentacion
2026-03-20 22:35:37,VANTI GAS NATURAL #1687,87862.23,servicios
2025-11-23 23:49:26,PAYMENT Cajero Davivienda #1813,5508.3,otras
2026-03-29 18:32:38,PAYMENT Netflix,19032.67,ocio
2026-06-14 02:27:38,tda acueducto agua #4179,65740.33,servicios
2026-01-19 01:16:59,AUT ETB Internet #5205,105121.26,servicios
2025-10-10 01:20:12,PAGO EN Acueducto Agua,21107.03,servicios
2025-10-02 16:24:17,AUT Bar El Cervecero #5237,18844.96,ocio
2025-11-14 16:04:07,POS Carulla,57285.81,alimentacion
2026-06-17 13:33:08,drogueria cruz verde,60780.84,salud
2025-10-19 06:29:05,TDA Spotify,12466.6,ocio
2025-11-08 17:20:23,pos oxxo #1387,51471.33,alimentacion
2026-01-19 23:56:35,D1 #9197,4789.6,alimentacion
2026-06-24 10:56:34,PAGO EN HOMECENTER #2160,1098264.42,vivienda
2026-04-12 21:34:34,pago en platzi subscripcion #6309,114853.59,educacion
2026-05-10 07:02:53,aut supermercado exito,30394.6,alimentacion
2025-09-06 15:36:44,AUT DROGAS LA REBAJA,465817.13,salud
2026-01-15 13:09:14,payment ara,21163.91,alimentacion
2025-08-19 11:45:26,libreria panamericana #7225,60858.62,educacion
2026-07-03 03:44:31,PAGO EN RECARGA CELULAR CLARO,88870.18,servicios
2026-02-16 14:42:55,pago en ara #6066,18663.98,alimentacion
2026-02-02 12:27:24,aut cajero davivienda,12706.7,otras
2025-09-11 07:43:05,COMPRA Platzi Subscripcion #8397,82749.19,educacion
2025-11-11 13:29:36,COMPRA MCDONALDS #6154,71152.99,alimentacion
2025-09-17 12:28:09,Vanti Gas Natural #3119,30475.6,servicios
2025-09-01 02:21:00,pos steam games #5572,5405.45,ocio
2026-01-13 16:37:22,POS SPOTIFY #7071,9204.82,ocio
2026-04-12 21:01:08,COMPRA Drogueria Cruz Verde #3066,25132.32,salud
2026-03-07 18:34:07,payment amazon marketplace,20389.57,otras
2026-05-20 19:05:31,MOVISTAR FACTURA #1203,34735.11,servicios
2025-09-08 18:02:21,COMPRA TEXACO #1737,26275.31,transporte
2026-04-23 02:23:33,Coursera Course #6461,11716.88,educacion
2026-02-03 21:57:39,pos restaurante don jediondo #9747,85063.46,alimentacion
2025-11-03 18:29:33,TDA VANTI GAS NATURAL #9255,31305.26,servicios
2026-08-13 21:44:33,aut estacion texaco #5971,62697.62,transporte
2025-12-06 12:13:08,PAYMENT Ara #6793,51811.05,alimentacion
2025-08-30 11:42:24,Consultorio Odontologico #2512,164629.91,salud
2026-03-03 17:05:45,COMPRA Drogueria Cruz Verde #3848,81895.54,salud
2026-05-15 16:28:06,COMPRA Cajero Davivienda #9745,84645.38,otras
2026-04-13 08:25:52,AUT RAPPI COMIDA #2865,55149.36,alimentacion
2026-05-06 04:48:27,compra coursera course #2121,87772.34,educacion
2026-01-04 03:27:53,PAGO EN FERRETERIA EL MARTILLO,2851799.72,vivienda
2026-04-28 19:39:56,pos matricula uniminuto,286887.25,educacion
2025-10-17 13:56:11,PAGO EN LIBRERIA PANAMERICANA #7754,196514.85,educacion
2025-12-02 14:21:46,COMPRA OPTICA HP,12040.91,salud
2026-01-01 13:50:00,COMPRA Farmatodo,11882.97,salud
2026-01-17 21:26:44,AUT Coursera Course,140260.77,educacion
2026-04-02 01:06:29,AUT Papeleria Comercial,25476.74,otras
2026-03-06 12:09:24,AMAZON MARKETPLACE #3479,11918.86,otras
2026-05-30 15:05:19,TDA LIBRERIA PANAMERICANA,116912.29,educacion
2025-09-13 02:00:12,compra drogueria cruz verde,281387.96,salud
2026-03-18 21:01:11,COMPRA ETB Internet,40832.82,servicios
2026-05-26 10:32:53,tda cinepolis #1202,6010.69,ocio
2026-08-07 18:56:48,Movistar Factura #5489,25162.11,servicios
2025-12-30 14:55:40,PAYMENT Inmobiliaria Bogota,450007.76,vivienda
2026-06-30 03:35:40,TDA ADMINISTRACION CONJUNTO #2472,578029.42,vivienda
2025-11-13 07:40:19,ADMINISTRACION CONJUNTO #5106,569110.9,vivienda
2025-10-31 23:33:04,POS TRANSMILENIO CARD,11732.51,transporte
2026-08-13 12:00:21,PAGO EN MercadoLibre #1197,6278.36,otras
2026-03-28 16:57:50,PAGO EN NETFLIX #5989,12217.71,ocio
2025-11-26 20:08:36,Recarga Celular Claro #8866,19218.63,servicios
2026-01-22 13:12:53,aut taller automotriz central,1291.42,transporte
2025-09-27 18:46:13,TDA Gasolinera Terpel,114425.0,transporte
2025-09-14 13:07:52,tda spotify #2509,28627.95,ocio
2025-12-09 17:04:14,tda coursera course #9404,62845.78,educacion
2025-10-01 21:02:52,TDA Optica HP #5114,50046.15,salud
2025-11-25 12:19:17,AUT Playstation Network,5883.12,ocio
2026-06-29 05:31:39,DIDI RIDE #2353,82963.05,transporte
2025-11-22 13:55:57,inmobiliaria bogota #9901,2277008.82,vivienda
2026-02-05 09:20:52,PAGO EN ETB Internet #2265,29555.24,servicios
2026-03-24 03:33:24,PAYMENT FERRETERIA EL MARTILLO #3957,1347980.88,vivienda
2026-06-12 11:03:33,pos estacion texaco,21115.4,transporte
2026-06-07 14:36:27,PAYMENT TRANSFERENCIA NEQUI,5786.45,otras
2026-06-14 15:32:59,AUT Pago Arriendo Apto,569723.24,vivienda
2026-05-09 03:22:04,COMPRA PAGO ARRIENDO APTO #2016,789501.32,vivienda
2026-07-31 14:39:09,POS PAGO ARRIENDO APTO #8652,555304.21,vivienda
2026-07-18 05:05:03,pos vanti gas natural #588,23595.42,servicios
2026-02-20 14:43:57,PAYMENT PAPELERIA COMERCIAL #9074,20102.52,otras
2025-11-25 13:29:57,PAGO EN PENSION COLEGIO #1622,89585.24,educacion
2026-01-13 01:13:05,pago en ferreteria el martillo,752649.63,vivienda
2026-06-19 17:15:06,TRANSMILENIO CARD #8006,6942.77,transporte
2026-05-07 07:43:52,PAGO EN FARMATODO #9745,22276.38,salud
2025-11-14 17:32:57,pos gasolinera terpel #376,5675.27,transporte
2026-01-24 14:32:01,POS Movistar Factura #4670,48372.62,servicios
2026-03-06 00:36:47,Vanti Gas Natural #420,7605.39,servicios
2025-08-21 05:04:18,payment mcdonalds,91388.26,alimentacion
2026-07-06 14:53:50,POS Enel Codensa Luz #6538,61809.33,servicios
2025-11-21 20:22:25,TDA Matricula Uniminuto #3783,68691.68,educacion
2025-09-22 13:21:20,aut rappi comida #6634,4525.53,alimentacion
2026-05-06 01:45:52,PAYMENT COURSERA COURSE #346,63986.5,educacion
2026-07-02 07:24:56,payment homecenter #4920,701860.19,vivienda
2025-09-15 23:05:05,TDA ACUEDUCTO AGUA #6739,14671.19,servicios
2026-08-14 03:41:13,aut transferencia nequi #7201,13157.95,otras
2026-02-18 12:15:49,aut taller automotriz central,71480.19,transporte
2026-01-01 17:39:26,POS MercadoLibre #6178,42827.13,otras
2026-07-30 18:04:35,pago en movistar factura #1370,15448.41,servicios
2025-11-29 22:24:47,TDA RECARGA CELULAR CLARO #2172,10315.89,servicios
2026-06-03 05:07:31,PAYMENT Estacion Texaco,13435.89,transporte
2026-08-13 17:03:08,playstation network,11505.5,ocio
2026-02-27 05:27:21,pos eps sanitas #1388,84610.96,salud
2025-11-02 23:28:19,PAGO EN Crepes and Waffles,23664.86,alimentacion
2026-05-30 01:08:26,pago en cajero davivienda #2029,36735.53,otras
2026-07-22 08:59:40,tda cajero davivienda #2360,152535.71,otras
2025-11-05 17:45:41,COMPRA ACUEDUCTO AGUA,43883.8,servicios
2025-11-04 04:21:58,pos drogas la rebaja,46495.12,salud
2026-07-08 05:38:58,pago en eps sanitas #2408,40076.06,salud
2026-01-02 16:51:38,AUT CAJERO DAVIVIENDA #7460,15418.55,otras
2026-06-15 22:40:40,TDA LIBRERIA PANAMERICANA #2260,407081.66,educacion
2025-10-02 23:47:36,PAGO EN STEAM GAMES #843,8611.73,ocio
2026-05-06 21:28:13,Drogueria Cruz Verde #2169,51521.01,salud
2026-02-24 18:24:51,PLAYSTATION NETWORK #9512,13847.2,ocio
2025-08-20 00:10:55,tda carulla #5706,24308.29,alimentacion
2025-09-02 20:21:57,COMPRA RAPPI COMIDA #2328,12112.92,alimentacion
2026-01-08 14:14:50,aut daviplata envio #9274,30423.62,otras
2025-12-17 22:20:37,pos matricula uniminuto #8622,91747.47,educacion
2026-08-01 05:32:28,TDA FARMATODO #7515,84987.93,salud
2026-07-20 19:57:26,POS EPS Sanitas #8984,27256.29,salud
2026-02-24 01:04:56,PAYMENT Cinepolis #5857,31400.37,ocio
2026-06-10 05:53:10,pos carulla #116,18008.17,alimentacion
2025-12-04 06:43:09,TRANSFERENCIA NEQUI,122032.21,otras
2025-11-11 16:29:59,TDA Recarga Celular Claro,9427.8,servicios
2025-10-06 05:47:02,POS HOMECENTER,946817.88,vivienda
2026-03-09 14:39:16,payment supermercado exito #7148,53121.9,alimentacion
2026-02-19 04:42:40,PAYMENT Supermercado Exito #1519,19217.07,alimentacion
2025-08-30 01:57:03,TDA COURSERA COURSE #4901,164270.99,educacion
2025-12-30 07:24:45,aut optica hp #6869,200279.77,salud
2026-07-17 13:57:19,PAGO EN HOMECENTER #4312,192896.43,vivienda
2026-06-14 18:23:38,PAYMENT TRANSFERENCIA NEQUI,36415.32,otras
2026-02-10 23:49:15,COMPRA EPS Sanitas,3157.08,salud
2026-05-15 14:33:21,UBER,7562.08,transporte
2026-02-12 02:36:49,pos platzi subscripcion #9299,697319.96,educacion
2026-05-12 02:21:10,TDA Movistar Factura #7772,18976.01,servicios
2025-08-22 00:36:54,PAGO EN Easy #8685,360653.17,vivienda
2025-11-07 06:47:58,administracion conjunto,647735.27,vivienda
2026-03-31 01:50:02,mcdonalds #9040,189913.71,alimentacion
2025-12-21 19:43:48,COMPRA Vanti Gas Natural #3688,8964.17,servicios
2026-04-12 09:57:02,AUT PLATZI SUBSCRIPCION #9064,27957.15,educacion
2025-10-29 02:49:55,drogas la rebaja #4981,254530.22,salud
2025-11-27 12:22:32,pos laboratorio synlab #969,378311.26,salud
2025-11-30 01:30:42,tda cajero davivienda #5999,19862.1,otras
2026-04-12 12:48:08,POS BAR EL CERVECERO #6605,5612.0,ocio
2026-01-06 13:06:19,consultorio odontologico #657,491603.54,salud
2026-02-27 03:19:06,POS Bar El Cervecero #5170,40786.63,ocio
2025-11-07 04:44:59,POS Uber,33224.81,transporte
2026-05-16 13:33:36,PAYMENT MERCADOLIBRE #412,9775.14,otras
2026-01-06 05:13:06,PAYMENT LIBRERIA PANAMERICANA,93075.36,educacion
2025-12-04 00:46:52,TDA Farmatodo #6177,41093.45,salud
2025-10-26 07:08:02,tda steam games,16841.41,ocio
2025-10-07 08:45:02,TDA Carulla #7271,115936.88,alimentacion
2026-05-10 20:32:22,POS Cinepolis #6943,24725.54,ocio
2026-06-29 15:15:07,PAGO EN Carulla #3615,15338.16,alimentacion
2026-05-24 08:55:55,drogas la rebaja,222825.91,salud
2026-06-25 17:05:04,TDA UDEMY ONLINE,143739.59,educacion
2026-03-21 02:35:21,pos cajero davivienda,43785.84,otras
2026-07-15 23:49:15,compra papeleria comercial,95467.47,otras
2025-11-01 13:53:11,tda oxxo,14924.15,alimentacion
2026-06-24 03:20:04,TDA D1,35289.46,alimentacion
2025-10-14 12:20:02,pago en mcdonalds,23738.09,alimentacion
2026-06-26 07:49:06,POS LIBRERIA PANAMERICANA #9585,15041.51,educacion
2025-10-25 00:32:38,COMPRA Platzi Subscripcion,149649.62,educacion
2026-02-27 11:02:03,AUT Recarga Celular Claro,121410.66,servicios
2026-07-30 08:19:43,POS Matricula Uniminuto #1636,10849.85,educacion
2026-03-06 05:17:57,AUT Netflix #4091,13061.23,ocio
2026-05-24 06:33:14,POS NETFLIX #1257,20918.31,ocio
2026-06-18 10:16:42,AUT VANTI GAS NATURAL,28965.1,servicios
2025-12-11 22:57:58,AUT MCDONALDS #9070,33173.2,alimentacion
2026-03-23 17:57:18,PAYMENT ETB Internet #822,12338.38,servicios
2025-09-04 23:07:40,AUT Homecenter #2153,838753.42,vivienda
2025-09-24 20:57:25,COMPRA EASY #4834,463212.7,vivienda
2025-10-19 20:54:06,pos spotify #8140,2884.35,ocio
2025-11-09 02:44:45,pago en drogas la rebaja #2732,182417.16,salud
2026-02-18 12:06:51,PAYMENT CARULLA #6317,78175.27,alimentacion
2025-09-23 20:02:37,compra eps sanitas #7626,51887.18,salud
2026-06-02 14:33:24,pos laboratorio synlab,63068.84,salud
2025-11-26 07:40:07,Farmatodo #5523,159811.43,salud
2026-01-04 08:44:44,tda gasolinera terpel,22068.48,transporte
2026-03-21 22:38:32,pos etb internet #192,46277.47,servicios
2025-12-29 02:03:53,PAGO EN Acueducto Agua #2581,22505.4,servicios
2026-01-24 08:20:05,PAYMENT Texaco #3703,58734.66,transporte
2025-12-31 18:50:43,TDA ARA #7579,46940.15,alimentacion
2026-04-09 14:49:21,CAJERO DAVIVIENDA #3148,26743.64,otras
2026-03-29 11:06:42,COMPRA Enel Codensa Luz #3883,12556.12,servicios
2026-04-26 19:37:49,TDA HOMECENTER,866461.98,vivienda
2026-03-14 13:03:11,PAYMENT JUMBO #8630,18665.57,alimentacion
2026-06-16 11:27:10,payment udemy online,45892.67,educacion
2026-01-02 08:18:04,PAYMENT Drogueria Cruz Verde #5740,19991.99,salud
2026-05-05 21:03:25,EASY #3064,384715.37,vivienda
2026-02-22 18:12:57,TDA Drogueria Cruz Verde,507498.25,salud
2026-02-07 00:08:08,pago en drogueria cruz verde,212027.86,salud
2026-01-12 10:17:02,AUT Transmilenio Card,101552.46,transporte
2025-12-06 17:02:17,payment cinemark #1936,5675.84,ocio
2026-04-19 18:25:45,PAGO EN FERRETERIA EL MARTILLO #9121,761276.76,vivienda
2026-07-20 15:11:34,TDA PLAYSTATION NETWORK,5402.11,ocio
2026-04-23 05:05:21,AUT Peaje Cundinamarca #924,9641.91,transporte
2026-01-28 06:03:34,PAYMENT Spotify #9993,7025.57,ocio
2026-04-12 05:35:20,PAYMENT TRANSMILENIO CARD,55029.55,transporte
2026-01-21 15:12:00,Daviplata Envio #5534,14820.55,otras
2025-09-17 03:49:17,TDA MATRICULA UNIMINUTO #8519,355775.5,educacion
2025-12-28 21:16:00,POS DAVIPLATA ENVIO #9130,40300.57,otras
2025-12-17 04:18:34,COMPRA Coursera Course,1566518.98,educacion
2026-04-28 00:58:05,TDA PAGO ARRIENDO APTO,300238.81,vivienda
2026-05-20 08:09:54,pago en didi ride #4667,56011.37,transporte
2026-04-09 13:02:30,CONSULTORIO ODONTOLOGICO #1897,173006.59,salud
2026-01-18 00:21:20,TDA Spotify #2173,6759.03,ocio
2026-07-28 04:19:56,POS Jumbo,81284.18,alimentacion
2026-06-16 17:39:02,TDA LIBRERIA PANAMERICANA #2249,147764.34,educacion
2026-06-03 21:20:10,PAGO EN AMAZON MARKETPLACE,17544.99,otras
2026-03-07 17:55:03,PAGO EN UBER,8590.89,transporte
2026-01-25 05:06:09,pos laboratorio synlab #870,22225.15,salud
2025-10-27 20:23:18,POS Movistar Factura,92031.6,servicios
2025-10-04 23:54:05,SPOTIFY #7630,13366.11,ocio
2025-11-16 13:19:44,compra transmilenio card #1263,36458.03,transporte
2025-11-23 03:57:54,pos laboratorio synlab #1312,20537.56,salud
2026-05-16 13:24:49,POS ACUEDUCTO AGUA,16849.7,servicios
2025-09-17 12:42:08,Inmobiliaria Bogota #4162,1396096.78,vivienda
2025-10-21 06:09:47,AUT MATRICULA UNIMINUTO #2757,19545.66,educacion
2025-09-26 10:33:41,pos uber #329,12410.62,transporte
2025-09-11 05:01:59,AUT Boletas Tuboleto,13681.76,ocio
2026-03-18 10:13:04,PAYMENT Vanti Gas Natural,28762.38,servicios
2025-08-27 16:11:01,COMPRA McDonalds,31467.97,alimentacion
2026-03-08 22:19:06,TRANSMILENIO CARD #6025,25751.23,transporte
2025-09-26 19:07:40,pago en platzi subscripcion,226709.99,educacion
2026-04-14 11:34:29,compra vanti gas natural,41805.47,servicios
2025-09-19 04:16:58,COMPRA EASY #5732,403736.5,vivienda
2026-08-14 05:29:21,PAYMENT MOVISTAR FACTURA #2867,22686.08,servicios
2025-12-15 13:59:18,POS RECARGA CELULAR CLARO #2506,55097.4,servicios
2025-11-21 12:20:51,COMPRA ETB Internet,46018.02,servicios
2025-12-05 19:09:02,TDA Steam Games #8532,5110.22,ocio
2026-04-17 17:40:05,TDA Restaurante Don Jediondo #9834,48107.05,alimentacion
2025-10-07 10:02:10,COMPRA Peaje Cundinamarca,3039.95,transporte
2026-07-09 01:59:49,PAGO EN PEAJE CUNDINAMARCA #9270,18811.83,transporte
2025-08-28 12:44:55,TDA Pago Arriendo Apto,2277662.4,vivienda
2026-05-02 03:10:16,PAGO EN DAVIPLATA ENVIO,8536.51,otras
2026-07-17 13:39:48,COMPRA Pago Arriendo Apto #3414,442150.75,vivienda
2026-07-19 01:45:22,POS D1 #6093,66918.04,alimentacion
2026-02-14 21:00:13,POS AMAZON MARKETPLACE #4475,4708.85,otras
2026-08-15 11:56:56,payment papeleria comercial,11698.84,otras
2026-03-18 11:15:27,pago en udemy online,201940.7,educacion
2025-10-08 21:48:25,Libreria Panamericana,46113.31,educacion
2026-03-14 20:58:10,pago en spotify,11325.6,ocio
2026-04-03 21:23:18,PAYMENT Cajero Davivienda #9842,46359.69,otras
2026-02-10 17:44:17,PAYMENT RECARGA CELULAR CLARO #4693,34645.66,servicios
2026-06-04 06:48:25,pago en drogas la rebaja #8873,65742.46,salud
2026-07-24 03:24:54,PAGO EN Crepes and Waffles,27686.55,alimentacion
2026-02-02 08:43:40,POS COURSERA COURSE,153902.31,educacion
2026-04-22 21:41:14,compra acueducto agua #6181,24978.24,servicios
2026-03-12 17:40:25,Enel Codensa Luz #1948,35407.66,servicios
2026-08-05 10:13:22,PAYMENT INMOBILIARIA BOGOTA,541360.55,vivienda
2026-02-20 11:45:50,Administracion Conjunto,653735.83,vivienda
2025-11-13 15:26:07,PAYMENT PENSION COLEGIO #4784,30093.08,educacion
2026-02-05 00:52:53,AUT Libreria Panamericana #4160,94654.71,educacion
2026-01-06 11:47:33,EPS Sanitas #5289,20088.42,salud
2025-11-26 08:01:19,easy #9382,373835.87,vivienda
2025-12-13 07:56:58,pos daviplata envio,28528.57,otras
2025-08-17 11:18:20,AUT Supermercado Exito,43053.2,alimentacion
2026-06-30 02:20:07,MERCADOLIBRE #2836,48188.41,otras
2025-12-28 23:41:05,pago en texaco,12234.16,transporte
2026-02-15 15:41:12,COMPRA Platzi Subscripcion #4677,161081.13,educacion
2025-08-20 15:57:57,AUT EPS SANITAS,89848.24,salud
2026-08-10 12:55:54,POS Transferencia Nequi #2780,34364.31,otras
2026-06-06 19:57:39,PAYMENT Restaurante Don Jediondo,18759.9,alimentacion
2025-12-11 19:01:02,payment farmatodo #2263,57774.33,salud
2026-06-10 20:51:48,pago en etb internet #3294,33472.66,servicios
2026-06-23 08:00:56,POS DIDI RIDE,18150.63,transporte
2026-04-06 06:55:23,NETFLIX #8898,3100.96,ocio
2026-06-22 20:51:19,TDA BAR EL CERVECERO #847,14948.15,ocio
2026-03-18 08:09:10,EPS Sanitas,558932.58,salud
2025-10-29 16:03:14,COMPRA DIDI RIDE #3292,13042.45,transporte
2026-07-26 00:47:29,pago en crepes and waffles #9498,20283.0,alimentacion
2026-02-03 04:34:17,uber #1522,25235.67,transporte
2025-11-22 11:38:44,compra drogueria cruz verde #6294,69121.15,salud
2026-05-22 02:08:59,AUT NETFLIX,30789.06,ocio
2026-04-25 07:30:56,TDA Crepes and Waffles #8040,13275.9,alimentacion
2026-07-05 03:56:34,TDA Netflix #5871,22291.62,ocio
2025-11-11 02:30:55,COMPRA PAGO ARRIENDO APTO #7353,1039502.96,vivienda
2025-09-17 04:43:59,AUT FERRETERIA EL MARTILLO,669785.02,vivienda
2026-04-17 06:52:40,TDA Playstation Network,16934.04,ocio
2026-03-06 01:35:59,compra administracion conjunto #7034,1352782.97,vivienda
2026-06-27 01:35:20,payment cinepolis #902,24602.93,ocio
2026-05-10 07:45:18,AUT Transferencia Nequi #8256,7023.25,otras
2025-12-05 23:49:32,TRANSMILENIO CARD #3375,37727.42,transporte
2026-06-01 23:01:31,PAYMENT GASOLINERA TERPEL #6595,17013.8,transporte
2026-06-27 13:05:16,TDA Ferreteria El Martillo #3096,762017.24,vivienda
2026-01-24 18:59:17,papeleria comercial,23699.21,otras
2026-07-14 21:28:26,coursera course #6695,82430.3,educacion
2025-10-27 06:36:11,PLAYSTATION NETWORK #2478,30766.92,ocio
2025-12-07 21:40:07,COMPRA Easy #2744,693682.21,vivienda
2026-04-21 18:42:55,POS PANADERIA KUTY,14829.34,alimentacion
2026-04-14 08:06:01,AUT Drogas La Rebaja,31796.68,salud
2025-12-01 02:55:08,consultorio odontologico,59668.78,salud
2026-04-16 06:55:51,tda farmatodo,189498.48,salud
2025-10-29 08:46:10,Movistar Factura,38632.8,servicios
2025-08-24 23:13:23,PAGO EN Spotify,7365.96,ocio
2025-09-05 17:02:57,Easy,3240097.4,vivienda
2025-08-26 00:43:11,inmobiliaria bogota,855007.22,vivienda
2025-09-26 03:42:10,TDA UDEMY ONLINE,456100.69,educacion
2025-11-29 23:31:31,PAYMENT INMOBILIARIA BOGOTA,665950.98,vivienda
2026-05-22 04:33:15,TDA MATRICULA UNIMINUTO #2532,187218.39,educacion
2026-05-26 19:34:26,uber #6674,38388.82,transporte
2025-11-15 20:23:46,payment libreria panamericana #7858,425846.25,educacion
2025-10-14 22:55:07,PAGO EN Recarga Celular Claro,50737.52,servicios
2026-02-25 02:56:23,PAGO EN Oxxo #1291,72966.64,alimentacion
2025-12-28 05:18:13,POS CABIFY #4485,13580.93,transporte
2025-12-16 10:33:00,PAYMENT Bar El Cervecero #9431,8953.3,ocio
2026-01-08 16:07:00,aut peaje cundinamarca,24327.11,transporte
2026-05-15 02:20:53,PAYMENT MERCADOLIBRE #3128,56001.18,otras
2025-12-23 16:35:07,POS Jumbo #7220,30388.62,alimentacion
2026-07-11 00:51:58,aut carulla,85147.27,alimentacion
2025-09-08 04:45:36,TDA CONSULTORIO ODONTOLOGICO #5137,242287.04,salud
2026-06-14 16:03:14,compra ferreteria el martillo,420923.95,vivienda
2025-09-14 03:47:54,aut vanti gas natural #7536,16282.52,servicios
2026-02-16 00:31:50,POS Daviplata Envio #8137,19141.71,otras
2025-10-31 01:48:25,Inmobiliaria Bogota,877267.81,vivienda
2026-06-30 19:46:25,tda eps sanitas #563,27528.48,salud
2026-07-05 02:18:49,TDA PLAYSTATION NETWORK #5873,34425.12,ocio
2025-10-03 19:12:32,TDA EASY #5158,940756.97,vivienda
2025-11-22 02:56:32,PAGO EN Peaje Cundinamarca #605,18685.49,transporte
2026-06-12 22:47:09,COMPRA NETFLIX #848,4889.59,ocio
2025-11-21 10:09:48,cabify #5819,5517.97,transporte
2025-08-30 10:47:00,PAGO EN Enel Codensa Luz #7572,31844.04,servicios
2026-02-12 09:44:06,POS UDEMY ONLINE,7637.96,educacion
2026-06-12 20:38:53,payment acueducto agua #5165,49393.91,servicios
2026-03-07 19:48:49,payment vanti gas natural #7437,24467.66,servicios
2025-11-06 09:18:47,PAYMENT MATRICULA UNIMINUTO,4836546.85,educacion
2026-01-15 13:20:01,TDA BOLETAS TUBOLETO,67207.58,ocio
2025-12-16 15:30:54,POS CINEPOLIS #5883,11766.19,ocio
2025-10-18 00:48:38,COMPRA Homecenter #6426,684331.55,vivienda
2026-05-27 06:06:23,compra acueducto agua,48891.01,servicios
2026-06-02 15:46:52,COMPRA CABIFY #6328,83521.16,transporte
2026-03-07 17:49:46,TDA Inmobiliaria Bogota #7734,272987.85,vivienda
2025-11-23 19:29:27,PAGO EN DROGAS LA REBAJA #8767,6870.46,salud
2026-04-22 09:52:58,COMPRA ETB Internet #3946,18523.2,servicios
2025-11-02 14:41:00,aut steam games,20088.77,ocio
2026-07-28 02:43:37,pago en boletas tuboleto,18916.91,ocio
2026-07-18 20:19:04,PAGO EN Movistar Factura,51116.51,servicios
2025-11-10 00:22:42,COMPRA Libreria Panamericana #4317,23397.0,educacion
2025-11-17 01:48:21,pos coursera course #9987,6128.02,educacion
2026-02-02 01:07:29,easy #9575,1220545.58,vivienda
2025-08-23 06:53:10,PAGO EN FERRETERIA EL MARTILLO,443779.12,vivienda
2026-06-21 22:42:00,compra farmatodo #5477,5322.31,salud
2026-04-01 12:12:53,TDA Laboratorio Synlab #3680,57501.72,salud
2026-01-18 03:38:44,COMPRA Matricula Uniminuto #230,255712.96,educacion
2025-08-20 21:40:38,POS DAVIPLATA ENVIO,19495.58,otras
2026-03-31 02:28:31,PAYMENT TRANSFERENCIA NEQUI #8596,13934.9,otras
2026-02-18 00:17:19,TDA LIBRERIA PANAMERICANA,81533.18,educacion
2026-04-05 23:32:46,COMPRA MERCADOLIBRE,15205.57,otras
2026-01-08 16:07:53,pos inmobiliaria bogota #9384,324867.19,vivienda
2025-11-22 00:42:16,pos udemy online #3760,41872.44,educacion
2026-02-27 14:01:47,TDA JUMBO,55106.55,alimentacion
2026-05-10 19:54:44,TDA UBER,24089.0,transporte
2025-12-26 20:46:03,AUT ENEL CODENSA LUZ,29757.48,servicios
2025-09-09 18:10:24,tda bar el cervecero,6656.81,ocio
2026-01-02 12:06:35,PAYMENT RESTAURANTE DON JEDIONDO,31407.36,alimentacion
2025-10-16 05:04:07,pago en inmobiliaria bogota,197552.76,vivienda
2026-03-13 17:37:13,TDA ADMINISTRACION CONJUNTO #6455,811862.28,vivienda
2025-10-05 07:14:30,AUT Uber #887,65249.39,transporte
2025-11-15 19:07:47,COMPRA PENSION COLEGIO,16832.07,educacion
2026-03-22 06:38:53,drogueria cruz verde #5179,25731.72,salud
2026-06-07 07:22:37,PAYMENT DROGAS LA REBAJA #1865,70404.85,salud
2026-06-26 06:29:08,payment easy,1546810.43,vivienda
2026-05-29 04:15:36,Acueducto Agua #9146,20559.23,servicios
2025-08-25 17:28:04,AUT NETFLIX,8229.04,ocio
2026-01-11 03:30:24,jumbo,7516.54,alimentacion
2026-05-25 18:20:04,PAGO EN AMAZON MARKETPLACE #4417,24426.85,otras
2025-11-22 19:06:11,COMPRA ARA,186029.55,alimentacion
2026-02-21 21:47:19,FERRETERIA EL MARTILLO,861486.86,vivienda
2026-02-03 08:14:26,compra jumbo,35673.98,alimentacion
2025-12-09 21:23:02,PAYMENT Udemy Online #7447,145291.71,educacion
2026-05-15 03:18:28,compra farmatodo #2611,48426.32,salud
2025-10-30 03:17:02,compra inmobiliaria bogota #5509,447840.03,vivienda
2025-10-28 21:55:55,COMPRA UBER,37833.56,transporte
2025-12-30 10:54:52,PAGO EN PAGO ARRIENDO APTO #7324,835225.41,vivienda
2026-05-28 20:55:48,peaje cundinamarca #275,18321.89,transporte
2025-12-02 08:39:17,Movistar Factura #5791,14984.63,servicios
2026-08-07 13:57:37,tda spotify #4654,33271.47,ocio
2025-10-18 16:57:14,POS INMOBILIARIA BOGOTA,1086879.87,vivienda
2026-03-11 17:00:16,AUT Easy #4332,523476.54,vivienda
2026-02-07 23:00:33,POS FARMATODO #2259,147562.54,salud
2026-07-01 15:58:46,POS Udemy Online,54334.52,educacion
2026-03-15 18:34:42,PAYMENT Carulla,19426.57,alimentacion
2026-02-09 18:46:04,POS DROGAS LA REBAJA,21254.56,salud
2026-06-14 18:31:26,tda enel codensa luz,9296.18,servicios
2026-03-01 22:18:46,tda taller automotriz central,27567.37,transporte
2026-05-29 08:37:50,POS Udemy Online,10966.78,educacion
2026-07-26 07:58:16,POS DROGAS LA REBAJA #8973,12691.8,salud
2026-04-15 02:47:24,daviplata envio,2763.94,otras
2026-06-14 19:26:37,COMPRA CINEMARK #9910,12578.59,ocio
2025-11-18 04:05:49,PAYMENT BOLETAS TUBOLETO,12025.39,ocio
2026-05-24 10:41:07,TDA Coursera Course,66700.29,educacion
2026-04-30 02:08:49,TDA Daviplata Envio #9494,7765.32,otras
2026-07-01 12:32:30,POS Estacion Texaco #1508,6279.15,transporte
2025-10-30 04:09:23,PAYMENT TRANSMILENIO CARD,27389.99,transporte
2026-05-09 18:33:21,boletas tuboleto,9087.12,ocio
2026-06-10 19:36:14,TALLER AUTOMOTRIZ CENTRAL #8041,23973.94,transporte
2025-10-16 07:03:17,COMPRA PANADERIA KUTY #5875,17886.49,alimentacion
2025-12-05 09:23:57,PAGO EN Libreria Panamericana #5315,122672.72,educacion
2026-01-23 14:06:00,POS Taller Automotriz Central #2428,58276.27,transporte
2025-12-20 11:55:36,pago en etb internet #9235,38242.38,servicios
2025-09-23 19:37:07,PAGO EN DROGUERIA CRUZ VERDE,31143.0,salud
2026-04-30 07:45:16,compra peaje cundinamarca #5351,22730.87,transporte
2025-09-03 10:28:43,TDA Coursera Course #3251,73954.24,educacion
2025-10-25 19:28:45,RESTAURANTE DON JEDIONDO #4849,36545.16,alimentacion
2025-11-03 21:57:29,pago en transferencia nequi #8596,15905.0,otras
2026-02-21 22:25:26,PAGO EN CINEPOLIS #2823,11908.0,ocio
2025-09-24 18:53:42,BOLETAS TUBOLETO #5823,15497.99,ocio
2026-03-27 04:39:51,spotify,6665.16,ocio
2026-07-08 05:19:17,PAYMENT EPS SANITAS,16035.07,salud
2026-04-29 22:42:56,COMPRA Boletas Tuboleto #7511,5054.43,ocio
2026-03-09 15:27:19,cajero davivienda #5976,4445.86,otras
2026-05-16 19:09:55,POS MCDONALDS,13714.02,alimentacion
2025-11-24 19:57:54,ESTACION TEXACO,20816.81,transporte
2026-01-06 17:06:43,COMPRA NETFLIX #2017,7151.3,ocio
2026-04-09 18:20:31,POS MOVISTAR FACTURA #5305,36613.37,servicios
2025-09-13 23:02:17,payment movistar factura #2625,27469.41,servicios
2026-08-13 16:38:24,aut optica hp,5623.14,salud
2026-04-29 02:28:19,payment drogueria cruz verde #5592,100757.62,salud
2026-08-12 23:47:41,TDA PANADERIA KUTY #1690,69469.21,alimentacion
2026-02-15 05:04:20,TDA UBER #762,7372.58,transporte
2025-09-10 00:12:42,EASY #1471,938572.07,vivienda
2026-03-22 03:34:02,DROGUERIA CRUZ VERDE #1349,19107.8,salud
2026-08-16 19:30:41,TDA COURSERA COURSE,110991.01,educacion
2026-07-02 16:17:14,netflix #6934,5512.93,ocio
2026-06-21 21:23:15,POS ENEL CODENSA LUZ #9649,9174.07,servicios
2025-09-09 01:50:26,AUT STEAM GAMES #6480,10219.24,ocio
2025-11-28 16:01:34,PENSION COLEGIO,85095.15,educacion
2025-09-02 05:21:35,AUT Movistar Factura,21192.28,servicios
2025-09-13 18:30:35,TDA Amazon Marketplace #4106,6741.04,otras
2025-09-16 16:51:19,TDA Boletas Tuboleto #6642,10097.78,ocio
2026-03-07 04:23:55,tda peaje cundinamarca #4952,22979.67,transporte
2025-09-25 17:55:53,TDA Estacion Texaco,17319.64,transporte
2025-11-15 03:41:19,compra drogueria cruz verde #5107,59919.13,salud
2026-01-14 01:59:27,compra ara,21245.66,alimentacion
2025-10-31 10:26:55,TDA Didi Ride #8473,51768.97,transporte
2026-04-29 12:58:40,payment texaco,6256.92,transporte
2026-03-26 19:29:16,aut acueducto agua #4649,36045.46,servicios
2025-10-25 21:53:39,AUT ESTACION TEXACO,52245.13,transporte
2026-06-04 09:26:33,compra supermercado exito,53355.19,alimentacion
2026-01-25 16:14:45,TDA JUMBO #188,30883.6,alimentacion
2025-09-27 09:54:30,compra easy #3268,531267.94,vivienda
2026-03-29 08:24:28,POS INMOBILIARIA BOGOTA #860,1358175.2,vivienda
2026-05-06 09:10:16,COMPRA Drogas La Rebaja,10246.87,salud
2026-05-17 06:41:22,AUT Oxxo,16712.31,alimentacion
2026-01-30 07:04:20,CONSULTORIO ODONTOLOGICO #1123,31656.11,salud
2025-10-21 05:13:13,TDA Acueducto Agua #7593,56533.7,servicios
2026-03-19 00:29:40,COMPRA Pago Arriendo Apto,916081.47,vivienda
2026-03-01 10:31:21,aut ferreteria el martillo,408061.24,vivienda
2026-04-29 19:05:10,pago arriendo apto #1464,605503.35,vivienda
2026-03-12 18:45:29,Transmilenio Card,10374.53,transporte
2026-02-05 11:37:03,payment eps sanitas #7211,22454.18,salud
2026-08-02 22:12:52,POS Gasolinera Terpel #8387,43521.08,transporte
2026-03-19 01:34:28,TDA PAGO ARRIENDO APTO,320281.03,vivienda
2026-07-11 13:03:18,COMPRA Administracion Conjunto #9931,1915077.24,vivienda
2026-01-24 13:45:46,payment transmilenio card #424,38002.48,transporte
2026-01-31 15:49:00,payment amazon marketplace #811,65569.22,otras
2025-12-21 01:13:33,POS Netflix,9661.87,ocio
2025-11-18 22:08:30,compra didi ride,15757.21,transporte
2026-03-17 08:03:00,PAYMENT MERCADOLIBRE,5254.54,otras
2026-01-10 02:17:10,aut cabify #8836,11246.41,transporte
2026-08-12 02:45:35,TDA Platzi Subscripcion #372,178507.49,educacion
2025-11-24 02:43:38,payment consultorio odontologico #6641,203958.0,salud
2026-02-09 03:09:03,LABORATORIO SYNLAB #1643,14503.24,salud
2026-01-18 15:35:50,pago en daviplata envio,15282.96,otras
2026-05-26 12:10:31,pago en drogas la rebaja #4570,41505.07,salud
2025-12-05 22:00:39,tda rappi comida #2336,11889.0,alimentacion
2025-08-23 18:23:41,PAGO EN RAPPI COMIDA,58283.8,alimentacion
2025-10-08 21:32:06,AUT VANTI GAS NATURAL,17424.03,servicios
2025-08-19 23:40:15,aut mercadolibre #453,18117.07,otras
2025-11-11 14:34:44,TDA CAJERO DAVIVIENDA,14017.34,otras
2026-07-15 18:20:14,PAYMENT STEAM GAMES #8440,7688.36,ocio
2025-08-25 20:42:59,PAYMENT Matricula Uniminuto #4834,97884.75,educacion
2026-07-02 19:11:08,payment spotify,11488.17,ocio
2026-08-09 09:11:25,pago en peaje cundinamarca,12904.46,transporte
2026-03-03 23:50:26,pago en platzi subscripcion #2830,41185.69,educacion
2026-03-27 01:27:29,PAGO EN RECARGA CELULAR CLARO,32588.5,servicios
2025-10-16 12:29:28,PAYMENT JUMBO #7615,136338.2,alimentacion
2025-09-01 02:10:22,AUT ENEL CODENSA LUZ,29258.7,servicios
2026-01-02 13:23:48,AUT DROGAS LA REBAJA,146639.14,salud
2025-10-10 04:30:10,pos uber #8941,5160.56,transporte
2026-01-06 23:54:19,EASY #8004,801833.98,vivienda
2025-11-22 11:16:48,AUT FERRETERIA EL MARTILLO,377595.58,vivienda
2025-11-24 22:48:38,PAGO EN TRANSMILENIO CARD #3975,4773.18,transporte
2025-09-22 03:03:46,POS CAJERO DAVIVIENDA #3587,10515.74,otras
2026-01-19 16:50:05,BOLETAS TUBOLETO,30771.05,ocio
2026-08-08 21:43:24,POS Spotify,25978.15,ocio
2026-05-29 14:17:59,POS ENEL CODENSA LUZ #9362,31126.13,servicios
2026-05-25 10:42:15,TDA MercadoLibre,4756.65,otras
2026-06-21 08:50:51,AUT Vanti Gas Natural #7961,23914.29,servicios
2025-10-23 14:00:46,pos panaderia kuty #2754,46228.88,alimentacion
2026-07-04 02:34:32,POS SUPERMERCADO EXITO,41790.69,alimentacion
2026-05-17 09:27:43,POS CINEMARK #4943,3675.13,ocio
2026-07-01 16:52:51,AUT PENSION COLEGIO #808,33915.2,educacion
2026-04-05 14:24:06,pago en libreria panamericana,91409.68,educacion
2025-12-12 02:18:47,COMPRA ENEL CODENSA LUZ #732,37114.93,servicios
2026-05-28 05:53:43,pago en drogueria cruz verde,4377.62,salud
2026-01-12 14:42:45,COMPRA Vanti Gas Natural #7070,24409.45,servicios
2026-06-16 09:42:29,COMPRA OPTICA HP #229,57374.41,salud
2026-08-10 10:54:36,tda easy,1214407.9,vivienda
2025-12-30 13:23:22,PAYMENT ARA #6470,63214.32,alimentacion
2026-01-26 04:42:31,LIBRERIA PANAMERICANA #9885,198607.46,educacion
2026-07-21 05:26:34,compra enel codensa luz #3897,16647.84,servicios
2026-06-03 19:18:54,PAYMENT Cinepolis,3513.61,ocio
2026-07-13 08:09:19,TDA PLATZI SUBSCRIPCION #1765,61595.04,educacion
2026-08-13 02:07:11,tda supermercado exito #2192,80927.22,alimentacion
2026-04-20 14:42:03,TDA TEXACO,63203.13,transporte
2026-01-12 23:28:54,PAYMENT Consultorio Odontologico #7073,107109.18,salud
2025-12-13 19:13:55,pago en ferreteria el martillo #5363,943738.59,vivienda
2025-09-02 10:17:29,AUT FARMATODO,74429.2,salud
2026-03-15 02:57:17,TDA NETFLIX,9051.78,ocio
2025-10-14 12:37:54,pago en transmilenio card #1476,16041.68,transporte
2026-02-28 13:10:02,POS OXXO #872,138034.04,alimentacion
2025-11-11 04:25:25,payment didi ride #4511,7720.99,transporte
2025-09-06 01:19:25,PAGO EN SPOTIFY,41371.4,ocio
2026-05-28 13:15:05,matricula uniminuto,67074.97,educacion
2026-02-06 11:53:21,tda steam games,33786.02,ocio
2026-03-28 20:12:31,pago en administracion conjunto,313611.74,vivienda
2025-09-21 10:04:44,COMPRA OXXO #8854,58030.46,alimentacion
2026-02-01 04:22:38,AUT Inmobiliaria Bogota #1462,468803.0,vivienda
2026-06-18 19:55:43,compra uber,5045.54,transporte
2025-10-13 22:01:14,pos eps sanitas #8390,62341.8,salud
2025-12-25 23:45:34,aut optica hp #2952,148809.01,salud
2026-02-18 05:43:54,pos daviplata envio #9190,9462.18,otras
2026-06-02 21:17:04,pago en cinemark #7393,4678.29,ocio
2026-03-18 07:35:44,Enel Codensa Luz,25460.75,servicios
2025-11-27 09:39:45,homecenter,692136.73,vivienda
2026-01-19 04:59:10,AUT TRANSMILENIO CARD,29539.62,transporte
2026-02-02 04:11:44,pago en daviplata envio #6350,56930.96,otras
2025-10-07 01:37:46,tda amazon marketplace #2763,20755.88,otras
2026-02-20 04:58:03,POS ACUEDUCTO AGUA,81903.91,servicios
2025-11-02 08:57:01,AUT MOVISTAR FACTURA,30777.55,servicios
2026-01-17 23:04:59,ETB INTERNET #5694,21854.11,servicios
2026-03-27 07:37:58,pos supermercado exito #9857,10004.06,alimentacion
2026-03-23 08:54:22,AUT Daviplata Envio #3933,16938.43,otras
2026-05-30 03:21:55,pos netflix,10556.84,ocio
2025-11-21 01:37:21,AUT ETB INTERNET #4810,47867.06,servicios
2025-09-14 06:12:55,pago en udemy online,171953.67,educacion
2026-06-15 02:29:01,Coursera Course,23974.76,educacion
2025-12-21 00:51:35,PAGO EN MercadoLibre #9292,26167.0,otras
2026-08-11 08:02:10,pago en playstation network,21377.02,ocio
2025-09-21 05:31:39,TDA LABORATORIO SYNLAB #9804,263243.44,salud
2026-05-05 07:35:09,payment drogueria cruz verde,130125.46,salud
2026-01-28 22:07:46,pago en estacion texaco #3172,35766.32,transporte
2025-12-30 16:54:34,PAYMENT Transferencia Nequi #5476,23390.52,otras
2025-12-19 23:56:35,PAGO EN Platzi Subscripcion,157310.12,educacion
2026-04-05 01:46:52,PAYMENT HOMECENTER,1543715.82,vivienda
2025-08-26 20:04:08,pos acueducto agua #3665,12092.41,servicios
2025-10-22 04:01:06,AUT Ferreteria El Martillo #7217,591452.35,vivienda
2026-04-13 18:02:27,AUT Texaco #8155,8997.37,transporte
2026-04-16 10:55:25,PAGO EN Didi Ride #471,25367.85,transporte
2026-02-04 11:51:42,POS OPTICA HP #9555,189708.58,salud
2026-08-11 08:44:11,AUT Netflix,8796.58,ocio
2025-11-02 23:38:45,PAGO ARRIENDO APTO,173827.27,vivienda
2026-01-09 14:42:26,Cinepolis,10011.06,ocio
2026-06-07 17:02:08,PAGO EN PANADERIA KUTY #6564,75416.32,alimentacion
2026-07-14 14:46:58,AUT TEXACO #9676,29256.79,transporte
2025-09-30 01:49:31,COMPRA Ferreteria El Martillo,943085.05,vivienda
2025-09-07 14:46:34,TDA PENSION COLEGIO,70545.14,educacion
2026-04-15 14:36:26,payment easy #1067,338602.31,vivienda
2026-07-20 19:48:13,CINEMARK #2115,19162.41,ocio
2025-08-22 18:26:54,COMPRA CINEPOLIS #7653,7450.25,ocio
2026-05-13 21:05:06,tda cabify,128757.63,transporte
2025-12-13 22:21:04,HOMECENTER #7306,1027155.95,vivienda
2026-02-16 10:15:25,AUT BOLETAS TUBOLETO #5887,8897.68,ocio
2025-12-24 07:45:36,TDA Supermercado Exito #5371,22267.68,alimentacion
2026-05-31 19:51:57,PAGO EN RECARGA CELULAR CLARO,25443.96,servicios
2025-11-07 17:15:57,TDA Inmobiliaria Bogota #6421,631781.48,vivienda
2026-03-17 15:29:16,PAYMENT FERRETERIA EL MARTILLO #5950,1425595.62,vivienda
2026-06-04 20:15:42,PAYMENT Texaco #6537,21327.97,transporte
2026-03-18 13:37:56,COMPRA Panaderia Kuty,20225.4,alimentacion
2026-04-16 09:37:02,compra amazon marketplace #2695,145865.56,otras
2025-10-11 07:53:54,PAYMENT ETB Internet #5721,27711.01,servicios
2026-05-15 19:18:56,AUT PENSION COLEGIO #4276,248353.3,educacion
2025-08-24 13:50:18,pos recarga celular claro,18677.3,servicios
2026-03-31 20:26:41,TDA CAJERO DAVIVIENDA,31669.7,otras
2026-03-10 00:34:06,Udemy Online #6216,143391.22,educacion
2025-11-24 15:28:14,TDA D1 #120,8008.67,alimentacion
2025-09-09 18:42:40,PAGO EN INMOBILIARIA BOGOTA #6976,2444045.13,vivienda
2025-11-03 09:04:04,AUT OPTICA HP,202745.93,salud
2026-04-14 10:17:39,PAGO EN Libreria Panamericana #8764,61289.61,educacion
2025-09-07 01:14:07,PAGO EN Ferreteria El Martillo,376486.76,vivienda
2026-04-28 17:13:50,acueducto agua #8214,33141.35,servicios
2025-09-12 07:10:53,COMPRA Crepes and Waffles #8891,38923.68,alimentacion
2026-04-30 21:33:57,AUT Coursera Course #4517,151267.15,educacion
2026-05-01 21:52:54,Cinemark,15277.01,ocio
2026-01-04 07:55:50,COMPRA PLAYSTATION NETWORK,19041.36,ocio
2025-08-24 20:16:04,pos pension colegio,560602.2,educacion
2026-07-20 07:17:46,Texaco #4539,30070.29,transporte
2026-01-14 13:06:09,pago en d1,15682.11,alimentacion
2026-01-12 06:50:14,payment transmilenio card #7798,61470.13,transporte
2026-05-20 01:13:26,TDA SPOTIFY #6730,42126.41,ocio
2026-08-03 11:08:35,POS AMAZON MARKETPLACE,515069.3,otras
2026-02-21 15:49:25,POS CREPES AND WAFFLES,14782.58,alimentacion
2026-03-11 20:56:57,AUT Spotify,15835.62,ocio
2025-10-28 19:58:51,AUT JUMBO #2283,6865.89,alimentacion
2026-02-27 20:50:55,PAGO EN Drogueria Cruz Verde #2891,90080.96,salud
2026-03-23 04:25:53,aut inmobiliaria bogota #5934,524961.3,vivienda
2025-08-25 18:43:55,PAGO EN DROGUERIA CRUZ VERDE,406683.44,salud
2025-11-21 12:18:24,TDA RAPPI COMIDA #4558,19541.74,alimentacion
2025-12-13 20:34:31,PAGO EN Pago Arriendo Apto #4035,264736.48,vivienda
2026-02-23 16:57:00,AUT GASOLINERA TERPEL #5171,11800.09,transporte
2026-06-02 12:40:09,FARMATODO #7728,5580.11,salud
2025-08-24 13:41:11,TDA Daviplata Envio #4290,46681.32,otras
2026-05-10 04:41:20,COMPRA Movistar Factura #1380,7792.76,servicios
2026-01-02 10:48:33,COMPRA Pension Colegio #4442,102145.05,educacion
2025-12-12 20:19:46,PAYMENT Pago Arriendo Apto #8842,209674.77,vivienda
2026-02-28 02:26:50,compra supermercado exito #8715,28106.66,alimentacion
2026-06-28 17:50:05,pos movistar factura #2546,72115.69,servicios
2026-04-17 11:15:09,TDA Papeleria Comercial #2581,31591.64,otras
2026-07-24 16:18:38,PAGO EN CREPES AND WAFFLES,18200.51,alimentacion
2026-07-29 05:35:38,COMPRA ETB INTERNET #6004,26404.19,servicios
2026-03-20 22:51:16,PAGO EN SUPERMERCADO EXITO #5228,36842.73,alimentacion
2025-11-13 01:01:41,COMPRA Taller Automotriz Central #9325,27594.38,transporte
2025-12-28 04:07:22,COMPRA RAPPI COMIDA,12167.37,alimentacion
2026-04-29 13:29:34,PAYMENT PANADERIA KUTY #1632,58340.62,alimentacion
2025-09-20 12:45:13,pos acueducto agua,5310.1,servicios
2026-01-12 20:52:24,PAYMENT PEAJE CUNDINAMARCA #2065,10230.25,transporte
2026-05-07 17:48:55,Platzi Subscripcion,54944.09,educacion
2026-07-22 08:36:44,payment recarga celular claro #2839,39339.96,servicios
2026-05-11 01:18:21,TALLER AUTOMOTRIZ CENTRAL #4307,18404.82,transporte
2026-01-26 12:16:25,COMPRA Recarga Celular Claro,11575.69,servicios
2026-03-27 22:14:47,compra pension colegio #1621,30272.9,educacion
2026-01-30 01:23:12,PAGO EN JUMBO #9729,42571.66,alimentacion
2026-08-05 17:47:36,tda estacion texaco,16795.05,transporte
2025-12-23 07:36:04,PAGO EN Crepes and Waffles #7408,22849.87,alimentacion
2026-03-16 00:25:47,PAYMENT DAVIPLATA ENVIO,13618.25,otras
2025-11-05 17:33:44,TDA EPS SANITAS,105428.13,salud
2025-10-10 06:04:18,payment pago arriendo apto #7728,534659.01,vivienda
2026-03-15 16:13:42,AUT LIBRERIA PANAMERICANA #2294,88813.19,educacion
2026-06-24 03:57:52,AUT BAR EL CERVECERO #1934,61019.92,ocio
2026-07-18 10:20:41,POS DROGUERIA CRUZ VERDE #1909,10238.9,salud
2025-12-15 10:31:07,Estacion Texaco #6729,3406.16,transporte
2026-05-18 06:47:32,AUT Libreria Panamericana,252788.28,educacion
2026-08-05 16:11:02,aut udemy online #8516,43722.95,educacion
2026-01-31 10:56:05,PAYMENT Farmatodo #1063,34542.26,salud
2026-04-29 06:58:05,PAYMENT Platzi Subscripcion #8475,38661.99,educacion
2026-08-08 14:32:58,AUT Papeleria Comercial,16986.94,otras
2025-12-18 17:43:27,PAYMENT GASOLINERA TERPEL #9393,76014.87,transporte
2026-03-21 21:13:59,POS Enel Codensa Luz #9459,43533.11,servicios
2026-05-23 20:06:59,aut homecenter,1223632.08,vivienda
2025-10-27 22:42:34,compra administracion conjunto #4507,311845.69,vivienda
2026-07-09 11:21:42,POS UDEMY ONLINE #2021,24800.41,educacion
2026-05-26 19:19:02,PAGO EN Enel Codensa Luz #2525,4897.86,servicios
2026-06-10 16:48:59,POS JUMBO,19005.72,alimentacion
2026-07-25 05:52:07,TDA PAPELERIA COMERCIAL #338,57337.1,otras
2026-01-24 03:35:21,COMPRA CINEPOLIS,19184.59,ocio
2026-02-05 11:32:45,AUT Supermercado Exito #4174,30417.99,alimentacion
2026-08-15 01:47:54,COMPRA VANTI GAS NATURAL #179,26545.61,servicios
2026-08-14 20:57:56,PAGO EN TEXACO #143,9701.18,transporte
2025-12-01 18:24:36,aut peaje cundinamarca,21682.98,transporte
2026-06-16 00:15:24,TDA Pago Arriendo Apto #7583,1154903.06,vivienda
2025-09-27 21:37:36,TDA PAPELERIA COMERCIAL,4376.98,otras
2025-10-28 04:24:25,AUT Steam Games,16477.54,ocio
2026-06-09 12:58:14,PAGO EN VANTI GAS NATURAL #765,47073.29,servicios
2026-04-14 00:48:11,COMPRA Libreria Panamericana #2045,59986.79,educacion
2026-04-09 15:05:17,pos homecenter,1110610.44,vivienda
2026-04-12 06:04:21,pos cabify,227109.83,transporte
2026-04-06 00:55:46,PAGO EN Steam Games #9493,12418.72,ocio
2025-11-15 02:42:15,POS Pension Colegio #4356,158255.87,educacion
2025-08-27 13:34:12,PAGO EN CARULLA #4018,20121.7,alimentacion
2025-09-17 07:12:34,payment recarga celular claro #9516,29993.94,servicios
2026-06-16 06:57:08,AUT PLATZI SUBSCRIPCION,171497.84,educacion
2025-10-08 12:13:22,PAYMENT VANTI GAS NATURAL #979,30239.53,servicios
2026-07-12 01:01:29,TDA Drogas La Rebaja,15967.89,salud
2026-02-15 11:38:14,compra transmilenio card,21714.28,transporte
2026-04-26 16:51:45,MERCADOLIBRE #118,95053.57,otras
2025-10-27 21:13:48,POS Movistar Factura #8305,35213.38,servicios
2026-02-24 07:02:59,tda cajero davivienda #2327,57640.87,otras
2025-10-09 20:09:23,PAYMENT SPOTIFY #3741,11317.34,ocio
2025-10-31 11:45:25,pos transferencia nequi #2712,46625.38,otras
2025-08-29 22:50:46,TDA LABORATORIO SYNLAB #9094,66648.95,salud
2026-06-10 08:27:48,TDA RECARGA CELULAR CLARO #5463,15206.12,servicios
2026-08-11 20:07:30,TDA ARA,46855.18,alimentacion
2026-01-24 20:17:39,PAYMENT SUPERMERCADO EXITO,16426.36,alimentacion
2026-06-01 17:48:13,PAYMENT UDEMY ONLINE #1496,46191.16,educacion
2025-11-04 04:59:27,COMPRA FERRETERIA EL MARTILLO #585,817165.55,vivienda
2025-09-12 02:52:48,COMPRA FARMATODO #7099,67979.99,salud
2026-08-12 11:40:23,POS ESTACION TEXACO,6183.82,transporte
2026-07-20 04:40:23,payment cinepolis,27939.31,ocio
2026-02-23 17:02:37,Spotify,19938.43,ocio
2025-12-21 14:41:30,PAYMENT Platzi Subscripcion,42375.51,educacion
2026-07-28 03:21:16,COMPRA Libreria Panamericana,15598.0,educacion
2026-01-30 11:33:10,MOVISTAR FACTURA,24662.95,servicios
2026-06-14 21:17:26,AUT CARULLA #3976,25418.82,alimentacion
2026-04-10 12:45:46,TDA Papeleria Comercial,24665.0,otras
2026-07-03 13:44:37,UDEMY ONLINE #3948,63847.97,educacion
2026-05-24 03:12:14,payment recarga celular claro,8066.91,servicios
2026-01-17 12:11:45,Drogas La Rebaja #2167,31978.48,salud
2026-08-17 03:51:22,payment eps sanitas,35025.06,salud
2026-03-27 13:15:37,ETB Internet #5852,39347.85,servicios
2026-03-13 15:48:45,Movistar Factura #1354,17695.76,servicios
2026-04-23 12:40:07,Amazon Marketplace #8466,118027.71,otras
2026-06-19 01:04:11,pago en coursera course #1419,9957.0,educacion
2026-03-07 15:14:46,compra panaderia kuty #698,103666.47,alimentacion
2026-02-08 19:45:05,PAGO EN Transmilenio Card #8019,14736.95,transporte
2026-07-04 14:44:16,COMPRA Farmatodo #4554,126189.92,salud
2026-07-24 07:56:49,PAGO EN Matricula Uniminuto,108636.4,educacion
2026-03-06 21:06:14,COMPRA ACUEDUCTO AGUA,53302.22,servicios
2026-01-18 01:48:30,BOLETAS TUBOLETO #5937,10186.79,ocio
2025-09-01 16:17:47,coursera course #6648,26414.16,educacion
2026-01-14 21:15:16,TDA Platzi Subscripcion,542859.13,educacion
2026-06-10 14:15:06,TALLER AUTOMOTRIZ CENTRAL #9118,16282.85,transporte
2025-09-05 13:54:42,COMPRA EPS SANITAS #7129,62549.55,salud
2025-12-08 12:26:00,tda administracion conjunto #4810,1530111.47,vivienda
2026-01-19 00:26:44,pos consultorio odontologico #4642,15753.99,salud
2026-06-13 21:38:14,pos acueducto agua,38456.94,servicios
2026-02-12 14:30:44,Oxxo #1750,22653.83,alimentacion
2026-01-28 12:04:40,COMPRA DROGUERIA CRUZ VERDE,42387.71,salud
2026-04-12 13:16:14,TDA EASY #3155,761745.19,vivienda
2026-05-12 09:16:21,tda carulla #5194,10936.08,alimentacion
2026-08-03 09:18:45,recarga celular claro,16859.98,servicios
2026-02-13 11:18:50,PAYMENT TRANSMILENIO CARD #1057,60837.74,transporte
2026-02-08 20:34:34,POS D1 #9123,73788.11,alimentacion
2026-05-25 02:00:04,POS CARULLA,34540.52,alimentacion
2025-09-30 09:16:50,pago en d1,44112.51,alimentacion
2026-06-15 20:44:43,pos uber,13838.11,transporte
2026-08-16 15:46:12,taller automotriz central,61140.21,transporte
2026-03-17 15:19:42,COMPRA Peaje Cundinamarca,15058.27,transporte
2026-01-17 02:05:32,PAGO EN Restaurante Don Jediondo #4767,43716.18,alimentacion
2025-12-21 01:19:09,PAGO EN MercadoLibre,69288.22,otras
2025-08-27 02:38:33,COMPRA TEXACO,8958.57,transporte
2026-02-09 15:03:21,TDA Netflix #7842,39781.31,ocio
2026-07-31 15:31:33,TDA MercadoLibre #2354,4767.32,otras
2026-07-31 07:51:31,PAYMENT D1 #6907,133748.13,alimentacion
2026-07-26 04:23:33,TDA Restaurante Don Jediondo #7800,26953.26,alimentacion
2025-09-21 10:58:49,COMPRA Farmatodo,37535.09,salud
2025-12-21 07:02:27,payment enel codensa luz #2076,8655.88,servicios
2026-04-26 07:36:55,Cajero Davivienda #7430,13977.52,otras
2026-06-22 18:14:04,compra gasolinera terpel,7073.95,transporte
2026-05-23 10:10:57,payment bar el cervecero,8731.11,ocio
2025-10-04 09:57:38,TDA JUMBO #4903,32537.59,alimentacion
2025-09-30 18:32:21,PAYMENT FARMATODO,140585.45,salud
2026-02-07 23:08:30,aut peaje cundinamarca #6398,21738.56,transporte
2026-01-05 09:19:21,PAGO EN ACUEDUCTO AGUA,32357.66,servicios
2026-03-08 20:46:34,payment transferencia nequi,7364.9,otras
2026-01-13 14:23:55,PAYMENT CINEMARK,7211.79,ocio
2026-06-20 15:43:12,POS Netflix #1991,47056.65,ocio
2026-04-12 03:22:28,PAYMENT Pension Colegio #7969,40853.95,educacion
2026-01-11 11:59:08,PAGO EN Pago Arriendo Apto #8663,1970356.31,vivienda
2026-01-12 05:57:34,drogas la rebaja #1943,37520.12,salud
2026-06-11 19:09:00,compra ferreteria el martillo #4897,730418.37,vivienda
2026-08-06 17:15:25,POS Inmobiliaria Bogota #1855,1386397.34,vivienda
2026-03-25 01:12:30,PAGO EN GASOLINERA TERPEL,56653.17,transporte
2026-07-18 11:08:07,POS Cabify #6075,16321.99,transporte
2025-10-19 09:33:03,PAGO EN ETB INTERNET #4115,21312.61,servicios
2025-10-25 21:36:14,PAGO EN SPOTIFY #1631,12846.87,ocio
2025-09-06 08:41:36,carulla #8270,47589.43,alimentacion
2025-12-15 01:47:34,aut eps sanitas,130670.49,salud
2026-05-28 00:02:44,PAGO EN RECARGA CELULAR CLARO #9140,26971.55,servicios
2025-12-07 14:04:28,AUT Estacion Texaco,31476.54,transporte
2025-10-26 14:39:14,cajero davivienda #3937,113364.06,otras
2026-08-01 09:27:45,POS MERCADOLIBRE #4353,32251.17,otras
2025-11-04 05:09:35,PANADERIA KUTY #2734,46598.44,alimentacion
2026-04-16 05:07:40,compra recarga celular claro #4895,10814.61,servicios
2025-08-22 04:13:46,payment steam games,2118.55,ocio
2026-02-26 16:40:13,pos oxxo #547,49548.17,alimentacion
2026-03-16 12:14:34,PAYMENT Restaurante Don Jediondo #6395,33662.53,alimentacion
2026-04-10 13:15:57,tda mercadolibre,13163.69,otras
2025-11-17 19:37:55,POS D1 #5128,44126.87,alimentacion
2026-04-03 03:02:22,PAYMENT Jumbo #1294,34602.35,alimentacion
2026-02-18 04:24:07,TDA PLAYSTATION NETWORK #916,29420.48,ocio
2026-01-23 17:19:58,PAGO EN DROGAS LA REBAJA,53891.17,salud
2025-09-17 06:33:08,PAYMENT Movistar Factura #8557,17185.93,servicios
2026-04-07 11:48:07,PAYMENT RAPPI COMIDA #2329,80188.31,alimentacion
2025-11-20 11:20:13,COMPRA ETB Internet #1207,23616.98,servicios
2025-12-03 10:38:43,COMPRA Administracion Conjunto,1000411.54,vivienda
2026-04-18 13:45:06,PAYMENT VANTI GAS NATURAL,20202.34,servicios
2026-07-01 22:31:49,AUT Farmatodo #8356,23985.16,salud
2025-09-05 10:24:04,TDA McDonalds,38845.0,alimentacion
2025-10-14 00:17:33,tda acueducto agua #1042,27111.06,servicios
2026-04-28 03:25:36,pago en spotify #516,18692.52,ocio
2025-08-31 16:42:36,COMPRA EPS Sanitas #1473,36478.91,salud
2026-07-15 00:42:38,PAYMENT Playstation Network,3694.31,ocio
2026-05-03 11:18:12,TDA SPOTIFY,9868.06,ocio
2026-07-08 21:18:20,TDA Transferencia Nequi #9854,48718.71,otras
2025-12-11 08:07:18,pago en papeleria comercial #2701,16360.48,otras
2026-08-09 21:03:07,compra gasolinera terpel,14447.19,transporte
2025-09-05 11:27:01,COMPRA Optica HP #6693,145076.16,salud
2026-01-26 08:45:54,TDA EPS Sanitas #1077,22400.3,salud
2025-10-19 02:11:53,COMPRA Consultorio Odontologico #1843,8981.45,salud
2025-12-05 21:03:49,tda cajero davivienda,18757.87,otras
2026-05-01 02:42:31,POS Taller Automotriz Central #1037,11663.78,transporte
2026-05-16 05:29:24,AUT LABORATORIO SYNLAB #4834,16934.85,salud
2026-03-27 16:30:19,AUT ACUEDUCTO AGUA #6240,24216.1,servicios
2025-10-25 08:06:44,AUT Peaje Cundinamarca #9676,28067.15,transporte
2026-06-04 10:45:05,POS Farmatodo,48522.49,salud
2026-01-04 07:38:47,PAGO EN CARULLA #6612,46424.6,alimentacion
2025-09-22 14:26:41,payment gasolinera terpel #1270,92232.42,transporte
2025-12-20 19:21:45,d1,27603.47,alimentacion
2026-08-01 00:01:43,homecenter #5710,861998.82,vivienda
2026-07-01 23:51:59,aut ara #3126,24164.24,alimentacion
2026-06-07 23:38:12,PAGO EN DAVIPLATA ENVIO,9448.77,otras
2026-07-10 22:39:37,INMOBILIARIA BOGOTA,513525.73,vivienda
2025-09-11 15:35:52,PAYMENT Udemy Online,55575.05,educacion
2026-02-16 06:46:33,COMPRA RESTAURANTE DON JEDIONDO,48415.76,alimentacion
2025-10-03 19:47:02,pago en enel codensa luz #5831,110133.16,servicios
2026-07-17 04:42:27,TDA Cinemark,8093.12,ocio
2025-12-23 06:53:27,PAYMENT Pago Arriendo Apto,568084.14,vivienda
2026-01-25 02:56:53,AUT DAVIPLATA ENVIO,20679.06,otras
2025-11-06 22:20:44,COMPRA PEAJE CUNDINAMARCA #882,25750.75,transporte
2025-11-06 14:56:28,COMPRA Recarga Celular Claro,31512.21,servicios
2025-09-09 00:45:52,tda amazon marketplace #2912,79546.4,otras
2026-03-27 07:58:19,tda laboratorio synlab #3465,3398.09,salud
2026-04-18 16:57:01,TDA COURSERA COURSE,5628.98,educacion
2025-09-20 11:35:10,pos papeleria comercial #9047,13414.91,otras
2026-05-25 15:18:18,TDA McDonalds #6053,87364.14,alimentacion
2026-04-09 07:23:04,pos jumbo #1792,10378.4,alimentacion
2025-12-06 23:13:28,POS Laboratorio Synlab #1373,1792.93,salud
2026-04-10 21:17:16,aut pension colegio #4344,195910.91,educacion
2025-11-26 06:39:07,COMPRA CREPES AND WAFFLES #2670,44131.35,alimentacion
2026-03-28 19:09:48,COMPRA PAGO ARRIENDO APTO #2848,379221.2,vivienda
2026-01-01 20:35:49,COMPRA Gasolinera Terpel,7428.02,transporte
2026-04-13 00:02:33,BAR EL CERVECERO,6776.25,ocio
2026-02-26 05:11:58,PAGO EN ADMINISTRACION CONJUNTO #647,779432.36,vivienda
2026-05-27 14:56:21,AUT Acueducto Agua,18475.69,servicios
2026-02-26 17:43:42,Libreria Panamericana #3272,178595.13,educacion
2026-06-27 05:22:04,COMPRA PAGO ARRIENDO APTO #4135,131560.75,vivienda
2026-07-26 14:47:14,PAYMENT LABORATORIO SYNLAB #8904,19100.37,salud
2025-11-15 19:34:04,COMPRA Inmobiliaria Bogota,371152.25,vivienda
2025-12-08 05:59:23,COMPRA MATRICULA UNIMINUTO,72576.12,educacion
2025-08-18 01:10:48,pago en boletas tuboleto,9167.01,ocio
2025-08-26 18:01:05,pos drogueria cruz verde #8233,117904.25,salud
2026-04-17 08:09:41,PAYMENT TALLER AUTOMOTRIZ CENTRAL #6189,3383.27,transporte
2026-05-30 20:08:54,payment gasolinera terpel #4494,18787.41,transporte
2026-06-23 22:55:29,PAGO EN Homecenter,1019682.49,vivienda
2026-01-25 11:05:46,PAYMENT FARMATODO #3853,377872.52,salud
2025-09-04 02:27:46,TDA Spotify #7039,9535.37,ocio
2025-12-31 05:25:10,pago en udemy online #8434,145706.61,educacion
2026-06-26 11:18:54,PAYMENT Enel Codensa Luz #2424,9115.05,servicios
2025-11-07 21:34:40,PAYMENT RECARGA CELULAR CLARO,6404.95,servicios
2026-04-23 05:26:25,AUT Crepes and Waffles #8833,71383.32,alimentacion
2026-05-12 09:52:12,PAGO EN Netflix #2823,13307.83,ocio
2025-11-24 05:47:17,TDA CABIFY #5537,52086.52,transporte
2025-12-14 23:05:35,PAGO EN CINEMARK #2386,5108.28,ocio
2026-03-02 05:08:04,COMPRA DIDI RIDE,28793.7,transporte
2025-12-21 05:38:02,AUT AMAZON MARKETPLACE #2388,142745.39,otras
2025-09-30 15:28:49,TDA Drogas La Rebaja,77782.84,salud
2025-12-24 20:52:00,aut drogueria cruz verde #4267,66452.3,salud
2026-01-18 05:53:32,AUT CINEMARK #221,13439.98,ocio
2026-03-26 09:10:41,POS Amazon Marketplace #6362,4578.46,otras
2025-08-28 17:50:19,compra pago arriendo apto,1645152.69,vivienda
2025-10-31 18:48:04,POS ENEL CODENSA LUZ #1036,18647.84,servicios
2026-07-07 06:15:36,AUT Papeleria Comercial,36478.68,otras
2026-08-10 14:42:55,AUT Matricula Uniminuto #8348,15128.85,educacion
2026-02-19 12:03:27,SPOTIFY,5851.06,ocio
2026-06-23 01:23:40,TDA BOLETAS TUBOLETO,36481.52,ocio
2026-04-25 04:21:35,tda drogueria cruz verde #6619,33455.37,salud
2026-02-20 10:18:30,PAGO EN Drogas La Rebaja,242462.67,salud
2026-04-18 00:22:38,POS BAR EL CERVECERO,12647.8,ocio
2026-07-29 21:01:52,COMPRA FARMATODO,6463.41,salud
2026-07-31 09:06:17,COMPRA TRANSMILENIO CARD #6747,40249.82,transporte
2026-02-13 00:58:42,compra udemy online #3191,48636.48,educacion
2026-08-12 18:04:27,TDA Pension Colegio #2877,228302.45,educacion
2025-09-08 04:36:37,POS ADMINISTRACION CONJUNTO #9494,740533.77,vivienda
2025-12-11 16:31:51,aut supermercado exito,10567.15,alimentacion
2026-05-25 23:36:02,tda optica hp #2301,58731.07,salud
2025-12-17 23:08:40,Ara,210444.77,alimentacion
2026-03-13 13:15:34,PAGO EN CREPES AND WAFFLES #3132,53873.24,alimentacion
2025-11-06 07:35:30,pos libreria panamericana #3894,92132.1,educacion
2026-05-10 15:42:20,AUT Carulla #6174,85842.95,alimentacion
2026-06-23 22:39:15,COMPRA FARMATODO #7696,61804.74,salud
2025-09-12 03:35:42,homecenter #866,827132.8,vivienda
2025-12-04 08:31:18,COMPRA RESTAURANTE DON JEDIONDO #710,15164.31,alimentacion
2025-12-27 03:34:28,POS Udemy Online,130694.48,educacion
2026-04-17 17:56:57,PAYMENT RAPPI COMIDA,83146.11,alimentacion
2026-07-10 14:14:09,AUT EASY,441689.63,vivienda
2026-03-27 04:22:46,PAGO EN CREPES AND WAFFLES #2942,113504.37,alimentacion
2026-01-15 17:27:57,payment recarga celular claro,25462.86,servicios
2026-04-05 14:02:07,POS Easy #3347,428196.85,vivienda
2026-07-19 05:02:32,tda gasolinera terpel,44261.43,transporte
2026-05-18 08:00:08,POS LIBRERIA PANAMERICANA,69971.75,educacion
2026-05-20 02:38:00,POS Easy #4622,1150502.01,vivienda
2025-11-30 20:59:03,tda matricula uniminuto #3027,69556.15,educacion
2025-09-20 03:27:32,PAGO EN Acueducto Agua #6984,25954.6,servicios
2026-07-24 01:07:54,McDonalds,53897.97,alimentacion
2026-01-08 17:51:17,AUT Pension Colegio,139955.03,educacion
2026-07-05 13:32:56,PAYMENT RECARGA CELULAR CLARO #5673,8124.84,servicios
2025-11-09 09:00:52,pos transferencia nequi,7177.86,otras
2025-12-12 20:15:20,PAGO EN PAGO ARRIENDO APTO,1273966.72,vivienda
2025-09-30 00:30:58,AUT DROGAS LA REBAJA #5140,42389.24,salud
2026-06-18 06:39:11,MATRICULA UNIMINUTO #3688,52655.31,educacion
2026-06-15 11:58:36,enel codensa luz #6468,11906.69,servicios
2026-08-07 03:31:11,MERCADOLIBRE,7482.06,otras
2026-02-05 18:43:09,PAGO EN COURSERA COURSE,8724.07,educacion
2025-08-27 02:51:14,aut eps sanitas #4701,43852.68,salud
2026-08-03 21:14:39,AUT FARMATODO #4461,25380.05,salud
2025-10-16 06:33:14,AUT Supermercado Exito #8306,16759.65,alimentacion
2025-12-27 12:33:17,TDA PLAYSTATION NETWORK,12737.6,ocio
2026-05-28 21:17:25,pago en etb internet #9766,33469.25,servicios
2025-12-15 23:11:52,CREPES AND WAFFLES #8843,193795.42,alimentacion
2025-10-12 02:03:05,PAGO EN Recarga Celular Claro #6826,10860.31,servicios
2026-07-02 17:19:52,PAYMENT PENSION COLEGIO #8661,396827.62,educacion
2026-05-07 05:54:26,POS HOMECENTER #6246,1307805.29,vivienda
2025-11-05 02:55:38,PAPELERIA COMERCIAL #6909,10106.23,otras
2025-08-31 15:08:21,COMPRA VANTI GAS NATURAL,30392.21,servicios
2026-01-14 23:01:44,AUT Homecenter,554277.12,vivienda
2026-07-19 07:03:37,tda cabify #1527,21314.01,transporte
2025-10-01 10:06:52,compra supermercado exito #2835,121455.69,alimentacion
2025-12-16 05:00:03,GASOLINERA TERPEL #5580,31102.57,transporte
2026-05-11 06:14:12,PAPELERIA COMERCIAL,36629.47,otras
2026-07-22 00:54:35,PAGO EN PENSION COLEGIO #7118,58901.91,educacion
2025-12-24 20:55:50,TDA D1 #4474,11078.42,alimentacion
2026-07-28 18:15:29,pos pago arriendo apto #7309,643655.6,vivienda
2025-09-26 11:25:58,PAYMENT McDonalds,95347.8,alimentacion
2026-06-10 23:45:42,compra transmilenio card #3104,4562.15,transporte
2026-06-02 23:31:07,tda mercadolibre #1431,7668.76,otras
2025-08-26 03:58:34,TDA MERCADOLIBRE #5491,24990.92,otras
2026-06-08 00:07:11,payment cinepolis #3462,6705.89,ocio
2026-04-22 12:57:59,tda administracion conjunto,453380.01,vivienda
2025-12-20 01:16:00,POS AMAZON MARKETPLACE,14420.43,otras
2025-10-31 05:06:01,CINEPOLIS,5136.2,ocio
2025-12-02 21:00:20,FARMATODO #7561,16788.78,salud
2025-12-19 09:08:11,etb internet #6677,41029.92,servicios
2026-05-05 01:46:28,PAYMENT Transferencia Nequi #3160,5958.83,otras
2025-12-01 07:45:59,peaje cundinamarca #342,4280.89,transporte
2025-10-17 14:24:51,optica hp #1412,24513.33,salud
2025-09-30 21:17:35,POS EPS Sanitas #6959,109661.22,salud
2026-04-16 08:42:46,payment pago arriendo apto #199,648130.22,vivienda
2026-03-05 01:50:15,PAGO EN COURSERA COURSE #9722,56528.64,educacion
2025-11-05 15:53:08,tda d1,37627.37,alimentacion
2025-12-31 11:38:48,TDA Inmobiliaria Bogota,255908.58,vivienda
2025-12-19 02:56:22,TDA LIBRERIA PANAMERICANA,178732.72,educacion
2025-10-11 09:51:00,platzi subscripcion #6957,156392.17,educacion
2026-06-25 16:17:40,COMPRA Acueducto Agua #5670,21044.93,servicios
2026-03-28 09:17:09,POS DAVIPLATA ENVIO #8791,60229.92,otras
2025-10-22 22:50:36,AUT Pension Colegio,25514.56,educacion
2025-12-16 08:41:39,libreria panamericana #989,382120.31,educacion
2026-07-29 22:45:12,tda taller automotriz central #6887,20723.93,transporte
2026-03-15 08:59:19,tda mcdonalds #4541,27743.53,alimentacion
2025-09-06 03:14:50,TDA CABIFY #948,17714.06,transporte
2025-08-28 16:40:35,TDA Coursera Course,86793.09,educacion
2026-08-03 05:44:25,POS Cabify #7452,54081.89,transporte
2025-09-06 00:43:44,POS Taller Automotriz Central,6843.05,transporte
2026-01-13 09:51:10,PAGO EN ETB INTERNET #885,17025.86,servicios
2025-09-19 21:08:15,TDA Restaurante Don Jediondo,83203.3,alimentacion
2026-01-16 15:22:26,COMPRA TALLER AUTOMOTRIZ CENTRAL #8762,10551.45,transporte
2026-05-18 02:30:58,COMPRA Acueducto Agua,46180.82,servicios
2026-07-29 13:44:18,PAGO EN COURSERA COURSE,758670.76,educacion
2026-04-18 21:32:13,COMPRA Rappi Comida #9593,26332.63,alimentacion
2026-05-16 01:00:14,TDA CONSULTORIO ODONTOLOGICO #4615,103725.01,salud
2026-04-13 18:55:13,pos acueducto agua #9804,13464.13,servicios
2025-12-16 18:36:10,compra recarga celular claro,42312.59,servicios
2026-06-30 21:33:23,AUT Drogueria Cruz Verde #2286,61044.99,salud
2026-05-21 07:08:32,POS Ferreteria El Martillo #2970,968809.2,vivienda
2026-06-27 17:39:57,TDA MOVISTAR FACTURA,18263.44,servicios
2025-09-16 22:32:35,PAGO EN PENSION COLEGIO,13449.54,educacion
2026-03-25 22:37:29,pago en consultorio odontologico #8651,85269.94,salud
2025-09-22 12:29:11,POS Transferencia Nequi #4937,2797.82,otras
2026-02-15 07:05:34,COMPRA DROGAS LA REBAJA,34575.98,salud
2026-02-10 08:47:50,POS Acueducto Agua #2659,47320.98,servicios
2026-05-10 06:14:31,COMPRA Cajero Davivienda #9132,26686.09,otras
2026-05-20 06:08:13,Amazon Marketplace,154560.77,otras
2026-02-16 04:15:01,payment ferreteria el martillo,1349258.16,vivienda
2025-11-12 08:21:37,PAGO EN OPTICA HP #5314,23877.98,salud
2026-07-17 20:26:38,PAGO EN MATRICULA UNIMINUTO #7061,102004.89,educacion
2025-11-25 15:40:15,Transmilenio Card #6116,17281.06,transporte
2026-01-16 16:52:00,POS Libreria Panamericana,14785.29,educacion
2026-05-16 03:19:33,AUT Coursera Course #5871,31937.03,educacion
2025-12-23 17:19:28,COMPRA Amazon Marketplace #4629,12572.15,otras
2026-02-09 11:20:57,COMPRA Vanti Gas Natural,7928.88,servicios
2025-08-29 04:31:37,pos homecenter #7695,750500.86,vivienda
2026-02-18 00:52:56,aut enel codensa luz #6208,23168.69,servicios
2025-12-31 22:06:39,COMPRA Papeleria Comercial #927,4134.44,otras
2026-02-12 13:31:44,AUT Laboratorio Synlab #2816,76468.5,salud
2025-12-05 01:16:27,PAYMENT Drogueria Cruz Verde #1290,107738.26,salud
2026-04-09 04:14:10,COMPRA MOVISTAR FACTURA,30829.3,servicios
2025-10-05 21:50:35,TDA Laboratorio Synlab,34321.42,salud
2025-09-26 09:50:33,PAGO EN Pago Arriendo Apto,1040139.39,vivienda
2026-06-30 22:35:24,aut acueducto agua #8217,40462.55,servicios
2026-06-22 20:45:56,DROGAS LA REBAJA #5033,68743.94,salud
2025-12-21 23:46:15,COMPRA Coursera Course #4220,36697.55,educacion
2026-04-26 15:46:15,PAGO EN Inmobiliaria Bogota #8748,861095.3,vivienda
2026-06-21 04:26:12,COMPRA ESTACION TEXACO #580,52888.04,transporte
2026-03-12 07:59:36,PAGO EN Didi Ride #7741,10541.06,transporte
2026-01-20 02:19:31,AUT Optica HP,492738.2,salud
2026-01-25 00:00:10,TDA Libreria Panamericana,52535.42,educacion
2026-04-15 13:25:04,AUT LIBRERIA PANAMERICANA #5023,102630.29,educacion
2026-03-18 05:42:00,FERRETERIA EL MARTILLO #5365,487238.32,vivienda
2026-02-20 18:30:09,pos daviplata envio #8949,27536.59,otras
2025-09-12 02:10:05,PAGO EN BOLETAS TUBOLETO #2318,3945.95,ocio
2025-11-06 07:21:54,aut oxxo,23462.68,alimentacion
2026-04-03 22:41:11,COMPRA RESTAURANTE DON JEDIONDO #3903,15158.29,alimentacion
2026-06-18 00:46:51,PAYMENT Amazon Marketplace,25218.63,otras
2026-03-25 17:14:11,AUT Coursera Course #9412,325571.33,educacion
2026-03-16 21:48:12,PANADERIA KUTY #8848,60888.83,alimentacion
2025-11-17 03:33:46,PAYMENT CARULLA,5446.2,alimentacion
2026-05-01 18:26:19,AUT Rappi Comida #1746,186028.6,alimentacion
2025-09-16 16:28:24,PAGO EN ACUEDUCTO AGUA,32117.87,servicios
2026-08-13 22:43:09,pago en matricula uniminuto #5135,38878.67,educacion
2026-03-28 10:16:03,pago en estacion texaco #1288,20773.12,transporte
2025-09-30 20:00:40,AUT PAPELERIA COMERCIAL #6730,26270.18,otras
2026-04-05 22:16:16,PAYMENT RAPPI COMIDA #2878,21301.25,alimentacion
2025-12-21 19:11:19,COMPRA Cinepolis #9530,15344.95,ocio
2025-09-24 08:38:43,COMPRA Drogueria Cruz Verde,25129.07,salud
2025-10-24 20:30:20,aut uber #3540,12532.42,transporte
2026-01-22 00:42:59,TDA Administracion Conjunto #4915,483222.51,vivienda
2026-04-06 18:37:29,platzi subscripcion #9110,17690.7,educacion
2026-05-10 15:50:56,payment udemy online #8857,117595.23,educacion
2026-06-12 23:53:10,COMPRA Optica HP #1176,93323.7,salud
2025-12-22 14:06:39,PAYMENT Rappi Comida #1268,54825.29,alimentacion
2026-04-24 22:10:45,RESTAURANTE DON JEDIONDO,69978.28,alimentacion
2025-09-10 07:30:03,COMPRA PAPELERIA COMERCIAL,30465.2,otras
2025-11-09 22:44:01,PAGO EN Cinemark #3255,9201.23,ocio
2026-07-28 00:19:18,crepes and waffles #5900,71092.07,alimentacion
2026-08-03 05:24:04,AUT Bar El Cervecero,5165.4,ocio
2026-06-27 22:41:42,Cabify #4544,8017.61,transporte
2026-06-07 10:55:14,PAGO EN ETB Internet #2016,15085.36,servicios
2026-05-01 02:18:21,PAYMENT PANADERIA KUTY,86167.2,alimentacion
2026-02-09 08:28:21,AUT Matricula Uniminuto #306,306001.79,educacion
2025-12-08 15:27:08,POS Steam Games #401,18790.63,ocio
2026-04-13 11:59:36,FERRETERIA EL MARTILLO,1387699.53,vivienda
2026-02-07 02:16:34,pos transmilenio card,8173.44,transporte
2025-11-05 07:21:02,Movistar Factura,33161.91,servicios
2026-07-24 04:38:31,pago en ferreteria el martillo,676640.47,vivienda
2025-12-11 20:10:50,pago en etb internet,44717.91,servicios
2026-06-21 22:17:32,PAYMENT PANADERIA KUTY #303,33117.62,alimentacion
2025-12-13 17:03:28,AUT NETFLIX,10204.05,ocio
2026-05-23 04:44:38,TDA ENEL CODENSA LUZ #9935,37217.9,servicios
2025-09-21 02:39:50,COMPRA EASY #6940,1233913.64,vivienda
2025-08-20 14:07:18,AUT D1,21275.76,alimentacion
2026-03-03 15:56:25,AUT Restaurante Don Jediondo,34583.76,alimentacion
2026-07-12 14:59:31,pos vanti gas natural #9248,14256.04,servicios
2026-07-14 12:22:09,compra crepes and waffles #2024,4922.4,alimentacion
2025-09-10 16:09:12,transmilenio card,21599.25,transporte
2026-08-02 09:04:45,POS Pension Colegio #2479,204983.84,educacion
2025-09-07 01:37:38,pos recarga celular claro #4616,31484.17,servicios
2026-05-17 14:10:50,COMPRA OXXO,7633.87,alimentacion
2026-07-02 04:25:12,AUT TEXACO,13150.77,transporte
2025-09-29 00:54:26,TDA PAPELERIA COMERCIAL,2396.23,otras
2026-07-19 15:09:50,aut spotify,34849.39,ocio
2025-11-16 19:03:05,PAGO EN AMAZON MARKETPLACE #4663,7434.94,otras
2026-05-17 03:37:38,TDA Restaurante Don Jediondo,99143.43,alimentacion
2026-01-17 13:17:31,PAYMENT INMOBILIARIA BOGOTA,1286610.48,vivienda
2025-12-18 23:36:23,tda cabify #4561,8018.2,transporte
2026-01-13 02:18:10,PAYMENT AMAZON MARKETPLACE #6775,7095.49,otras
2026-01-12 14:53:20,POS BOLETAS TUBOLETO #322,17073.1,ocio
2026-03-17 03:19:13,TDA RECARGA CELULAR CLARO #369,16210.36,servicios
2026-05-01 17:16:35,payment mercadolibre #6461,24403.57,otras
2026-02-17 20:34:02,OXXO #3974,24679.74,alimentacion
2025-10-29 12:50:46,PAYMENT MOVISTAR FACTURA,9240.07,servicios
2026-01-13 19:07:50,AUT CONSULTORIO ODONTOLOGICO,4215.34,salud
2026-07-09 15:27:52,enel codensa luz #9029,30822.82,servicios
2025-10-16 08:19:13,AUT D1 #2037,23173.25,alimentacion
2026-07-22 08:55:52,TDA D1 #6077,23330.76,alimentacion
2025-10-05 04:38:52,COMPRA Platzi Subscripcion,227529.82,educacion
2025-08-21 22:35:25,AUT CAJERO DAVIVIENDA #9888,71213.83,otras
2026-04-26 05:52:14,payment estacion texaco #8839,14111.0,transporte
2025-10-12 08:35:02,PAYMENT Optica HP #8177,33702.98,salud
2026-07-27 02:12:19,Steam Games #9775,18960.25,ocio
2026-04-29 22:45:58,PAGO EN Oxxo,12264.34,alimentacion
2025-10-09 03:58:00,PAGO EN LIBRERIA PANAMERICANA,129027.86,educacion
2025-10-09 17:25:50,AUT TEXACO #9292,29634.59,transporte
2026-06-26 10:21:55,TDA ENEL CODENSA LUZ #3562,40462.79,servicios
2026-07-17 11:38:59,PAYMENT PLATZI SUBSCRIPCION,9661.43,educacion
2026-07-30 11:14:14,LABORATORIO SYNLAB,21215.96,salud
2026-04-09 04:08:10,PAYMENT MERCADOLIBRE #6774,9152.08,otras
2026-04-16 11:32:30,POS Homecenter,774468.43,vivienda
2026-02-09 21:42:26,PAYMENT COURSERA COURSE #271,175763.3,educacion
2026-01-29 03:34:24,payment optica hp,254328.36,salud
2026-07-01 22:03:52,PAGO EN FARMATODO,28439.6,salud
2026-01-13 20:14:45,pos cinepolis #3361,9430.45,ocio
2025-11-13 02:30:10,compra taller automotriz central,50751.92,transporte
2026-01-29 09:36:20,PAYMENT PEAJE CUNDINAMARCA,23550.9,transporte
2025-08-20 07:41:51,AUT OXXO #1113,100119.65,alimentacion
2026-02-26 21:36:15,pago en drogas la rebaja #4118,67346.14,salud
2025-11-17 09:06:52,AUT Udemy Online #6250,24623.59,educacion
2026-02-28 06:53:47,POS SPOTIFY,5254.34,ocio
2026-01-23 23:43:51,POS MERCADOLIBRE #7640,4668.01,otras
2026-03-29 06:26:17,tda transmilenio card #6618,32723.43,transporte
2025-08-30 10:19:56,PAYMENT LIBRERIA PANAMERICANA #7139,410986.72,educacion
2026-03-26 01:58:58,COMPRA Transmilenio Card #5380,95265.78,transporte
2026-05-18 04:25:35,tda cajero davivienda,51180.06,otras
2025-09-30 09:12:48,TDA Oxxo #3143,92066.91,alimentacion
2026-02-20 10:39:25,amazon marketplace,12332.38,otras
2025-09-17 12:41:14,inmobiliaria bogota,364452.14,vivienda
2026-05-28 00:16:00,AUT DROGUERIA CRUZ VERDE #8109,124877.34,salud
2026-03-09 20:55:25,tda pago arriendo apto,937159.2,vivienda
2026-02-13 23:57:56,COMPRA EASY #6733,777988.19,vivienda
2025-09-16 19:38:39,JUMBO #2285,49508.38,alimentacion
2026-07-29 01:03:30,PAYMENT Optica HP,69947.77,salud
2025-09-20 18:49:29,aut amazon marketplace,79524.22,otras
2026-02-16 22:00:46,payment pension colegio #3979,466952.45,educacion
2026-06-01 11:27:38,tda farmatodo #5640,89200.54,salud
2026-05-04 03:20:25,COMPRA JUMBO,71442.08,alimentacion
2026-05-10 02:28:37,TDA DIDI RIDE,28642.77,transporte
2026-03-14 20:07:38,pago arriendo apto,553102.25,vivienda
2025-12-16 19:09:12,compra pension colegio,244721.87,educacion
2025-09-06 22:20:12,COMPRA TRANSMILENIO CARD,5140.75,transporte
2026-03-13 05:18:59,CAJERO DAVIVIENDA #1477,63189.38,otras
2026-02-15 12:37:08,PAGO EN LIBRERIA PANAMERICANA #6473,23542.73,educacion
2026-03-04 12:48:41,PAYMENT CAJERO DAVIVIENDA #1237,29313.5,otras
2026-03-28 08:11:21,POS Inmobiliaria Bogota #6544,439286.73,vivienda
2025-12-24 04:22:45,TDA Pago Arriendo Apto #7186,1016660.09,vivienda
2026-01-01 11:50:48,PAYMENT FARMATODO #7749,47225.17,salud
2025-12-07 18:03:47,TDA Peaje Cundinamarca #653,4292.91,transporte
2025-08-31 03:42:33,TDA ENEL CODENSA LUZ #7357,34628.07,servicios
2026-08-10 20:09:56,COMPRA CINEPOLIS #666,8914.69,ocio
2026-06-04 11:35:41,AUT NETFLIX #5084,24755.49,ocio
2026-05-26 18:18:44,tda matricula uniminuto,98872.94,educacion
2025-11-26 13:57:03,POS LIBRERIA PANAMERICANA #8227,158657.84,educacion
2026-04-18 19:56:47,vanti gas natural,15145.5,servicios
2026-03-29 23:06:37,PAYMENT Vanti Gas Natural #9425,18890.24,servicios
2026-03-27 21:53:13,POS MOVISTAR FACTURA,20431.17,servicios
2026-04-29 07:47:22,movistar factura #5946,44982.17,servicios
2026-06-27 13:54:00,PAYMENT ENEL CODENSA LUZ,73601.91,servicios
2026-04-16 21:30:04,PAGO EN CAJERO DAVIVIENDA #9704,9846.08,otras
2025-12-06 19:45:38,tda ferreteria el martillo,1391800.63,vivienda
2025-09-18 11:29:43,Coursera Course #9909,7305.53,educacion
2026-03-01 18:56:32,AUT Recarga Celular Claro,13140.92,servicios
2026-07-14 02:29:23,CINEPOLIS #3500,6828.46,ocio
2025-11-23 07:43:49,PAGO EN Vanti Gas Natural #2259,11950.1,servicios
2026-04-13 14:05:46,POS Udemy Online #2671,14760.26,educacion
2025-12-02 07:39:15,pago en texaco,26152.47,transporte
2025-08-22 22:49:35,PAGO EN SPOTIFY #1299,11500.58,ocio
2025-09-29 18:09:38,TDA Amazon Marketplace,32189.82,otras
2025-10-24 05:57:50,COMPRA Farmatodo,104769.71,salud
2026-05-31 10:07:07,PAGO EN UDEMY ONLINE #2747,135773.1,educacion
2026-04-30 10:13:15,AUT PAPELERIA COMERCIAL,42521.42,otras
2026-01-08 00:55:17,compra farmatodo #9046,45411.22,salud
2025-11-26 21:29:44,TDA OXXO #4853,14050.39,alimentacion
2025-11-17 03:57:00,tda mcdonalds #3375,84647.54,alimentacion
2025-10-26 15:42:31,tda coursera course #5112,48682.04,educacion
2026-07-18 05:00:06,POS UDEMY ONLINE,32121.61,educacion
2025-12-28 14:01:11,payment etb internet,24179.23,servicios
2025-10-12 18:35:51,TDA Movistar Factura #160,15557.74,servicios
2026-08-15 03:24:50,COMPRA DAVIPLATA ENVIO #2055,14509.66,otras
2026-07-08 17:34:31,compra crepes and waffles #6394,47822.1,alimentacion
2026-06-05 18:41:19,PAYMENT Carulla #5320,47986.42,alimentacion
2026-06-12 14:47:35,PAGO EN Enel Codensa Luz #8664,15698.21,servicios
2025-11-17 20:16:33,Bar El Cervecero,9495.81,ocio
2026-02-04 09:15:59,COMPRA CINEMARK #7160,28340.1,ocio
2026-04-22 01:04:17,payment supermercado exito #5630,54020.57,alimentacion
2025-11-07 07:46:20,ACUEDUCTO AGUA #1041,93436.66,servicios
2026-05-29 15:11:11,PAGO EN VANTI GAS NATURAL #1845,54615.71,servicios
2025-09-07 12:47:52,pago en platzi subscripcion #8493,389707.48,educacion
2025-11-28 02:47:22,POS CAJERO DAVIVIENDA #3404,5497.95,otras
2025-09-06 19:59:48,PAYMENT Acueducto Agua #3923,42544.94,servicios
2026-02-13 15:22:39,TDA Transferencia Nequi #425,20887.23,otras
2026-02-18 09:14:54,POS MOVISTAR FACTURA,19329.95,servicios
2026-02-18 09:34:05,COMPRA PENSION COLEGIO #6837,120767.01,educacion
2026-06-05 15:34:51,TDA OXXO #8860,77355.68,alimentacion
2025-11-16 04:19:34,POS LIBRERIA PANAMERICANA #9576,180051.45,educacion
2026-05-09 21:13:10,pos etb internet,15881.59,servicios
2026-01-15 22:09:55,PAYMENT MERCADOLIBRE #4568,46279.71,otras
2025-11-27 10:17:19,PAGO EN LABORATORIO SYNLAB #6040,24310.26,salud
2026-03-11 10:31:26,pos coursera course #792,128029.98,educacion
2025-08-22 01:00:59,BOLETAS TUBOLETO,10803.82,ocio
2026-08-12 12:47:07,pago en crepes and waffles #3749,30482.47,alimentacion
2026-01-12 18:58:52,AUT Oxxo,67036.62,alimentacion
2025-12-18 00:52:34,TDA JUMBO,15801.26,alimentacion
2026-05-09 15:18:48,COMPRA Platzi Subscripcion,1018899.92,educacion
2025-09-24 05:56:46,pos d1 #8790,8460.23,alimentacion
2026-04-21 23:40:07,aut drogas la rebaja #387,25401.55,salud
2026-07-11 07:19:31,POS Pension Colegio #9332,153930.16,educacion
2026-04-11 12:34:58,PAGO EN AMAZON MARKETPLACE #7641,39510.2,otras
2026-07-16 18:53:59,TDA Cinemark #8512,12452.38,ocio
2025-12-25 12:34:03,AUT LIBRERIA PANAMERICANA,92146.15,educacion
2025-11-29 03:53:01,AUT Optica HP #8619,77003.42,salud
2025-11-24 14:25:22,aut matricula uniminuto #4109,74810.73,educacion
2026-04-01 07:22:03,PAYMENT Pago Arriendo Apto #6007,1682697.56,vivienda
2026-02-12 12:17:18,AUT ETB INTERNET,44516.25,servicios
2026-06-04 08:28:42,PAGO EN VANTI GAS NATURAL,45419.4,servicios
2026-05-29 14:44:32,TDA DAVIPLATA ENVIO #6700,8382.01,otras
2026-04-03 01:45:11,TDA EASY,695486.55,vivienda
2026-03-07 08:45:06,transmilenio card,13760.82,transporte
2026-05-07 15:14:09,Drogas La Rebaja #6350,16217.38,salud
2025-10-26 07:23:23,payment steam games,17190.55,ocio
2026-03-18 02:33:50,COMPRA McDonalds #7639,23620.81,alimentacion
2026-05-05 17:24:46,PAYMENT Easy #8334,1080832.68,vivienda
2026-07-06 10:21:10,COMPRA JUMBO #9491,15426.57,alimentacion
2025-08-22 01:56:00,enel codensa luz #8982,75465.01,servicios
2025-09-24 09:03:48,TDA TRANSFERENCIA NEQUI,8988.2,otras
2025-09-26 18:55:51,AUT AMAZON MARKETPLACE #4351,27427.52,otras
2026-02-06 14:55:39,payment amazon marketplace #3418,48623.36,otras
2025-11-10 15:33:12,AUT TRANSMILENIO CARD,10790.52,transporte
2025-12-05 10:57:52,COMPRA PAPELERIA COMERCIAL #1186,51661.53,otras
2025-10-31 10:04:36,payment cabify,5965.42,transporte
2025-08-26 15:20:57,AUT Platzi Subscripcion,563848.7,educacion
2025-09-22 03:23:59,PAYMENT MOVISTAR FACTURA,27132.55,servicios
2026-08-16 21:56:59,aut coursera course #3464,48257.49,educacion
2026-04-29 10:27:07,TDA DROGUERIA CRUZ VERDE #1398,35273.95,salud
2026-04-07 05:07:04,POS ETB INTERNET #9973,43710.85,servicios
2025-10-03 17:36:40,aut cinemark,8874.0,ocio
2025-10-03 00:42:45,tda laboratorio synlab,21497.81,salud
2026-07-16 01:03:07,etb internet,23554.64,servicios
2025-10-06 21:16:06,OPTICA HP #8102,13431.28,salud
2026-04-29 08:29:10,TDA Vanti Gas Natural,80203.81,servicios
2026-03-25 06:35:19,POS CARULLA #2261,23083.75,alimentacion
2026-07-31 09:47:07,aut laboratorio synlab #9164,122366.81,salud
2026-05-14 14:24:24,pago en pago arriendo apto,827100.96,vivienda
2025-11-23 19:42:18,pago en etb internet,14902.43,servicios
2026-02-14 18:47:11,tda d1 #6993,36142.92,alimentacion
2026-08-16 00:17:39,AUT MercadoLibre #8596,48242.84,otras
2026-04-22 12:18:39,PAGO EN PAGO ARRIENDO APTO #7408,651506.86,vivienda
2026-08-10 18:35:21,COMPRA Amazon Marketplace,72628.52,otras
2026-06-12 05:23:30,pago en inmobiliaria bogota #799,1346351.95,vivienda
2026-05-13 06:25:00,TDA PLAYSTATION NETWORK,25418.7,ocio
2026-06-12 10:15:05,payment transmilenio card,11924.01,transporte
2025-11-25 08:59:45,PAGO EN FERRETERIA EL MARTILLO,381587.15,vivienda
2026-06-16 15:23:17,pago en ara,22228.49,alimentacion
2025-12-03 02:57:05,PAGO EN Texaco #8019,21517.39,transporte
2026-01-13 02:23:25,COMPRA Estacion Texaco,29472.36,transporte
2025-12-24 15:00:42,PAYMENT D1 #7373,6391.62,alimentacion
2025-11-25 17:24:11,aut acueducto agua #713,26772.54,servicios
2025-10-25 12:52:04,AUT Amazon Marketplace #975,25798.95,otras
2025-09-13 09:17:08,TDA Farmatodo,36123.59,salud
2026-08-13 01:29:47,payment platzi subscripcion #4415,464877.22,educacion
2026-04-11 10:52:15,MercadoLibre #3899,33583.16,otras
2025-10-25 17:38:47,ETB Internet #4985,59048.54,servicios
2026-02-24 12:45:05,compra peaje cundinamarca,14848.22,transporte
2025-10-12 07:26:05,Daviplata Envio #3512,56245.28,otras
2026-06-11 23:18:59,pago en playstation network #2724,41963.12,ocio
2025-11-10 05:57:16,PAYMENT CONSULTORIO ODONTOLOGICO #8440,207495.06,salud
2026-04-24 06:47:28,POS EASY #1553,378781.59,vivienda
2026-08-06 20:34:46,TDA STEAM GAMES #3815,11186.09,ocio
2026-05-22 06:27:33,PAYMENT Matricula Uniminuto,65238.32,educacion
2025-09-26 13:09:02,PAGO EN TRANSMILENIO CARD,28010.34,transporte
2025-09-14 18:06:14,PAYMENT FERRETERIA EL MARTILLO,1101091.08,vivienda
2026-03-27 07:45:44,PAGO EN Daviplata Envio #6396,9519.59,otras
2025-11-22 18:10:20,COMPRA UDEMY ONLINE,107088.0,educacion
2025-08-24 17:20:43,TDA STEAM GAMES #8079,3248.83,ocio
2025-10-14 05:52:02,POS PEAJE CUNDINAMARCA #5616,66022.48,transporte
2026-04-23 02:48:08,pos farmatodo #1640,27900.18,salud
2026-08-14 17:38:41,POS Didi Ride #5012,18963.62,transporte
2026-05-02 13:01:13,TDA Amazon Marketplace,16160.9,otras
2025-11-28 21:48:46,COMPRA Coursera Course,390519.46,educacion
2026-05-16 07:25:56,tda matricula uniminuto,3278.01,educacion
2026-08-03 18:05:29,PAYMENT Laboratorio Synlab #4054,48133.26,salud
2026-03-28 14:28:49,payment jumbo,33367.75,alimentacion
2026-03-05 14:09:45,TDA CREPES AND WAFFLES,25262.87,alimentacion
2026-08-17 11:03:04,aut drogueria cruz verde,327370.95,salud
2026-02-19 03:01:38,POS Amazon Marketplace #6285,9069.48,otras
2026-01-21 07:11:04,POS Vanti Gas Natural #5235,42748.0,servicios
2026-06-16 17:18:20,COMPRA Administracion Conjunto,903247.31,vivienda
2026-03-15 04:48:34,OPTICA HP,196353.36,salud
2025-08-18 17:16:18,AUT ADMINISTRACION CONJUNTO #749,488789.18,vivienda
2026-05-12 02:49:33,payment easy,469873.44,vivienda
2025-10-03 12:08:41,PAGO EN VANTI GAS NATURAL,51929.48,servicios
2026-03-13 07:50:26,aut amazon marketplace #2553,33702.3,otras
2025-12-24 22:19:42,pos udemy online #540,15460.99,educacion
2025-12-13 01:00:26,PAGO ARRIENDO APTO,527770.6,vivienda
2025-09-07 20:53:47,PAGO EN UDEMY ONLINE #5132,156946.33,educacion
2026-04-25 17:36:56,pos recarga celular claro #4135,44473.93,servicios
2026-01-06 07:48:13,COMPRA EPS Sanitas #9677,23221.79,salud
2026-07-14 20:10:10,AUT BOLETAS TUBOLETO,1737.18,ocio
2025-09-17 16:21:23,COMPRA CONSULTORIO ODONTOLOGICO #7287,87163.9,salud
2026-06-08 18:22:53,PAGO EN MATRICULA UNIMINUTO,22825.08,educacion
2026-04-26 00:18:33,COMPRA CINEPOLIS,3254.72,ocio
2025-10-25 00:38:48,Uber,1409.38,transporte
2025-09-01 17:02:17,PAGO EN LIBRERIA PANAMERICANA,262177.5,educacion
2026-05-01 00:55:59,AUT FARMATODO,56470.81,salud
2025-12-11 12:07:06,PAYMENT Ara,30317.33,alimentacion
2026-01-15 22:29:04,PAGO EN DIDI RIDE #1471,62951.63,transporte
2026-04-19 08:13:19,AUT CAJERO DAVIVIENDA,41661.17,otras
2026-01-03 23:00:04,pago en texaco,77239.79,transporte
2025-09-19 09:25:14,MERCADOLIBRE #1140,5471.26,otras
2026-02-03 12:44:57,POS ARA #4776,35325.47,alimentacion
2025-10-30 00:22:55,PAYMENT PAPELERIA COMERCIAL #8518,4373.36,otras
2025-08-31 07:10:37,pos cinepolis #8880,11377.95,ocio
2025-08-27 06:51:36,PAGO EN INMOBILIARIA BOGOTA #1481,628336.1,vivienda
2026-04-04 17:05:49,compra didi ride #8863,31696.21,transporte
2026-02-23 10:25:22,PAYMENT GASOLINERA TERPEL,18788.64,transporte
2025-09-10 21:34:43,pos transferencia nequi,41085.36,otras
2026-04-24 07:26:19,PAGO EN Boletas Tuboleto #7540,21859.88,ocio
2026-02-27 11:50:19,AUT ETB INTERNET,98022.98,servicios
2026-07-07 10:13:16,TDA ACUEDUCTO AGUA #1281,22266.13,servicios
2025-08-23 19:28:28,TDA PENSION COLEGIO,31913.13,educacion
2025-12-27 04:48:41,COMPRA Supermercado Exito #3131,44217.1,alimentacion
2025-12-26 14:12:37,TDA ENEL CODENSA LUZ,16624.49,servicios
2025-09-03 01:30:19,PAGO EN PANADERIA KUTY,118844.19,alimentacion
2025-10-02 08:01:43,POS LIBRERIA PANAMERICANA #2613,70272.68,educacion
2026-06-26 21:11:48,POS VANTI GAS NATURAL #1335,19161.42,servicios
2026-05-03 14:17:05,pos drogueria cruz verde,29189.16,salud
2026-02-11 10:45:59,PAGO ARRIENDO APTO,1122479.3,vivienda
2026-07-21 09:17:49,COMPRA Optica HP #616,41211.73,salud
2025-10-14 06:47:36,COMPRA FERRETERIA EL MARTILLO #2985,496331.79,vivienda
2026-03-30 10:20:18,TDA Movistar Factura #859,73072.78,servicios
2026-08-11 14:21:11,PAGO EN UBER #3525,8345.24,transporte
2025-08-31 18:10:11,COMPRA UBER,18620.33,transporte
2025-10-11 10:09:49,Recarga Celular Claro #4085,39790.51,servicios
2026-04-28 08:35:47,platzi subscripcion,13938.33,educacion
2026-02-16 10:31:49,COMPRA NETFLIX #8301,18698.2,ocio
2025-09-04 05:20:51,PAYMENT COURSERA COURSE #181,27830.03,educacion
2026-05-16 19:00:18,COMPRA Vanti Gas Natural #993,44075.95,servicios
2025-10-07 03:08:41,payment spotify,6809.98,ocio
2025-10-23 07:55:19,PAPELERIA COMERCIAL,44036.28,otras
2025-09-05 20:05:14,AUT NETFLIX #3901,28971.94,ocio
2026-07-02 04:17:20,TDA Cabify #6385,39155.37,transporte
2026-02-10 14:23:36,ENEL CODENSA LUZ #1186,31281.75,servicios
2025-10-22 17:23:07,PAGO EN Movistar Factura,23417.04,servicios
2025-09-11 06:34:23,PAYMENT CREPES AND WAFFLES #1824,22899.36,alimentacion
2025-09-30 18:40:36,compra spotify #9629,37411.16,ocio
2026-04-05 12:02:10,PAYMENT Drogas La Rebaja,22709.88,salud
2025-11-11 02:19:47,TDA VANTI GAS NATURAL #3922,14440.04,servicios
2026-06-25 20:29:43,Movistar Factura,40103.6,servicios
2026-01-29 23:01:25,compra spotify #6461,7651.86,ocio
2026-06-28 14:22:09,POS DROGAS LA REBAJA #1440,17239.01,salud
2026-05-07 21:34:16,TDA Papeleria Comercial,5199.91,otras
2025-12-21 08:32:01,pago en administracion conjunto #4795,545934.4,vivienda
2026-05-10 02:36:39,COMPRA BOLETAS TUBOLETO,12608.16,ocio
2026-03-17 10:27:36,tda peaje cundinamarca #4950,22444.09,transporte
2025-12-20 07:52:47,AUT Ferreteria El Martillo,1290814.21,vivienda
2026-06-10 05:33:54,pos peaje cundinamarca #3779,28975.56,transporte
2026-04-04 18:24:00,payment texaco,15187.3,transporte
2025-12-25 17:33:59,PAYMENT EASY #4111,647635.03,vivienda
2025-10-03 07:52:28,compra homecenter #7825,990628.12,vivienda
2025-10-11 06:52:02,PAGO EN Carulla #7040,100514.38,alimentacion
2025-10-21 16:47:32,compra restaurante don jediondo #4607,40177.06,alimentacion
2026-01-08 02:25:03,POS ESTACION TEXACO,11822.77,transporte
2025-10-20 12:24:48,FERRETERIA EL MARTILLO #7342,402029.36,vivienda
2025-11-20 01:22:38,Steam Games #9572,4857.87,ocio
2025-09-02 05:47:10,EPS SANITAS,102017.19,salud
2025-09-25 06:12:46,movistar factura #1883,38054.98,servicios
2026-04-12 06:48:48,COMPRA MATRICULA UNIMINUTO #9482,197370.16,educacion
2026-06-15 10:46:36,COMPRA Texaco,16061.92,transporte
2025-08-23 12:07:48,pago en etb internet #1548,62577.49,servicios
2025-09-17 18:50:03,POS PAPELERIA COMERCIAL #9122,13573.59,otras
2025-08-20 05:46:39,AUT Spotify #1818,26073.86,ocio
2026-08-12 02:40:01,pago en estacion texaco,17415.77,transporte
2026-05-18 21:45:03,peaje cundinamarca,10430.45,transporte
2026-04-05 00:24:52,AUT LIBRERIA PANAMERICANA #1432,200995.21,educacion
2026-01-26 01:55:02,PAGO EN Administracion Conjunto #6969,932646.64,vivienda
2026-06-27 00:04:06,PAGO EN EASY #1744,903637.58,vivienda
2026-05-13 07:41:32,TDA Matricula Uniminuto #1265,108829.11,educacion
2025-11-05 11:59:51,COMPRA MercadoLibre #4213,21207.43,otras
2026-04-22 22:03:10,payment texaco #4735,154745.14,transporte
2026-03-08 13:58:04,pos gasolinera terpel,52356.48,transporte
2026-01-24 10:51:19,COMPRA Drogueria Cruz Verde #6935,108565.57,salud
2026-08-16 18:04:26,AUT Peaje Cundinamarca,19942.72,transporte
2026-04-11 13:04:17,COMPRA Gasolinera Terpel #2098,44642.49,transporte
2025-09-01 01:06:00,AUT Administracion Conjunto,995297.4,vivienda
2025-10-26 08:10:15,PAGO EN Coursera Course,101869.28,educacion
2026-02-27 13:44:07,compra administracion conjunto #1105,607958.2,vivienda
2025-09-20 14:51:43,taller automotriz central,16767.11,transporte
2026-07-04 09:49:49,PAYMENT Ferreteria El Martillo #5407,108852.01,vivienda
2025-12-30 12:40:30,Texaco #3430,21797.29,transporte
2025-08-19 05:02:27,Didi Ride,11618.7,transporte
2025-11-16 22:45:35,TDA UDEMY ONLINE,667439.48,educacion
2025-10-02 01:41:50,pos didi ride #8842,18350.46,transporte
2025-09-23 14:16:59,COMPRA Platzi Subscripcion,23700.32,educacion
2026-01-04 23:36:34,PAYMENT UBER #8457,17242.07,transporte
2026-03-02 13:04:03,ENEL CODENSA LUZ #1275,14361.8,servicios
2026-02-13 17:15:06,tda gasolinera terpel #1921,27613.68,transporte
2026-04-30 11:49:10,RECARGA CELULAR CLARO #4790,32034.49,servicios
2025-12-02 18:55:39,PAGO EN DROGUERIA CRUZ VERDE #884,140592.88,salud
2025-10-31 16:02:12,pago en inmobiliaria bogota #942,453826.81,vivienda
2026-06-22 19:24:57,compra etb internet #6760,27457.78,servicios
2026-05-10 13:22:46,COMPRA BAR EL CERVECERO,5138.34,ocio
2026-02-26 15:37:09,PAGO EN PAPELERIA COMERCIAL,44422.21,otras
2025-10-18 11:30:44,PAYMENT STEAM GAMES,19210.45,ocio
2026-08-10 18:22:51,aut mercadolibre #4620,36163.48,otras
2025-09-07 10:01:07,payment boletas tuboleto,13374.88,ocio
2026-01-05 20:58:13,POS Inmobiliaria Bogota #9780,935525.55,vivienda
2025-11-06 19:57:47,PAYMENT BOLETAS TUBOLETO #6684,41070.17,ocio
2025-11-23 01:29:34,COMPRA STEAM GAMES,10942.77,ocio
2026-04-13 23:37:04,COMPRA Taller Automotriz Central #2283,20430.43,transporte
2025-09-03 06:11:35,PAGO EN Boletas Tuboleto #6371,6246.09,ocio
2026-05-31 23:37:50,TDA Transferencia Nequi #4917,9244.08,otras
2026-08-11 14:46:39,matricula uniminuto #6294,111010.04,educacion
2025-10-24 17:50:10,pago en movistar factura #8487,52175.07,servicios
2026-06-18 11:45:40,POS Gasolinera Terpel,14319.07,transporte
2026-02-21 19:32:41,AUT Vanti Gas Natural #4555,23352.28,servicios
2025-10-01 12:15:00,compra taller automotriz central #226,12503.99,transporte
2026-07-31 01:11:15,AUT FARMATODO,27221.64,salud
2026-05-24 14:24:32,COMPRA FARMATODO #2526,67810.25,salud
2026-04-04 14:52:17,POS DROGAS LA REBAJA #7817,9442.88,salud
2025-12-22 00:43:37,compra laboratorio synlab #9783,200593.06,salud
2025-11-02 14:56:32,PAGO EN SUPERMERCADO EXITO #9180,21325.57,alimentacion
2026-05-07 07:10:04,PAGO EN UBER,34534.47,transporte
2025-11-14 18:47:23,PAGO EN Uber,5750.27,transporte
2025-12-22 02:13:03,PAGO EN Spotify,21336.79,ocio
2025-09-24 12:28:08,farmatodo,102656.02,salud
2026-05-30 22:45:12,PAGO EN McDonalds #5988,49383.01,alimentacion
2026-07-21 06:22:22,CREPES AND WAFFLES #4036,16390.5,alimentacion
2026-01-10 06:39:37,POS CARULLA,44339.83,alimentacion
2025-09-14 23:47:29,pago en libreria panamericana #1364,23868.92,educacion
2026-04-01 15:54:00,Optica HP #1666,37121.83,salud
2025-09-07 12:55:28,PAYMENT PLATZI SUBSCRIPCION #7540,339522.58,educacion
2025-10-12 17:23:44,pos laboratorio synlab #8454,117756.25,salud
2026-08-12 18:58:47,payment inmobiliaria bogota #5741,736091.54,vivienda
2026-02-10 03:16:02,COMPRA Panaderia Kuty #9687,16649.82,alimentacion
2026-01-14 20:37:30,compra drogueria cruz verde,99722.49,salud
2025-10-09 09:49:41,compra cajero davivienda,22457.53,otras
2026-05-23 23:39:54,Oxxo #5394,5674.56,alimentacion
2026-04-19 21:18:31,aut cajero davivienda #441,48176.65,otras
2025-11-30 04:10:48,AUT PENSION COLEGIO,95886.51,educacion
2025-12-25 21:10:45,payment acueducto agua #900,55352.15,servicios
2025-08-29 21:35:17,aut netflix,6206.24,ocio
2026-03-26 06:47:41,POS MCDONALDS,2860.17,alimentacion
2025-12-04 09:51:55,COMPRA VANTI GAS NATURAL #4578,31807.27,servicios
2025-09-29 14:03:30,payment carulla #7377,45855.52,alimentacion
2026-02-11 12:42:37,tda homecenter #4996,264500.13,vivienda
2025-10-22 22:09:24,pago en jumbo #435,16600.7,alimentacion
2025-11-10 19:37:43,tda homecenter #2733,3809965.33,vivienda
2026-04-08 20:44:24,PAGO EN Enel Codensa Luz #8273,22395.91,servicios
2026-06-20 01:33:21,DROGAS LA REBAJA,109541.08,salud
2026-04-11 22:17:59,COMPRA Libreria Panamericana #2407,45216.09,educacion
2026-03-29 22:55:38,PAGO EN FARMATODO #622,4918.05,salud
2026-07-15 11:39:36,COMPRA PAPELERIA COMERCIAL #5523,18578.16,otras
2025-09-20 00:26:39,POS ACUEDUCTO AGUA #5638,22940.0,servicios
2026-07-16 06:01:09,pos coursera course #8275,61092.61,educacion
2026-02-23 10:14:39,compra recarga celular claro #6144,25114.87,servicios
2026-04-04 04:22:42,compra pago arriendo apto,854747.14,vivienda
2026-07-08 11:44:53,PAGO EN Steam Games #3741,12027.11,ocio
2025-12-03 20:30:22,AUT NETFLIX #855,5514.83,ocio
2026-05-27 22:42:13,PAYMENT LABORATORIO SYNLAB #9931,83684.02,salud
2026-05-30 08:07:45,payment drogueria cruz verde #2671,5742.74,salud
2025-11-21 16:24:05,pago en drogueria cruz verde #7702,5138.96,salud
2026-02-02 01:56:11,pago en drogueria cruz verde,110536.22,salud
2025-11-11 19:25:29,AUT VANTI GAS NATURAL #181,36468.79,servicios
2025-10-14 06:56:35,PAGO EN Optica HP,46021.55,salud
2026-08-01 06:45:30,AUT UBER #839,5136.34,transporte
2026-01-26 16:21:39,COMPRA CINEPOLIS #6948,8139.32,ocio
2025-09-01 23:49:08,AUT CARULLA #4089,29430.96,alimentacion
2026-05-29 06:56:22,AUT HOMECENTER #9991,279977.25,vivienda
2025-08-30 11:48:40,pos panaderia kuty #9631,20106.07,alimentacion
2026-03-11 16:51:29,PAYMENT RECARGA CELULAR CLARO #5678,39791.09,servicios
2026-02-19 13:33:32,PAYMENT LIBRERIA PANAMERICANA #6136,547307.7,educacion
2026-07-02 09:26:05,TDA MATRICULA UNIMINUTO #2436,59675.59,educacion
2026-02-09 03:30:15,TDA PLATZI SUBSCRIPCION,244699.46,educacion
2025-11-18 20:10:28,payment inmobiliaria bogota,231321.54,vivienda
2026-03-22 07:55:14,PAGO EN Didi Ride #7326,32646.93,transporte
2026-05-13 15:09:46,POS HOMECENTER,450282.73,vivienda
2026-01-22 08:24:00,compra platzi subscripcion,142744.95,educacion
2025-10-07 23:24:37,tda texaco #8274,14429.4,transporte
2025-12-10 07:24:41,PAYMENT ETB INTERNET #5745,59411.82,servicios
2026-04-25 22:53:20,PAPELERIA COMERCIAL #2148,9187.18,otras
2025-08-23 14:55:29,pos laboratorio synlab,97769.4,salud
2026-05-04 06:18:31,POS MercadoLibre #1315,16655.45,otras
2025-10-19 06:33:24,COMPRA JUMBO #1965,31995.66,alimentacion
2026-02-11 19:16:16,payment transferencia nequi,18327.28,otras
2026-06-03 15:39:42,PAGO EN MOVISTAR FACTURA #2576,16197.24,servicios
2025-08-26 21:59:42,AUT TRANSFERENCIA NEQUI #2644,21718.09,otras
2026-02-13 13:00:26,EPS Sanitas,45756.4,salud
2026-07-22 22:34:14,COMPRA BOLETAS TUBOLETO,15817.44,ocio
2026-01-21 20:40:39,AUT PENSION COLEGIO #453,109251.32,educacion
2026-06-20 04:27:42,homecenter #4124,1177373.57,vivienda
2026-04-17 20:44:47,COMPRA OPTICA HP,135382.51,salud
2026-05-17 19:17:15,PAYMENT Drogas La Rebaja #8328,15433.79,salud
2025-08-17 23:09:18,COMPRA Acueducto Agua #7943,45309.11,servicios
2025-09-13 21:24:13,PAYMENT MATRICULA UNIMINUTO,23775.15,educacion
2026-07-30 09:51:27,PAGO EN Amazon Marketplace #5684,39650.38,otras
2025-12-24 17:21:18,pos drogueria cruz verde #4602,96926.93,salud
2025-08-30 03:21:47,MCDONALDS #7111,7871.05,alimentacion
2026-01-29 20:08:30,PAYMENT EPS Sanitas,54299.87,salud
2026-05-15 12:47:20,Cinemark #3099,9624.36,ocio
2026-03-16 02:18:23,COMPRA Bar El Cervecero,7854.68,ocio
2026-06-21 23:31:25,tda cajero davivienda #6422,85037.9,otras
2026-06-19 08:15:54,aut enel codensa luz #4908,18174.82,servicios
2025-09-17 21:02:16,pago en farmatodo,20190.86,salud
2026-07-25 12:32:11,POS CINEMARK #2362,14086.7,ocio
2026-05-30 04:13:57,compra acueducto agua,40593.12,servicios
2026-03-05 08:08:12,PAGO EN ACUEDUCTO AGUA,24711.17,servicios
2026-01-05 19:04:57,McDonalds #7428,92327.42,alimentacion
2025-09-29 12:43:41,AUT Daviplata Envio,37458.0,otras
2026-01-06 09:59:55,PAYMENT CREPES AND WAFFLES #3630,6357.76,alimentacion
2026-04-14 21:11:13,POS PENSION COLEGIO #1906,52294.14,educacion
2026-01-06 09:48:54,COMPRA CINEPOLIS #3309,9015.59,ocio
2025-10-24 12:03:20,aut amazon marketplace,35573.67,otras
2026-03-22 10:44:58,PAGO EN Ara,4447.72,alimentacion
2025-09-12 10:59:07,PAGO EN DAVIPLATA ENVIO #8615,281816.02,otras
2026-05-19 21:56:46,POS RAPPI COMIDA #8778,55537.9,alimentacion
2025-10-10 04:28:50,AUT Udemy Online,118025.05,educacion
2025-11-18 02:39:46,compra optica hp #2656,179822.31,salud
2025-09-30 12:52:45,POS PLATZI SUBSCRIPCION,1643575.92,educacion
2026-02-19 06:19:38,payment etb internet #3329,45362.81,servicios
2026-08-17 03:56:17,COMPRA Easy,1288884.74,vivienda
2026-07-21 17:58:40,POS Movistar Factura #2366,29097.69,servicios
2025-11-06 21:51:59,DROGUERIA CRUZ VERDE,41953.69,salud
2026-06-08 22:24:56,PAGO EN Coursera Course #4247,55773.02,educacion
2025-12-19 21:23:03,pago arriendo apto #7495,444334.44,vivienda
2026-08-01 03:47:15,recarga celular claro #8951,17814.92,servicios
2026-03-01 00:01:12,tda papeleria comercial,5706.97,otras
2026-01-28 16:25:48,recarga celular claro #4248,25705.93,servicios
2025-09-07 14:02:56,AUT Udemy Online #9312,13074.24,educacion
2026-01-09 05:19:16,AUT ENEL CODENSA LUZ,30168.39,servicios
2026-02-09 03:13:04,PAGO EN Pago Arriendo Apto,713688.33,vivienda
2026-02-28 04:17:55,PAGO EN UBER #114,20583.43,transporte
2026-07-05 14:30:10,PAYMENT Steam Games #5752,9269.71,ocio
2026-02-16 00:41:22,POS Restaurante Don Jediondo #8683,425699.21,alimentacion
2026-03-12 00:09:14,PAGO EN ARA,107806.44,alimentacion
2026-07-03 23:32:06,COMPRA ARA #6746,13418.18,alimentacion
2026-08-01 17:56:16,TDA CINEMARK #5509,15725.01,ocio
2026-02-08 23:11:19,aut didi ride,10433.68,transporte
2026-01-07 09:48:46,PAGO EN CAJERO DAVIVIENDA #3329,7986.6,otras
2026-05-13 15:45:08,PAYMENT CARULLA #5306,12430.92,alimentacion
2025-10-29 14:01:39,payment transferencia nequi,33935.49,otras
2025-09-20 08:13:17,pos matricula uniminuto,43579.57,educacion
2026-01-16 03:52:11,EPS SANITAS,142145.81,salud
2025-12-07 10:16:23,TDA HOMECENTER #1630,1324134.15,vivienda
2025-09-28 21:47:59,VANTI GAS NATURAL #7020,61349.89,servicios
2025-12-02 14:25:03,PAYMENT AMAZON MARKETPLACE #8641,9392.0,otras
2026-05-15 03:43:16,PAYMENT Pago Arriendo Apto #782,970162.99,vivienda
2026-02-26 04:33:50,AUT OXXO #3206,60232.26,alimentacion
2026-07-23 05:58:19,payment cabify #2556,11769.18,transporte
2026-03-07 15:36:19,compra administracion conjunto,459060.29,vivienda
2025-08-26 05:56:01,COMPRA DROGAS LA REBAJA #2426,287930.02,salud
2026-01-26 04:50:52,aut cajero davivienda #5510,27653.18,otras
2026-03-15 16:59:04,PAYMENT UDEMY ONLINE #3508,211749.93,educacion
2026-02-17 11:33:32,COMPRA INMOBILIARIA BOGOTA,445411.74,vivienda
2026-01-27 14:20:24,payment optica hp #6395,12820.33,salud
2026-05-30 22:23:36,PAGO EN Administracion Conjunto #6178,518310.69,vivienda
2025-08-25 18:40:28,PAGO EN JUMBO #8584,32885.36,alimentacion
2025-10-29 20:37:05,POS UDEMY ONLINE,27527.37,educacion
2025-08-25 23:50:28,POS Daviplata Envio #9345,21810.68,otras
2026-07-07 16:43:11,Consultorio Odontologico #7582,7651.4,salud
2026-04-24 19:13:25,FERRETERIA EL MARTILLO,372492.26,vivienda
2026-01-24 07:41:24,PAYMENT AMAZON MARKETPLACE #1999,43084.18,otras
2025-12-28 13:30:08,pago en pension colegio #7976,203729.54,educacion
2026-04-25 08:04:43,POS MOVISTAR FACTURA,21266.19,servicios
2026-02-22 05:40:35,COMPRA Transferencia Nequi #2419,7960.41,otras
2026-05-03 00:39:59,compra pension colegio #4855,28770.78,educacion
2026-03-11 07:57:08,TDA Oxxo,26940.48,alimentacion
2026-02-06 08:32:04,POS Amazon Marketplace,41961.95,otras
2025-12-13 12:41:52,TDA RECARGA CELULAR CLARO #7878,46955.11,servicios
2025-10-07 16:20:51,pago en boletas tuboleto,9437.32,ocio
2025-10-23 03:09:03,pago en amazon marketplace #6287,6950.07,otras
2025-11-13 12:12:21,PAGO EN PAGO ARRIENDO APTO,856582.73,vivienda
2026-01-08 20:49:32,COMPRA Netflix,7506.51,ocio
2026-06-12 09:01:57,PAYMENT CONSULTORIO ODONTOLOGICO,27720.35,salud
2025-10-14 01:03:30,COMPRA MERCADOLIBRE,82890.53,otras
2025-12-05 21:04:39,texaco #317,37964.39,transporte
2025-10-21 01:03:40,payment steam games,14921.85,ocio
2026-08-11 07:58:34,payment cabify,5740.34,transporte
2026-05-20 21:00:55,POS CABIFY,21812.9,transporte
2025-12-06 05:08:09,TDA PEAJE CUNDINAMARCA,46929.02,transporte
2025-10-24 12:54:45,AUT SUPERMERCADO EXITO #6675,26889.55,alimentacion
2026-05-13 12:21:41,PAGO EN Easy,1640757.29,vivienda
2026-06-21 23:19:24,MERCADOLIBRE #5320,80237.42,otras
2025-10-19 01:26:52,payment administracion conjunto,1979272.08,vivienda
2025-10-01 20:11:36,AUT DIDI RIDE #9441,23735.3,transporte
2025-12-18 09:36:42,COMPRA Udemy Online,199759.62,educacion
2025-10-05 13:15:48,payment etb internet,62850.39,servicios
2025-11-26 13:36:57,POS PAGO ARRIENDO APTO,954016.61,vivienda
2025-10-28 02:04:40,compra papeleria comercial,13343.25,otras
2026-03-23 21:12:21,NETFLIX #5185,9759.73,ocio
2025-08-30 21:46:14,Steam Games,15787.73,ocio
2025-12-18 12:34:29,COMPRA Papeleria Comercial #745,6059.84,otras
2025-10-13 21:23:06,AUT DROGUERIA CRUZ VERDE #913,41873.78,salud
2026-02-07 14:06:25,pago en recarga celular claro #494,51944.35,servicios
2025-10-19 13:57:52,compra steam games,2881.66,ocio
2025-12-12 13:11:08,TDA Peaje Cundinamarca #1034,71756.51,transporte
2026-08-09 21:30:41,PAGO EN Pago Arriendo Apto,1430342.57,vivienda
2026-01-21 13:14:21,AUT Homecenter,553568.75,vivienda
2026-06-11 21:33:12,POS INMOBILIARIA BOGOTA,1010579.51,vivienda
2026-02-11 07:41:38,pos crepes and waffles #9851,36407.07,alimentacion
2025-10-17 00:58:00,PAYMENT Transmilenio Card #158,54556.46,transporte
2026-05-31 05:43:01,POS COURSERA COURSE #3878,321007.5,educacion
2026-03-02 11:50:23,PAGO EN Matricula Uniminuto #9932,18396.49,educacion
2026-04-25 19:11:45,TDA Crepes and Waffles #4400,58093.55,alimentacion
2025-12-10 05:14:04,PAYMENT AMAZON MARKETPLACE #6940,17932.54,otras
2026-07-31 09:33:36,RESTAURANTE DON JEDIONDO,38803.51,alimentacion
2026-06-06 07:44:27,TDA CONSULTORIO ODONTOLOGICO #1194,22004.69,salud
2026-05-03 10:17:21,TDA Udemy Online,804329.66,educacion
2026-06-23 23:02:06,TDA OXXO #1546,83453.88,alimentacion
2026-05-27 08:57:54,TDA SPOTIFY,7959.81,ocio
2025-12-26 23:12:45,compra vanti gas natural,12079.12,servicios
2025-09-30 01:18:08,POS Pension Colegio #2144,62142.96,educacion
2026-02-19 10:52:25,payment consultorio odontologico,79059.25,salud
2025-10-10 13:57:51,ETB Internet #571,31073.9,servicios
2026-03-19 09:45:51,peaje cundinamarca #7946,55704.69,transporte
2025-12-15 01:58:45,payment transmilenio card #2152,36714.53,transporte
2026-01-20 09:54:25,COMPRA Homecenter #8717,1305036.3,vivienda
2026-07-09 23:59:09,POS CINEPOLIS,16794.37,ocio
2026-02-06 15:12:42,PAYMENT EPS SANITAS #2703,10633.57,salud
2025-09-22 08:25:53,PAYMENT VANTI GAS NATURAL #8535,23922.65,servicios
2025-09-07 19:23:44,TDA Homecenter #6574,1377876.14,vivienda
2026-04-23 11:54:43,compra netflix #9966,12886.48,ocio
2026-04-01 00:25:12,PAGO EN Rappi Comida #4062,54310.47,alimentacion
2025-11-11 16:58:32,pago en estacion texaco #7908,13536.25,transporte
2025-11-01 10:38:50,PAGO EN EPS Sanitas,15791.18,salud
2025-09-18 21:33:21,POS Enel Codensa Luz #3179,24984.07,servicios
2026-07-13 07:54:20,PAGO EN Cinepolis #1286,16586.31,ocio
2026-05-07 09:07:59,MATRICULA UNIMINUTO #6449,44944.1,educacion
2025-09-20 08:51:25,POS FERRETERIA EL MARTILLO,633220.04,vivienda
2026-01-17 14:44:22,pago en boletas tuboleto,6921.42,ocio
2026-02-23 21:54:48,tda transferencia nequi #5152,67456.95,otras
2026-04-08 16:24:51,Supermercado Exito,28693.77,alimentacion
2026-03-04 02:29:27,COMPRA Crepes and Waffles #9838,116099.68,alimentacion
2026-08-05 05:47:03,PAYMENT LABORATORIO SYNLAB #8149,263450.99,salud
2026-01-04 15:48:48,TDA Transferencia Nequi #372,20311.73,otras
2025-10-13 21:24:03,POS INMOBILIARIA BOGOTA #2556,398288.05,vivienda
2026-07-15 00:28:32,tda carulla #691,6845.05,alimentacion
2026-01-07 23:38:45,laboratorio synlab,9708.52,salud
2026-01-09 05:28:59,compra netflix #3197,5106.74,ocio
2025-12-05 23:34:43,TDA INMOBILIARIA BOGOTA #6398,1667909.79,vivienda
2025-12-31 21:18:40,supermercado exito,39841.31,alimentacion
2026-02-06 11:30:52,Jumbo #2930,49596.9,alimentacion
2025-09-20 10:55:24,pago en movistar factura,7099.27,servicios
2026-05-27 02:31:47,PAYMENT Spotify,5775.75,ocio
2026-06-01 09:59:01,tda matricula uniminuto,286214.19,educacion
2026-06-25 13:20:12,PAGO EN DIDI RIDE #9890,23344.03,transporte
2025-12-07 12:42:32,ETB INTERNET,24628.92,servicios
2026-06-26 07:51:34,PAYMENT ACUEDUCTO AGUA,37756.22,servicios
2026-08-01 01:50:07,PAGO EN Platzi Subscripcion #5511,702891.18,educacion
2026-05-27 09:32:26,TDA Udemy Online #9094,75716.32,educacion
2025-10-10 15:18:36,enel codensa luz #4485,28046.58,servicios
2026-04-06 15:36:35,tda coursera course,124382.44,educacion
2025-10-12 05:15:36,TDA Boletas Tuboleto #6923,71287.53,ocio
2025-12-13 04:45:50,payment homecenter,206981.82,vivienda
2026-07-20 08:22:18,POS Pago Arriendo Apto,1099024.81,vivienda
2025-12-25 16:45:20,AUT Cajero Davivienda #8421,19637.53,otras
2026-08-14 20:03:40,compra pension colegio,194877.43,educacion
2026-06-07 01:56:19,EASY,491676.6,vivienda
2025-09-20 18:50:33,TDA ACUEDUCTO AGUA #8874,26124.29,servicios
2026-01-23 10:53:41,PAGO EN ARA,64159.57,alimentacion
2026-08-07 13:22:06,compra crepes and waffles #6668,438155.07,alimentacion
2026-01-25 09:59:44,PAYMENT Supermercado Exito #2921,69315.86,alimentacion
2026-03-21 07:00:19,pos ferreteria el martillo,438519.97,vivienda
2026-05-20 06:25:36,DAVIPLATA ENVIO,14418.11,otras
2026-06-06 17:49:36,COMPRA CINEPOLIS #568,9726.51,ocio
2025-11-02 19:39:36,AUT DROGAS LA REBAJA,6800.78,salud
2026-07-06 15:53:29,compra panaderia kuty,27887.33,alimentacion
2025-12-07 20:26:14,POS Platzi Subscripcion,237849.86,educacion
2026-02-23 23:02:03,COMPRA DIDI RIDE #1160,5728.4,transporte
2026-07-02 23:29:22,pago en mercadolibre,62848.52,otras
2026-07-07 13:20:34,PAGO ARRIENDO APTO #5516,977413.32,vivienda
2025-12-13 11:07:56,compra texaco #5876,9313.22,transporte
2026-03-22 15:19:20,PAYMENT Pension Colegio #7648,83296.72,educacion
2026-02-13 10:07:45,PAYMENT LABORATORIO SYNLAB,284404.84,salud
2025-08-27 20:36:43,tda optica hp #937,109853.46,salud
2025-10-16 06:03:08,AUT DAVIPLATA ENVIO #5835,22220.79,otras
2025-12-12 00:13:35,pago en cinemark,11312.03,ocio
2026-07-07 10:09:14,CREPES AND WAFFLES,38610.8,alimentacion
2026-02-16 22:50:52,POS ADMINISTRACION CONJUNTO #5087,536564.4,vivienda
2026-04-28 08:25:24,bar el cervecero,3061.55,ocio
2026-07-30 02:53:11,COMPRA McDonalds #9009,186044.72,alimentacion
2026-01-26 10:37:40,COMPRA VANTI GAS NATURAL #4198,29530.98,servicios
2026-02-24 11:09:34,POS Optica HP,75959.99,salud
2026-04-24 20:17:04,TDA Boletas Tuboleto,12829.01,ocio
2025-08-28 11:32:56,PAYMENT OPTICA HP #1763,21837.23,salud
2026-06-10 10:08:12,aut recarga celular claro #2041,24063.35,servicios
2026-02-24 22:00:22,compra amazon marketplace #1070,4449.76,otras
2026-04-07 00:31:00,AUT INMOBILIARIA BOGOTA,2859770.4,vivienda
2026-01-04 22:17:16,aut ferreteria el martillo #1308,347768.67,vivienda
2026-02-20 00:53:53,PAGO EN Transferencia Nequi #5505,7848.15,otras
2026-02-02 18:53:53,COMPRA Optica HP,30203.55,salud
2026-04-18 07:47:32,COMPRA VANTI GAS NATURAL,58270.16,servicios
2026-02-18 07:27:57,COMPRA Optica HP #3854,49809.44,salud
2026-07-01 05:22:29,aut ara #1581,13508.73,alimentacion
2026-01-09 08:56:30,compra drogueria cruz verde #4069,194808.48,salud
2026-05-29 02:06:06,cinepolis,22285.7,ocio
2025-08-24 05:58:37,COMPRA INMOBILIARIA BOGOTA #7823,1007578.99,vivienda
2025-10-19 16:17:28,PAYMENT PLAYSTATION NETWORK #1147,22048.81,ocio
2025-09-09 03:48:05,aut steam games #4773,71400.01,ocio
2025-12-19 14:05:20,AUT INMOBILIARIA BOGOTA,2706202.55,vivienda
2026-07-24 12:57:18,PAYMENT PENSION COLEGIO,43301.46,educacion
2025-10-09 01:22:20,TDA GASOLINERA TERPEL,77768.87,transporte
2025-10-19 20:35:37,POS AMAZON MARKETPLACE,32311.17,otras
2025-12-01 07:55:00,COMPRA MCDONALDS,54137.19,alimentacion
2026-01-27 08:35:56,COMPRA MercadoLibre #5666,4055.09,otras
2026-08-06 15:52:34,Daviplata Envio #1927,18575.79,otras
2025-09-05 08:30:02,AUT Consultorio Odontologico #977,20048.19,salud
2025-12-08 16:57:05,DAVIPLATA ENVIO,50415.75,otras
2026-04-22 13:51:29,AUT Homecenter,1386992.51,vivienda
2026-03-05 00:01:40,TDA DAVIPLATA ENVIO #8030,2766.99,otras
2026-06-11 02:12:22,compra oxxo #7492,35680.95,alimentacion
2025-10-27 14:26:07,PAGO EN Papeleria Comercial #9846,67633.69,otras
2026-04-06 23:18:57,CABIFY #4266,15244.73,transporte
2026-03-16 14:12:40,SUPERMERCADO EXITO,65072.08,alimentacion
2026-07-22 06:12:15,etb internet #9282,33213.09,servicios
2026-07-04 12:59:04,tda d1,47730.61,alimentacion
2026-06-24 01:50:27,aut jumbo #6649,29229.92,alimentacion
2025-11-30 20:37:33,COMPRA RECARGA CELULAR CLARO,12965.56,servicios
2026-05-15 11:58:25,CREPES AND WAFFLES,14805.82,alimentacion
2026-01-05 05:24:04,TDA ETB INTERNET #5801,41176.03,servicios
2026-03-12 23:36:12,TDA TRANSMILENIO CARD,18352.34,transporte
2025-12-31 23:52:05,AUT Acueducto Agua #1337,24757.72,servicios
2025-08-22 10:39:35,COMPRA EPS SANITAS #5237,30752.33,salud
2026-03-06 16:08:47,PAYMENT ADMINISTRACION CONJUNTO #9037,607365.9,vivienda
2026-01-09 07:11:21,POS DROGUERIA CRUZ VERDE #9060,155065.51,salud
2026-01-24 10:30:43,POS Pago Arriendo Apto,596511.35,vivienda
2026-08-10 01:55:25,AUT PEAJE CUNDINAMARCA #6835,5394.0,transporte
2025-09-26 05:02:55,aut d1 #1508,65835.96,alimentacion
2025-10-16 11:00:04,tda daviplata envio #306,17946.01,otras
2025-11-11 07:22:19,PAYMENT LIBRERIA PANAMERICANA #3117,102505.84,educacion
2026-06-22 05:22:36,COMPRA Oxxo #1733,131408.05,alimentacion
2026-04-12 16:00:42,PAYMENT TRANSFERENCIA NEQUI #4055,21578.21,otras
2026-07-06 07:48:19,cinepolis,16357.28,ocio
2026-07-12 00:23:11,compra cinemark #205,5853.26,ocio
2026-05-21 03:51:56,texaco #1418,14798.74,transporte
2026-05-17 04:01:41,pago en platzi subscripcion,205136.57,educacion
2026-01-26 12:23:38,AUT DAVIPLATA ENVIO #5644,4650.02,otras
2026-08-08 04:28:27,PAYMENT ESTACION TEXACO #1382,21606.74,transporte
2025-10-01 16:54:56,tda papeleria comercial,24362.27,otras
2026-08-11 01:14:51,MOVISTAR FACTURA #9678,27577.97,servicios
2026-02-19 15:52:43,TDA Estacion Texaco #6353,45864.33,transporte
2025-12-16 10:31:12,COMPRA MERCADOLIBRE,30774.4,otras
2026-01-05 05:49:44,PAYMENT Daviplata Envio #9020,96574.68,otras
2026-06-30 17:47:51,PAGO EN PAPELERIA COMERCIAL,8155.2,otras
2026-07-28 23:17:45,TDA Farmatodo,56926.54,salud
2026-03-08 14:17:13,PAYMENT LIBRERIA PANAMERICANA,109246.29,educacion
2025-10-23 07:31:55,COMPRA Vanti Gas Natural #3455,14163.84,servicios
2025-12-13 18:18:29,tda ara #7588,78044.62,alimentacion
2026-06-02 13:19:01,COMPRA DIDI RIDE,146123.29,transporte
2025-11-11 18:58:13,AUT DROGAS LA REBAJA #9946,48112.31,salud
2026-07-16 04:32:29,PAYMENT Movistar Factura #545,36425.07,servicios
2025-10-11 17:19:48,PAYMENT ENEL CODENSA LUZ #9363,28302.66,servicios
2025-11-13 10:16:18,COMPRA Transferencia Nequi #9254,10790.43,otras
2025-10-05 02:44:14,pos inmobiliaria bogota #3702,244640.2,vivienda
2025-10-07 00:10:01,TDA Homecenter #1390,477603.38,vivienda
2026-01-29 09:54:54,COMPRA Consultorio Odontologico,10602.51,salud
2026-06-09 18:20:28,PAYMENT ESTACION TEXACO,83591.06,transporte
2025-09-16 14:59:25,POS ADMINISTRACION CONJUNTO #4429,680738.95,vivienda
2026-06-14 07:06:02,POS LABORATORIO SYNLAB #7500,33506.3,salud
2026-06-07 13:18:35,PAYMENT DROGAS LA REBAJA #3255,130361.83,salud
2025-09-02 22:43:53,tda taller automotriz central #6661,6571.02,transporte
2025-09-28 07:22:33,tda cajero davivienda #8630,10230.57,otras
2026-06-21 10:15:18,aut cajero davivienda,23578.07,otras
2026-03-04 20:25:04,COMPRA OXXO,82703.33,alimentacion
2025-09-09 10:50:13,POS Transferencia Nequi #6804,36376.75,otras
2025-10-02 14:52:49,aut enel codensa luz,31225.65,servicios
2025-09-03 05:51:28,payment gasolinera terpel #3561,19347.26,transporte
2025-12-12 13:59:15,BOLETAS TUBOLETO #6783,17679.57,ocio
2025-08-21 10:11:26,AUT Estacion Texaco #6105,21622.45,transporte
2026-06-17 06:40:10,tda daviplata envio,7863.82,otras
2026-08-09 18:22:50,PAGO EN ACUEDUCTO AGUA,27657.37,servicios
2025-11-05 04:55:22,AUT TEXACO,6861.49,transporte
2026-08-02 10:00:12,AUT MCDONALDS,38749.22,alimentacion
2025-10-28 04:44:11,carulla #312,24722.81,alimentacion
2025-12-31 22:58:34,PAGO EN VANTI GAS NATURAL #2913,123454.63,servicios
2025-09-21 16:34:10,COMPRA Easy #2074,712163.91,vivienda
2026-07-11 22:26:44,payment inmobiliaria bogota,314096.73,vivienda
2025-12-03 03:46:24,POS COURSERA COURSE,84034.59,educacion
2025-12-30 12:30:59,payment d1,55021.92,alimentacion
2025-10-18 18:56:52,aut platzi subscripcion,735302.12,educacion
2026-06-16 16:02:54,boletas tuboleto,8843.02,ocio
2026-04-12 11:36:46,PAYMENT Estacion Texaco,4340.8,transporte
2026-03-01 12:32:24,TDA Ferreteria El Martillo #5378,1190759.87,vivienda
2025-09-12 23:23:32,PAYMENT CINEMARK,5082.61,ocio
2026-07-01 17:32:41,AUT DROGAS LA REBAJA,30340.21,salud
2026-06-09 20:23:42,Udemy Online #3040,72464.74,educacion
2026-03-10 19:34:45,TDA ESTACION TEXACO #711,16938.25,transporte
2026-05-22 10:17:34,AUT MOVISTAR FACTURA #5965,40680.28,servicios
2025-12-04 21:32:26,EASY #5315,483989.95,vivienda
2026-08-02 14:31:40,compra boletas tuboleto,11030.17,ocio
2025-08-19 02:47:36,AUT Rappi Comida #5632,35903.27,alimentacion
2025-09-24 18:15:45,AUT PANADERIA KUTY #5111,40932.45,alimentacion
2026-08-09 21:54:50,tda daviplata envio #626,24290.17,otras
2026-07-14 01:06:22,POS CONSULTORIO ODONTOLOGICO #3183,79190.08,salud
2026-02-17 19:06:51,PAYMENT Peaje Cundinamarca #1190,38540.14,transporte
2026-05-15 13:30:55,payment ferreteria el martillo #7125,923180.89,vivienda
2025-10-28 07:56:32,COMPRA Papeleria Comercial #3808,34668.46,otras
2026-05-06 00:09:34,pago en jumbo #2912,10241.69,alimentacion
2025-10-26 16:04:31,TDA Matricula Uniminuto,104848.66,educacion
2026-01-11 20:42:49,PAYMENT INMOBILIARIA BOGOTA,972577.0,vivienda
2025-11-08 15:37:24,PAGO EN HOMECENTER #336,1129589.35,vivienda
2025-11-13 19:24:14,PAGO EN Didi Ride #4958,9670.97,transporte
2025-09-30 06:14:27,TDA PENSION COLEGIO,44763.7,educacion
2025-10-04 10:37:26,PENSION COLEGIO,49566.93,educacion
2025-09-29 06:39:58,PAYMENT UDEMY ONLINE #1588,187905.92,educacion
2025-10-09 05:14:24,pos etb internet,50027.53,servicios
2026-06-09 11:21:02,AUT MATRICULA UNIMINUTO,60539.29,educacion
2026-05-18 03:00:47,pago en udemy online #8933,293477.07,educacion
2026-03-21 19:17:33,PAYMENT Uber #5196,20153.47,transporte
2025-09-02 04:56:39,drogas la rebaja #1629,42756.89,salud
2025-12-22 20:42:08,restaurante don jediondo #1346,30665.47,alimentacion
2025-10-01 09:03:28,TDA GASOLINERA TERPEL #6380,35311.01,transporte
2025-12-05 13:53:42,TDA PENSION COLEGIO #2974,145902.43,educacion
2026-04-07 14:28:50,payment farmatodo #6352,599234.31,salud
2025-12-16 14:33:36,compra acueducto agua,16133.69,servicios
2026-07-10 01:58:25,AUT PAGO ARRIENDO APTO #9417,995361.26,vivienda
2025-11-13 03:44:16,transmilenio card,11200.56,transporte
2026-01-22 14:35:25,CREPES AND WAFFLES #5106,18116.36,alimentacion
2026-07-15 15:01:51,pos drogas la rebaja #3011,48438.3,salud
2025-10-29 18:02:54,payment administracion conjunto #5013,792075.1,vivienda
2026-07-30 22:09:45,PAGO EN PAGO ARRIENDO APTO #6177,4201298.21,vivienda
2026-08-17 03:19:25,aut vanti gas natural #710,24089.05,servicios
2026-01-07 03:14:49,COMPRA STEAM GAMES #9308,6056.42,ocio
2025-08-22 09:37:03,PAGO EN LABORATORIO SYNLAB #7468,66191.79,salud
2026-02-24 08:56:23,AUT CINEPOLIS,3126.76,ocio
2025-09-27 06:43:04,PAYMENT Steam Games,12526.86,ocio
2026-02-03 13:26:41,payment ferreteria el martillo,736463.66,vivienda
2026-04-30 04:33:34,PAGO EN ENEL CODENSA LUZ #9945,43336.92,servicios
2025-09-19 10:45:27,PAGO EN AMAZON MARKETPLACE #7602,58315.44,otras
2025-10-12 02:43:39,POS Inmobiliaria Bogota,539208.84,vivienda
2026-01-20 00:32:02,COMPRA STEAM GAMES #7560,12022.92,ocio
2026-04-03 18:50:14,tda platzi subscripcion,39365.89,educacion
2026-06-01 09:05:36,payment acueducto agua #9750,13672.78,servicios
2025-09-11 13:35:23,pos udemy online #1844,143182.27,educacion
2025-11-02 18:03:52,aut mcdonalds #4373,13110.01,alimentacion
2025-11-03 05:02:09,POS TEXACO,12417.17,transporte
2026-07-11 05:22:12,payment libreria panamericana #6525,29905.31,educacion
2025-10-04 02:40:16,PAYMENT BOLETAS TUBOLETO,19629.29,ocio
2026-07-08 22:11:17,aut cinemark,47145.84,ocio
2026-05-26 01:48:12,POS PANADERIA KUTY #4892,12819.59,alimentacion
2025-12-03 14:25:26,PAGO EN Farmatodo,6384.83,salud
2026-06-10 21:49:22,AUT Boletas Tuboleto #405,12241.4,ocio
2026-04-04 23:39:49,platzi subscripcion,100592.94,educacion
2026-06-07 03:41:57,Vanti Gas Natural,30674.76,servicios
2026-01-19 20:54:37,PAGO EN Homecenter #2323,558052.15,vivienda
2026-02-18 05:28:02,pension colegio #1281,77593.03,educacion
2026-04-08 16:21:15,Drogas La Rebaja #5026,73442.75,salud
2026-02-21 14:37:06,pos drogas la rebaja,153963.98,salud
2025-12-03 17:53:38,PAGO EN Ferreteria El Martillo,225701.98,vivienda
2026-06-11 16:43:10,COMPRA ETB Internet,21560.89,servicios
2025-09-28 09:25:11,Coursera Course #6838,127589.14,educacion
2025-11-22 19:02:37,TDA Ferreteria El Martillo #4105,420506.13,vivienda
2026-02-26 13:22:21,ACUEDUCTO AGUA #6413,76016.2,servicios
2026-04-18 11:17:14,POS SPOTIFY,8563.06,ocio
2025-08-28 23:29:17,payment estacion texaco #6282,17375.85,transporte
2026-05-30 23:13:26,pos uber,29745.11,transporte
2026-07-05 21:31:05,netflix,8831.68,ocio
2026-02-26 21:23:55,BOLETAS TUBOLETO #3642,3667.99,ocio
2025-08-27 19:45:45,POS Movistar Factura,20802.06,servicios
2026-01-13 00:50:34,PAGO EN ADMINISTRACION CONJUNTO,1352769.23,vivienda
2026-05-08 05:05:18,AUT UDEMY ONLINE,65888.94,educacion
2025-10-15 18:03:13,POS PAGO ARRIENDO APTO #2566,438949.4,vivienda
2026-04-15 23:35:43,TDA Playstation Network #7911,25539.22,ocio
2025-09-23 20:20:22,COMPRA Rappi Comida,27872.06,alimentacion
2026-05-01 04:09:46,Platzi Subscripcion #7662,53519.8,educacion
2026-06-11 12:44:08,PAYMENT CONSULTORIO ODONTOLOGICO,57780.22,salud
2026-06-21 07:14:14,aut vanti gas natural #774,42721.18,servicios
2025-11-03 20:35:07,PAGO EN Amazon Marketplace,238401.98,otras
2026-05-01 13:36:04,TDA Steam Games #4022,23838.69,ocio
2026-02-23 19:54:34,aut netflix #3217,30088.19,ocio
2025-11-27 01:20:31,Cajero Davivienda,13280.26,otras
2025-12-28 21:10:29,payment homecenter #9235,394146.97,vivienda
2026-03-17 17:18:46,ara #7964,38172.29,alimentacion
2026-06-10 03:06:50,PAGO EN CINEMARK #5846,14400.51,ocio
2026-01-31 14:07:24,PAGO EN Texaco,6831.77,transporte
2026-01-13 10:08:04,aut inmobiliaria bogota #629,656595.4,vivienda
2025-12-17 14:20:57,Crepes and Waffles #648,49983.79,alimentacion
2026-02-05 07:22:02,PAGO EN BOLETAS TUBOLETO,17193.31,ocio
2025-08-31 09:48:48,PAGO EN Libreria Panamericana #8707,180799.76,educacion
2025-10-25 02:59:06,PAGO EN Boletas Tuboleto #3053,16377.69,ocio
2026-04-30 12:36:04,payment eps sanitas,28065.34,salud
2026-07-27 00:26:55,PAGO EN Supermercado Exito #9449,24073.8,alimentacion
2025-10-20 04:22:48,tda gasolinera terpel #5140,6129.96,transporte
2026-01-31 16:41:02,pos boletas tuboleto #9895,46599.38,ocio
2025-12-16 18:46:48,pos enel codensa luz #1767,27121.18,servicios
2026-01-15 12:56:16,TDA Spotify,11414.08,ocio
2026-06-10 03:32:41,payment udemy online #5120,32384.96,educacion
2026-03-26 08:33:35,aut recarga celular claro,156591.34,servicios
2026-02-23 22:44:13,POS Papeleria Comercial #7662,7530.16,otras
2026-03-20 12:05:06,TDA Vanti Gas Natural,20799.65,servicios
2026-03-14 21:56:47,COMPRA ACUEDUCTO AGUA,34527.18,servicios
2026-02-15 21:28:10,pago en netflix #9936,20336.02,ocio
2026-03-23 19:02:42,TDA RESTAURANTE DON JEDIONDO,78146.9,alimentacion
2026-03-02 05:05:31,COMPRA CONSULTORIO ODONTOLOGICO,358029.03,salud
2026-01-16 10:24:57,TDA Laboratorio Synlab #7027,85542.91,salud
2026-02-25 13:18:01,pago en oxxo,15602.33,alimentacion
2026-01-11 03:46:29,COMPRA MOVISTAR FACTURA #997,23059.5,servicios
2026-05-07 03:46:05,AUT INMOBILIARIA BOGOTA #628,877383.47,vivienda
2026-06-11 02:28:13,udemy online #9140,1180999.0,educacion
2025-12-19 21:33:39,payment didi ride,5125.46,transporte
2025-08-28 08:47:38,PAYMENT Drogas La Rebaja #5055,184026.34,salud
2025-09-03 22:58:46,PAGO EN D1,41937.32,alimentacion
2026-07-08 11:14:12,COMPRA PANADERIA KUTY,70987.88,alimentacion
2025-12-30 22:12:44,COMPRA Papeleria Comercial,19890.65,otras
2026-04-01 05:24:42,PAGO EN Vanti Gas Natural,16228.76,servicios
2026-06-10 14:34:12,POS Cajero Davivienda #3435,46670.74,otras
2025-12-27 23:11:10,TDA TRANSMILENIO CARD #2415,32499.76,transporte
2025-09-24 05:48:47,PAGO EN Spotify,26382.07,ocio
2025-12-29 11:24:40,PAGO EN Cinemark #8738,13235.88,ocio
2026-01-24 09:54:25,tda netflix #9117,8779.06,ocio
2025-09-08 08:35:24,Cinepolis #5073,4486.59,ocio
2025-11-20 06:49:23,AUT ESTACION TEXACO,37700.78,transporte
2025-11-16 13:16:52,PAYMENT PEAJE CUNDINAMARCA #3013,26410.07,transporte
2025-12-16 15:25:24,AUT Inmobiliaria Bogota #8824,408615.71,vivienda
2025-09-19 10:09:33,TDA Transmilenio Card,11106.48,transporte
2025-09-11 20:57:05,POS Ferreteria El Martillo,551250.56,vivienda
2025-09-30 21:23:41,COMPRA Administracion Conjunto,299601.74,vivienda
2025-10-22 08:54:08,compra drogas la rebaja #6161,19941.32,salud
2026-03-14 12:51:12,INMOBILIARIA BOGOTA #1764,369424.54,vivienda
2025-08-31 22:49:46,PAYMENT NETFLIX,10009.25,ocio
2026-04-29 21:17:06,TDA DIDI RIDE #3321,9275.88,transporte
2026-03-26 01:02:57,PAGO EN Bar El Cervecero #984,4277.38,ocio
2026-08-02 12:11:37,POS SPOTIFY #5134,55039.87,ocio
2025-11-28 23:30:47,AUT Amazon Marketplace #1735,77075.5,otras
2026-05-14 17:14:53,AUT ENEL CODENSA LUZ #5225,16858.13,servicios
2026-04-02 18:54:06,ETB INTERNET,31680.38,servicios
2025-12-18 08:34:20,PAGO EN Platzi Subscripcion #9248,162910.8,educacion
2026-03-26 22:31:31,AUT Laboratorio Synlab #6761,181714.93,salud
2025-12-20 15:37:47,compra platzi subscripcion #5126,36963.05,educacion
2025-09-24 09:18:51,PAYMENT Gasolinera Terpel,48189.48,transporte
2025-09-25 07:02:27,PAYMENT ETB INTERNET,19365.66,servicios
2026-05-06 14:56:18,TDA RESTAURANTE DON JEDIONDO #4196,12472.86,alimentacion
2025-12-25 21:53:19,AUT Peaje Cundinamarca #8348,34603.94,transporte
2026-02-28 16:35:14,pos consultorio odontologico,202771.35,salud
2025-12-27 07:10:54,TDA Movistar Factura,127102.02,servicios
2026-04-13 05:03:22,pos movistar factura #4539,13097.35,servicios
2026-01-05 12:57:58,POS GASOLINERA TERPEL #3874,33827.44,transporte
2025-11-03 18:58:18,compra playstation network,10028.03,ocio
2026-04-21 05:12:51,TDA TRANSFERENCIA NEQUI #2488,48211.78,otras
2026-07-09 19:21:31,AUT Cajero Davivienda #8182,5061.97,otras
2025-11-08 13:48:58,AUT PENSION COLEGIO #2100,21691.51,educacion
2025-11-28 09:52:10,PAGO EN CINEMARK #832,7761.16,ocio
2025-12-10 21:40:14,TDA JUMBO,38683.61,alimentacion
2026-01-20 13:36:41,PAGO EN Recarga Celular Claro #2942,18312.72,servicios
2026-04-16 23:52:50,POS Drogas La Rebaja #5975,101210.7,salud
2025-09-22 03:33:14,PAYMENT CAJERO DAVIVIENDA,61506.28,otras
2026-07-11 06:50:13,TDA Cinepolis #4313,20326.98,ocio
2025-09-23 05:25:34,PAYMENT BOLETAS TUBOLETO,41487.66,ocio
2025-12-26 06:00:11,payment carulla #5906,50648.32,alimentacion
2025-09-12 13:26:41,aut farmatodo #8797,12854.04,salud
2026-06-24 14:02:12,PAYMENT PAPELERIA COMERCIAL #3993,86109.63,otras
2026-02-18 00:16:02,POS ETB Internet #2196,18711.74,servicios
2025-11-06 21:21:20,AUT Optica HP #1544,133447.09,salud
2026-06-22 10:27:24,payment ferreteria el martillo #4678,1875227.47,vivienda
2026-04-27 11:12:29,Libreria Panamericana #1404,170761.92,educacion
2026-03-01 10:01:34,AUT D1 #5494,10971.68,alimentacion
2026-02-01 13:27:47,AUT Coursera Course,32798.74,educacion
2026-03-15 03:07:16,compra ferreteria el martillo,1613065.04,vivienda
2025-11-03 03:17:51,AUT MATRICULA UNIMINUTO,80583.79,educacion
2026-01-20 16:09:42,TDA MERCADOLIBRE #6025,23850.81,otras
2026-04-17 03:31:49,AUT Daviplata Envio #5972,47043.33,otras
2026-02-09 10:50:30,COMPRA Vanti Gas Natural,40855.38,servicios
2026-06-09 22:14:31,COMPRA SPOTIFY,16238.82,ocio
2025-10-26 13:46:00,PAGO EN Restaurante Don Jediondo,30732.17,alimentacion
2026-04-18 06:22:28,aut etb internet,22301.27,servicios
2026-03-05 22:00:08,tda boletas tuboleto,24355.89,ocio
2026-03-29 11:00:51,drogas la rebaja,90122.62,salud
2025-11-08 03:18:32,COMPRA Optica HP #2799,36937.04,salud
2026-07-03 09:49:26,AUT CARULLA #4121,86309.06,alimentacion
2026-08-16 18:11:55,aut mcdonalds #7097,32753.75,alimentacion
2025-11-29 11:47:20,libreria panamericana #6809,35525.48,educacion
2026-03-12 07:44:56,PAYMENT CREPES AND WAFFLES #9138,19787.85,alimentacion
2026-07-14 14:52:50,pago en libreria panamericana #9518,30500.89,educacion
2026-08-15 09:52:59,COMPRA DROGUERIA CRUZ VERDE #3387,36328.18,salud
2026-05-26 14:59:17,PAGO EN Cajero Davivienda,75638.77,otras
2025-09-09 16:34:57,TDA LABORATORIO SYNLAB,20219.35,salud
2025-11-03 08:37:12,POS CAJERO DAVIVIENDA,26594.93,otras
2026-02-13 01:08:00,PAYMENT Coursera Course,44890.11,educacion
2025-11-18 18:53:33,PAYMENT EPS Sanitas #2071,36814.98,salud
2026-06-03 07:42:34,PAYMENT TALLER AUTOMOTRIZ CENTRAL #3770,4633.01,transporte
2026-06-10 17:42:09,Enel Codensa Luz #5968,23568.75,servicios
2026-07-11 06:13:56,pos enel codensa luz,23951.27,servicios
2026-01-23 18:20:52,tda movistar factura #916,37204.04,servicios
2026-07-17 11:57:32,TDA ADMINISTRACION CONJUNTO #3109,833983.21,vivienda
2026-04-20 15:04:38,PEAJE CUNDINAMARCA #716,6133.05,transporte
2026-07-11 23:25:43,TDA PLAYSTATION NETWORK,28536.49,ocio
2025-11-29 02:27:26,COMPRA Pension Colegio #8971,127053.51,educacion
2026-04-25 07:59:56,ADMINISTRACION CONJUNTO,821622.33,vivienda
2025-11-25 00:42:03,AUT Vanti Gas Natural #8618,26755.37,servicios
2026-04-07 22:20:09,TDA ETB Internet #1456,19719.15,servicios
2026-01-22 01:23:23,POS ARA,43227.92,alimentacion
2025-09-30 12:53:15,POS Coursera Course #5566,174679.15,educacion
2025-10-30 23:13:54,COMPRA PAPELERIA COMERCIAL #8734,3839.53,otras
2025-11-20 19:28:41,pago en transferencia nequi #4565,12851.8,otras
2026-02-13 16:43:37,COMPRA OXXO #6538,29615.18,alimentacion
2026-03-22 20:23:32,vanti gas natural #6701,31372.98,servicios
2026-01-28 07:56:54,COMPRA EPS Sanitas #5551,182160.26,salud
2026-08-04 03:46:02,etb internet,16931.91,servicios
2025-11-03 21:07:58,AUT Texaco,11519.94,transporte
2025-12-01 08:18:17,PAYMENT Boletas Tuboleto,9332.2,ocio
2025-08-28 18:04:00,AUT OPTICA HP #797,20298.85,salud
2026-06-20 02:42:04,PAGO EN Cabify,13194.19,transporte
2026-04-30 05:42:03,compra ferreteria el martillo,1158320.11,vivienda
2025-10-24 18:44:46,CAJERO DAVIVIENDA #2373,7678.38,otras
2026-07-14 12:31:00,COMPRA EPS Sanitas #3664,78479.74,salud
2026-05-25 00:23:26,PAYMENT BOLETAS TUBOLETO,4058.9,ocio
2026-06-17 05:23:31,PAYMENT Recarga Celular Claro #466,19210.21,servicios
2025-09-07 22:07:57,tda cinemark,10607.93,ocio
2025-12-17 08:14:58,POS TRANSMILENIO CARD #6238,81419.8,transporte
2025-12-11 03:48:43,TDA LABORATORIO SYNLAB,36232.71,salud
2026-08-02 04:24:40,coursera course #3475,7033.98,educacion
2026-07-31 16:58:38,AUT Enel Codensa Luz #8619,8108.49,servicios
2026-05-05 06:52:56,ferreteria el martillo,744462.49,vivienda
2026-07-27 09:56:51,PAYMENT CAJERO DAVIVIENDA #5842,40691.35,otras
2026-01-18 13:46:29,PAYMENT CINEPOLIS #5443,17375.55,ocio
2026-07-10 17:26:48,libreria panamericana,120702.5,educacion
2025-11-17 02:30:28,pension colegio #7812,398200.74,educacion
2026-03-27 04:18:09,CABIFY #9335,11096.31,transporte
2026-02-27 17:05:57,POS CONSULTORIO ODONTOLOGICO,131189.96,salud
2026-03-08 03:26:31,payment rappi comida,9841.74,alimentacion
2026-07-05 09:06:48,pago en matricula uniminuto #9827,33324.98,educacion
2026-06-14 11:02:54,TDA Gasolinera Terpel #2116,3546.31,transporte
2025-11-23 05:27:58,PAYMENT Udemy Online,70982.29,educacion
2026-07-26 23:11:13,tda pension colegio #4399,93385.05,educacion
2025-11-17 21:28:55,compra daviplata envio #6084,24688.71,otras
2025-10-03 22:08:51,PAGO EN BOLETAS TUBOLETO #5713,13951.17,ocio
2025-12-23 07:36:43,POS Cajero Davivienda #5487,8711.91,otras
2026-05-30 17:59:09,COMPRA PLAYSTATION NETWORK,11694.0,ocio
2026-06-26 09:25:59,AUT PAGO ARRIENDO APTO #6209,297013.24,vivienda
2026-06-02 08:38:42,tda panaderia kuty #5736,108075.27,alimentacion
2026-08-15 17:56:16,PAGO EN UDEMY ONLINE,68572.63,educacion
2025-11-10 02:25:49,POS Vanti Gas Natural #8798,20063.72,servicios
2025-09-27 22:01:25,tda libreria panamericana #3268,664458.96,educacion
2025-11-08 14:04:55,TDA Pago Arriendo Apto,346158.51,vivienda
2026-02-04 02:39:09,POS UDEMY ONLINE #7718,25573.08,educacion
2025-11-24 04:44:52,PAYMENT ACUEDUCTO AGUA,13936.52,servicios
2025-09-08 03:42:27,AUT Papeleria Comercial #4123,20581.1,otras
2026-03-12 14:44:43,pago en transmilenio card,26594.73,transporte
2026-05-16 03:21:17,TDA RESTAURANTE DON JEDIONDO #4743,65626.86,alimentacion
2025-12-18 08:20:42,pos recarga celular claro #3228,125894.21,servicios
2026-01-29 00:22:23,pos recarga celular claro #5800,6976.76,servicios
2026-05-09 14:01:42,panaderia kuty #1818,59100.13,alimentacion
2025-12-03 07:06:40,payment mcdonalds #4518,23255.47,alimentacion
2026-01-05 09:49:54,PAYMENT MERCADOLIBRE,12253.72,otras
2026-05-22 08:59:03,TDA BAR EL CERVECERO #2657,8657.31,ocio
2026-07-02 10:07:30,tda spotify #9690,7071.74,ocio
2025-08-25 14:52:15,COMPRA ETB Internet #3343,73918.24,servicios
2026-08-03 23:47:41,PAGO EN Daviplata Envio,51138.73,otras
2025-08-30 22:53:32,PAYMENT RECARGA CELULAR CLARO #2198,27280.23,servicios
2026-05-01 14:48:53,ADMINISTRACION CONJUNTO #3600,1640660.48,vivienda
2026-05-12 16:04:19,CINEMARK #219,4634.25,ocio
2025-11-18 12:23:08,AUT INMOBILIARIA BOGOTA #5177,328265.14,vivienda
2026-03-20 02:14:32,COMPRA COURSERA COURSE #3786,7233.21,educacion
2025-12-15 13:02:10,VANTI GAS NATURAL,17682.86,servicios
2026-05-16 12:40:00,pos coursera course #280,119855.03,educacion
2026-08-03 04:28:45,TDA Papeleria Comercial #6067,24412.7,otras
2025-10-03 20:04:06,AUT ENEL CODENSA LUZ,29425.15,servicios
2026-07-20 03:01:55,COMPRA RESTAURANTE DON JEDIONDO,11744.67,alimentacion
2026-07-16 12:17:44,TDA Movistar Factura #9787,43559.92,servicios
2026-01-15 07:15:26,aut estacion texaco,22374.22,transporte
2026-08-05 18:17:38,pos acueducto agua #2168,41765.78,servicios
2026-08-12 15:26:25,POS PAGO ARRIENDO APTO #2826,234296.5,vivienda
2025-12-12 06:55:33,payment optica hp #1872,69053.71,salud
2026-08-16 01:36:08,PAGO EN Optica HP,13272.62,salud
2025-12-10 22:37:38,payment enel codensa luz,21196.81,servicios
2026-07-17 04:47:22,PAGO EN UDEMY ONLINE,187444.46,educacion
2026-08-08 03:09:57,PAGO EN STEAM GAMES,14239.36,ocio
2026-04-19 15:04:43,TDA Transmilenio Card,8380.09,transporte
2026-07-24 23:40:25,COMPRA CINEMARK #7475,13418.52,ocio
2026-01-22 05:19:52,pago en panaderia kuty #3476,10665.52,alimentacion
2025-12-01 20:39:01,PAYMENT Uber,50779.13,transporte
2026-07-03 03:12:15,AUT MATRICULA UNIMINUTO,77161.75,educacion
2026-02-16 09:20:02,PAGO EN TRANSFERENCIA NEQUI #2304,67410.09,otras
2026-01-24 19:31:24,TDA DIDI RIDE #3349,11227.5,transporte
2026-05-23 00:58:02,POS MATRICULA UNIMINUTO #7356,52665.13,educacion
2026-07-23 22:27:06,pos homecenter #8425,461154.28,vivienda
2026-07-03 14:25:04,PAYMENT ENEL CODENSA LUZ,45510.77,servicios
2026-05-15 16:46:15,tda mcdonalds,20587.82,alimentacion
2026-03-02 01:49:29,PAYMENT HOMECENTER #9991,1073846.11,vivienda
2026-01-01 01:59:01,tda amazon marketplace #1176,15026.15,otras
2026-04-08 06:34:20,payment drogueria cruz verde #4719,5577.19,salud
2026-06-29 08:08:38,POS ACUEDUCTO AGUA,19107.03,servicios
2026-05-30 23:06:16,COMPRA ACUEDUCTO AGUA #2751,13260.37,servicios
2026-02-09 11:09:02,PAGO EN LIBRERIA PANAMERICANA,102814.66,educacion
2025-08-28 01:22:25,pago en vanti gas natural #1465,13170.77,servicios
2026-04-23 12:28:21,AUT SPOTIFY,25544.63,ocio
2025-10-27 19:01:20,POS Coursera Course,88495.68,educacion
2026-02-05 15:16:43,POS PAPELERIA COMERCIAL #2241,18442.33,otras
2025-10-09 06:54:59,TDA TALLER AUTOMOTRIZ CENTRAL #9149,32542.52,transporte
2026-01-20 00:53:02,COMPRA CINEMARK #9026,26231.99,ocio
2026-04-18 10:35:26,POS VANTI GAS NATURAL #2969,26580.7,servicios
2025-12-17 06:32:38,POS Spotify #6620,7786.6,ocio
2025-09-18 08:54:11,PAYMENT NETFLIX,3859.22,ocio
2025-10-17 17:27:24,AUT Peaje Cundinamarca,9725.97,transporte
2026-03-05 23:19:26,CAJERO DAVIVIENDA #271,11882.09,otras
2026-06-11 13:03:50,pago arriendo apto,777807.6,vivienda
2026-06-09 19:38:13,tda pension colegio,65239.72,educacion
2026-07-12 08:41:18,PAGO EN McDonalds #5445,62965.76,alimentacion
2026-05-10 18:07:47,PAGO EN CAJERO DAVIVIENDA,11932.45,otras
2026-06-21 06:24:23,TDA Easy #525,704874.67,vivienda
2026-02-08 18:38:09,POS Didi Ride,52343.8,transporte
2026-07-22 16:06:34,COMPRA LABORATORIO SYNLAB #9461,71396.76,salud
2025-10-08 06:50:47,AUT MERCADOLIBRE #3713,20742.97,otras
2025-10-23 19:23:12,PAYMENT TRANSFERENCIA NEQUI,12064.9,otras
2026-04-04 17:47:45,pos papeleria comercial #5759,11693.27,otras
2026-06-23 22:35:32,AUT TRANSFERENCIA NEQUI #2222,9408.67,otras
2025-11-02 14:07:30,PAGO EN RECARGA CELULAR CLARO #6525,19445.98,servicios
2026-01-25 09:49:54,TDA EASY #5355,1147848.07,vivienda
2025-10-27 01:46:32,aut amazon marketplace #9231,17643.31,otras
2026-07-23 18:59:31,payment vanti gas natural,11969.73,servicios
2026-07-07 14:13:03,PAYMENT SUPERMERCADO EXITO #5181,149422.84,alimentacion
2025-11-12 14:49:00,TDA PAPELERIA COMERCIAL,30332.2,otras
2025-08-26 08:32:30,TALLER AUTOMOTRIZ CENTRAL #3829,5083.48,transporte
2026-04-25 17:54:59,COURSERA COURSE #7492,58091.89,educacion
2026-04-17 19:02:07,CAJERO DAVIVIENDA #105,24609.46,otras
2026-08-04 14:51:03,Coursera Course #5072,763379.46,educacion
2026-02-13 00:33:26,papeleria comercial #2018,7272.73,otras
2025-11-27 02:26:27,POS Boletas Tuboleto,26455.74,ocio
2026-07-14 06:05:03,POS EPS Sanitas #9662,228532.81,salud
2025-09-05 18:27:21,STEAM GAMES #2022,8603.65,ocio
2026-04-14 10:39:36,AUT Rappi Comida #5124,29085.33,alimentacion
2026-04-07 14:30:39,tda steam games,6467.75,ocio
2025-10-14 09:34:01,AUT DAVIPLATA ENVIO #7569,17971.44,otras
2026-01-07 07:42:33,AUT ETB INTERNET #8405,26318.99,servicios
2026-03-25 17:31:55,AUT D1 #8414,61557.07,alimentacion
2025-08-22 22:00:19,ACUEDUCTO AGUA #6929,51746.4,servicios
2026-03-09 15:36:27,TDA VANTI GAS NATURAL #9888,17173.84,servicios
2026-06-13 18:40:34,COMPRA Recarga Celular Claro #6813,8263.51,servicios
2026-07-04 17:02:35,aut transferencia nequi,21563.45,otras
2026-02-25 08:14:52,PAYMENT AMAZON MARKETPLACE #7774,29541.09,otras
2025-11-12 14:47:13,aut ferreteria el martillo,847164.88,vivienda
2025-11-04 07:53:49,PAYMENT Movistar Factura #3110,22114.66,servicios
2026-07-18 04:16:39,TDA TRANSFERENCIA NEQUI,24953.07,otras
2025-12-07 06:26:42,pago en daviplata envio #9175,100252.25,otras
2026-02-25 08:25:33,tda farmatodo,74600.88,salud
2025-10-06 23:59:26,compra drogas la rebaja #3255,32509.73,salud
2026-07-16 00:05:28,Inmobiliaria Bogota #9756,540300.8,vivienda
2026-04-07 11:37:19,PAYMENT Platzi Subscripcion #6672,80513.26,educacion
2026-07-03 11:30:36,AUT MCDONALDS,134509.75,alimentacion
2026-05-26 15:51:18,pos easy #5732,653448.87,vivienda
2025-10-29 23:26:15,PAYMENT ADMINISTRACION CONJUNTO #6519,720804.62,vivienda
2025-10-26 11:36:50,PAGO EN LABORATORIO SYNLAB #8387,28838.17,salud
2026-06-21 04:44:25,Papeleria Comercial #6367,66103.92,otras
2025-08-28 14:37:47,aut platzi subscripcion,1036960.82,educacion
2025-11-27 02:35:34,PAYMENT COURSERA COURSE,169521.6,educacion
2026-04-14 07:38:31,AUT Texaco,19428.49,transporte
2026-08-04 19:21:25,COMPRA Ara #5195,37400.01,alimentacion
2026-01-07 23:43:06,compra oxxo,5391.37,alimentacion
2026-05-10 04:16:35,pago en pension colegio #589,241392.87,educacion
2026-02-11 08:50:38,aut acueducto agua,29158.44,servicios
2025-08-21 10:38:11,TDA Recarga Celular Claro #3846,34787.22,servicios
2025-10-08 04:00:17,POS Farmatodo #1331,22412.89,salud
2026-05-13 13:53:33,AUT Carulla,26700.42,alimentacion
2026-05-11 04:22:25,COMPRA Vanti Gas Natural,21023.27,servicios
2026-05-21 11:13:04,Laboratorio Synlab #8693,150811.39,salud
2026-05-19 13:42:25,PAYMENT LABORATORIO SYNLAB #1349,32317.5,salud
2026-05-30 07:25:57,PAGO EN OPTICA HP #6796,484525.99,salud
2025-11-24 22:38:26,TDA TALLER AUTOMOTRIZ CENTRAL #5174,26576.33,transporte
2025-09-23 10:30:48,compra recarga celular claro #3094,12513.84,servicios
2025-09-09 06:03:22,POS Rappi Comida #1387,32766.53,alimentacion
2025-12-24 16:56:55,PAYMENT LABORATORIO SYNLAB #1399,23936.44,salud
2026-02-16 07:51:11,TDA JUMBO #159,6276.04,alimentacion
2026-04-09 22:15:52,PAGO EN CAJERO DAVIVIENDA #4549,109040.1,otras
2026-06-24 23:56:34,payment coursera course,229525.88,educacion
2026-05-20 00:04:44,gasolinera terpel,29140.57,transporte
2026-06-27 22:49:17,PAYMENT Optica HP #393,58802.76,salud
2025-08-19 12:24:46,payment netflix,5077.57,ocio
2026-03-01 09:07:02,COMPRA PLATZI SUBSCRIPCION,55251.98,educacion
2026-01-12 09:02:29,PAYMENT RECARGA CELULAR CLARO #5697,44581.24,servicios
2026-01-17 17:17:09,pos pago arriendo apto #6202,388196.91,vivienda
2026-01-08 11:29:41,COMPRA DAVIPLATA ENVIO,1751.5,otras
2026-07-29 22:35:36,POS McDonalds,30282.19,alimentacion
2025-09-02 09:45:27,aut playstation network #2304,12097.69,ocio
2025-10-26 02:18:55,TDA DIDI RIDE,20373.84,transporte
2025-10-22 09:42:55,POS Taller Automotriz Central #825,34740.69,transporte
2026-02-24 20:02:42,AUT Vanti Gas Natural,39441.09,servicios
2026-07-24 09:02:08,aut drogueria cruz verde #1306,65162.98,salud
2025-10-07 16:01:27,Carulla #9106,94506.61,alimentacion
2025-12-18 16:03:26,COMPRA Netflix #2547,4613.4,ocio
2026-03-11 10:21:11,Transferencia Nequi #3339,36482.28,otras
2025-10-11 12:04:37,AUT NETFLIX,20714.24,ocio
2025-10-01 19:29:30,Bar El Cervecero #7134,5610.0,ocio
2025-09-03 14:03:58,PAGO EN Transferencia Nequi,4900.68,otras
2026-02-27 07:25:30,CAJERO DAVIVIENDA,10446.87,otras
2026-06-03 20:39:50,COMPRA Didi Ride #7763,9942.89,transporte
2026-08-12 03:35:59,PAYMENT MOVISTAR FACTURA #9951,42279.25,servicios
2025-12-05 07:30:06,POS Easy #9522,504476.6,vivienda
2026-04-12 11:22:52,PAYMENT Papeleria Comercial #7214,9354.86,otras
2026-03-06 04:58:46,COMPRA AMAZON MARKETPLACE,11948.56,otras
2026-02-02 16:09:56,PAGO EN Easy #5713,1427134.86,vivienda
2025-12-17 23:31:05,PAYMENT MERCADOLIBRE #6266,22315.65,otras
2026-02-24 05:27:28,PAYMENT Cabify,15346.98,transporte
2026-03-21 05:42:31,FERRETERIA EL MARTILLO,682826.92,vivienda
2026-04-21 16:28:24,AUT LABORATORIO SYNLAB #3809,203061.95,salud
2025-09-07 02:30:42,pago en panaderia kuty #7815,19943.58,alimentacion
2025-10-14 03:41:28,tda recarga celular claro #916,59237.2,servicios
2025-11-14 16:54:02,pos crepes and waffles #5905,42976.0,alimentacion
2025-08-31 08:42:19,compra amazon marketplace #2849,18761.85,otras
2025-11-26 11:54:29,PAGO EN Farmatodo #2619,767574.29,salud
2026-05-18 14:29:44,homecenter #969,387168.9,vivienda
2026-02-02 22:15:58,DIDI RIDE,13117.24,transporte
2026-07-31 02:04:57,COMPRA Cabify #1881,5948.01,transporte
2025-09-02 06:39:04,COMPRA TALLER AUTOMOTRIZ CENTRAL,42498.15,transporte
2026-01-02 21:27:11,PAYMENT DIDI RIDE,82476.61,transporte
2026-03-23 05:59:16,TDA SUPERMERCADO EXITO #4456,138128.3,alimentacion
2026-02-11 05:04:28,PAGO EN Pago Arriendo Apto,1520225.52,vivienda
2025-09-30 02:56:09,udemy online #2687,77874.62,educacion
2026-07-20 02:20:44,easy #6936,585871.3,vivienda
2025-10-04 10:59:09,Amazon Marketplace,4141.57,otras
2025-09-22 18:39:14,POS FERRETERIA EL MARTILLO,2474438.65,vivienda
2026-07-20 14:24:17,pago en consultorio odontologico #3971,82114.99,salud
2025-10-26 14:16:16,TDA SUPERMERCADO EXITO #9320,24500.15,alimentacion
2026-06-04 16:21:40,pos panaderia kuty #7526,105076.67,alimentacion
2026-07-02 21:22:10,COMPRA PLATZI SUBSCRIPCION #8109,30720.41,educacion
2026-03-24 04:17:28,PAGO EN BAR EL CERVECERO,17758.78,ocio
2026-04-01 21:21:14,tda pension colegio #6662,80245.43,educacion
2026-04-01 01:30:03,TDA Consultorio Odontologico,98967.31,salud
2026-03-09 17:15:50,Cajero Davivienda,20669.75,otras
2025-10-26 13:28:07,compra ferreteria el martillo #3887,305420.03,vivienda
2026-08-09 21:19:04,POS Acueducto Agua #3573,28151.22,servicios
2025-11-21 00:47:54,tda optica hp #8511,155398.89,salud
2026-05-07 07:41:22,PAYMENT ADMINISTRACION CONJUNTO #8471,716741.24,vivienda
2026-07-28 01:18:41,POS PAGO ARRIENDO APTO,1161321.42,vivienda
2025-08-27 12:25:47,tda spotify,6426.14,ocio
2026-05-09 00:44:10,COMPRA Jumbo #1762,35560.52,alimentacion
2025-10-03 19:28:58,DROGAS LA REBAJA #4253,24662.48,salud
2026-01-09 12:15:38,TDA SPOTIFY,22536.39,ocio
2026-08-13 06:44:10,PAGO EN PAGO ARRIENDO APTO #1289,743329.68,vivienda
2026-07-08 11:38:16,Farmatodo #1670,104723.73,salud
2025-10-16 03:44:10,POS PAPELERIA COMERCIAL #5940,65362.92,otras
2025-09-17 22:00:32,transferencia nequi #4470,43985.64,otras
2026-07-06 01:07:22,COMPRA Ara #5001,45183.84,alimentacion
2026-04-30 13:47:49,POS ENEL CODENSA LUZ #2660,14780.63,servicios
2026-02-09 18:32:56,COMPRA Cinemark #8467,13333.7,ocio
2025-11-30 00:40:29,RAPPI COMIDA #9707,23707.05,alimentacion
2026-04-29 23:30:29,PAGO EN EASY,593363.0,vivienda
2025-12-23 08:55:35,TDA Easy #4260,582613.62,vivienda
2026-04-29 06:25:06,POS Taller Automotriz Central #8246,7465.64,transporte
2026-02-09 09:39:42,PAYMENT Bar El Cervecero,3394.33,ocio
2026-05-28 12:56:26,vanti gas natural #8536,18017.78,servicios
2026-08-04 15:09:50,PAYMENT DROGAS LA REBAJA #7154,60640.45,salud
2025-10-06 15:47:47,movistar factura,11981.2,servicios
2026-07-18 16:47:13,COMPRA Boletas Tuboleto #251,13507.19,ocio
2026-06-24 17:30:24,PAYMENT RAPPI COMIDA,166078.32,alimentacion
2025-12-05 07:46:03,pos pension colegio #9313,336942.6,educacion
2026-06-23 09:42:50,AUT BOLETAS TUBOLETO #1367,42212.81,ocio
2026-06-02 07:09:48,PAYMENT EASY #8376,922346.94,vivienda
2026-03-17 22:18:38,POS Carulla #4761,92411.61,alimentacion
2026-01-12 13:15:58,POS ETB Internet,17424.3,servicios
2026-01-19 08:04:32,eps sanitas #8305,24130.35,salud
2025-10-25 13:37:33,PAGO EN Inmobiliaria Bogota,141000.1,vivienda
2026-06-12 19:32:38,compra peaje cundinamarca #1965,52445.56,transporte
2025-09-21 01:44:25,AUT PAPELERIA COMERCIAL,102777.73,otras
2026-07-14 10:53:02,aut boletas tuboleto #5842,9070.44,ocio
2025-10-19 17:09:44,payment enel codensa luz,23100.95,servicios
2026-06-16 03:50:31,PAYMENT EPS SANITAS #661,21391.56,salud
2025-12-06 02:14:23,PAYMENT Consultorio Odontologico #129,74676.36,salud
2026-06-05 16:47:57,payment didi ride #3264,49634.39,transporte
2025-10-16 07:05:03,PAGO EN BOLETAS TUBOLETO #8550,3944.43,ocio
2025-12-11 09:06:05,compra restaurante don jediondo #6659,50390.14,alimentacion
2026-06-24 13:14:31,tda cinemark #4753,11007.47,ocio
2026-05-30 05:25:48,PAYMENT HOMECENTER,780770.58,vivienda
2026-08-03 09:51:32,AUT CAJERO DAVIVIENDA #7223,34856.47,otras
2026-04-08 19:35:58,PAGO EN VANTI GAS NATURAL #9294,24030.49,servicios
2026-01-03 20:58:48,pos transferencia nequi #5905,19859.01,otras
2025-09-23 18:16:08,BAR EL CERVECERO #5075,11502.13,ocio
2026-03-04 12:43:09,pos transmilenio card,43186.56,transporte
2026-02-23 14:03:44,COMPRA FERRETERIA EL MARTILLO #630,937766.23,vivienda
2026-07-27 07:05:33,PAGO EN BOLETAS TUBOLETO,15590.37,ocio
2026-02-18 11:11:05,PAYMENT PAPELERIA COMERCIAL #4064,6179.84,otras
2026-03-24 02:31:02,payment inmobiliaria bogota #9229,581201.13,vivienda
2026-01-28 17:44:55,payment optica hp #4739,131733.48,salud
2026-06-07 05:26:55,drogueria cruz verde #4402,51096.24,salud
2026-06-28 09:27:37,DROGAS LA REBAJA #5363,101263.83,salud
2026-04-12 20:06:26,pago en oxxo #613,149224.84,alimentacion
2026-02-02 00:36:19,AUT Panaderia Kuty #9120,83356.75,alimentacion
2026-01-29 21:12:43,tda amazon marketplace #8626,24177.03,otras
2025-09-02 03:21:19,PAYMENT DROGAS LA REBAJA #3615,27942.72,salud
2025-12-28 03:44:16,AUT PENSION COLEGIO #1073,4608.88,educacion
2026-05-07 03:19:23,compra didi ride #5133,15497.8,transporte
2026-04-25 22:36:48,PAYMENT Inmobiliaria Bogota,599824.57,vivienda
2026-05-21 14:00:35,AUT TALLER AUTOMOTRIZ CENTRAL #6862,25625.15,transporte
2026-08-13 20:53:45,udemy online #8488,82068.84,educacion
2026-03-10 05:02:19,POS ADMINISTRACION CONJUNTO #6286,601853.27,vivienda
2026-04-25 19:01:22,payment netflix,3844.58,ocio
2025-09-19 01:06:11,COMPRA SUPERMERCADO EXITO #712,17120.4,alimentacion
2026-02-15 06:33:50,pago en matricula uniminuto #7769,174902.03,educacion
2025-09-17 04:29:06,pago en estacion texaco #6145,84483.95,transporte
2025-12-12 02:18:47,POS Ara,33589.87,alimentacion
2025-10-06 01:31:54,OPTICA HP #296,70304.58,salud
2026-08-03 02:07:00,PAYMENT Vanti Gas Natural #8984,47642.8,servicios
2026-07-10 06:08:50,aut farmatodo #8737,20090.79,salud
2026-03-08 14:00:58,tda udemy online,153303.8,educacion
2025-12-10 04:32:00,payment movistar factura #2402,17252.39,servicios
2025-09-04 23:18:17,PAGO EN STEAM GAMES #342,24474.26,ocio
2025-09-16 03:46:47,aut libreria panamericana #8893,118383.38,educacion
2026-03-04 19:48:54,TDA MOVISTAR FACTURA #7661,32179.06,servicios
2026-03-03 18:03:45,PAGO EN Didi Ride #1307,8916.52,transporte
2026-01-24 20:03:53,POS TRANSMILENIO CARD,34075.34,transporte
2026-02-13 21:21:26,AUT ETB Internet,93979.11,servicios
2026-05-24 04:13:14,TDA UBER #204,7279.95,transporte
2026-06-29 02:31:15,PAYMENT Ara,27672.46,alimentacion
2026-01-02 11:33:01,Texaco #2151,22213.31,transporte
2026-04-01 20:19:59,TDA ETB Internet #5077,43124.38,servicios
2026-06-11 22:45:07,AUT ACUEDUCTO AGUA,19230.87,servicios
2025-08-23 18:04:48,COMPRA GASOLINERA TERPEL #4702,1408.49,transporte
2026-06-01 00:33:21,pos transmilenio card #9313,61283.78,transporte
2026-02-13 04:47:22,pago en matricula uniminuto,245882.08,educacion
2026-06-18 18:08:47,pago en pago arriendo apto,256332.7,vivienda
2026-07-10 18:56:02,PAGO EN ARA #8330,22335.78,alimentacion
2025-09-04 00:17:12,TDA Crepes and Waffles #882,127331.09,alimentacion
2026-01-26 02:11:26,pos vanti gas natural #8346,64130.66,servicios
2025-12-11 00:43:15,POS Inmobiliaria Bogota #4403,1281041.55,vivienda
2026-04-02 11:37:25,PAGO EN Boletas Tuboleto #2150,11810.23,ocio
2026-02-10 03:20:06,pago en eps sanitas,53706.33,salud
2026-02-08 04:15:48,PAYMENT MATRICULA UNIMINUTO,84363.41,educacion
2026-06-27 04:00:15,pago en homecenter #9612,1435385.3,vivienda
2025-12-27 23:54:43,AUT TRANSFERENCIA NEQUI,9174.27,otras
2025-11-07 09:44:41,PAYMENT Uber,8732.27,transporte
2025-09-16 19:30:47,compra matricula uniminuto,331813.89,educacion
2026-04-09 00:37:33,POS MATRICULA UNIMINUTO,93598.18,educacion
2026-07-21 22:29:34,EPS SANITAS,223309.52,salud
2025-09-27 17:31:06,POS TRANSMILENIO CARD #6597,9854.06,transporte
2026-03-12 23:11:25,pos carulla,34758.43,alimentacion
2025-08-19 16:56:37,PAYMENT STEAM GAMES,7004.52,ocio
2025-10-01 17:57:54,POS HOMECENTER #4828,732645.77,vivienda
2025-10-23 03:08:04,pago en udemy online,16743.14,educacion
2026-02-18 17:31:28,payment coursera course,54986.33,educacion
2026-05-13 02:32:47,PAGO EN COURSERA COURSE #7756,17614.81,educacion
2026-07-20 20:03:58,Homecenter #977,1106103.39,vivienda
2026-06-02 11:19:41,pos amazon marketplace,45097.83,otras
2026-05-26 08:25:46,payment easy #5178,258291.06,vivienda
2025-12-13 00:44:43,PAYMENT Inmobiliaria Bogota #1912,1623884.13,vivienda
2026-06-29 05:23:20,POS Taller Automotriz Central #7032,170701.83,transporte
2026-01-04 12:40:51,AUT ARA #1620,37677.0,alimentacion
2026-05-06 02:44:43,matricula uniminuto #9797,45737.0,educacion
2026-05-06 14:51:15,COMPRA PENSION COLEGIO #8603,2926145.86,educacion
2026-06-25 22:14:24,PAGO EN ETB INTERNET #2750,12193.02,servicios
2025-09-20 11:15:49,Taller Automotriz Central,18363.05,transporte
2025-10-08 21:47:53,COMPRA Administracion Conjunto,812420.52,vivienda
2025-10-30 12:50:57,aut ara,106523.2,alimentacion
2026-06-30 07:49:12,TDA EPS SANITAS #5801,72817.59,salud
2026-05-14 17:56:15,pos etb internet,19946.71,servicios
2026-07-17 01:01:02,POS DAVIPLATA ENVIO,8508.45,otras
2025-11-06 16:36:18,TDA UDEMY ONLINE,65500.55,educacion
2026-04-26 08:03:05,TDA Papeleria Comercial #3312,8047.14,otras
2026-04-26 18:27:32,Boletas Tuboleto #4091,13814.55,ocio
2026-02-02 16:17:16,PAYMENT OPTICA HP,26354.23,salud
2026-07-16 17:20:58,POS Papeleria Comercial #1381,4944.16,otras
2025-10-30 13:53:48,AUT Administracion Conjunto #2137,1548949.43,vivienda
2025-12-12 07:12:10,payment mercadolibre #646,13390.86,otras
2025-10-13 23:26:56,aut bar el cervecero,5498.9,ocio
2026-01-28 06:38:39,PAYMENT ADMINISTRACION CONJUNTO,659372.91,vivienda
2025-10-01 15:55:11,compra peaje cundinamarca #6542,19178.29,transporte
2026-08-02 21:33:56,administracion conjunto #5052,255792.02,vivienda
2026-05-31 08:23:04,pos transferencia nequi,30688.63,otras
2026-02-06 08:37:27,payment bar el cervecero #3881,6418.82,ocio
2026-02-16 13:02:34,TDA Administracion Conjunto #1722,2036243.58,vivienda
2026-07-17 08:19:43,TDA VANTI GAS NATURAL #2572,36841.36,servicios
2026-04-01 17:08:57,LABORATORIO SYNLAB,31574.65,salud
2025-11-03 15:03:18,COMPRA CREPES AND WAFFLES #978,20007.57,alimentacion
2026-03-26 13:55:17,TDA TEXACO,16408.08,transporte
2025-09-06 05:04:26,pos boletas tuboleto #9691,20515.86,ocio
2025-08-20 11:50:19,platzi subscripcion,95741.49,educacion
2026-04-19 06:17:27,POS ESTACION TEXACO,14832.22,transporte
2026-02-01 03:00:01,consultorio odontologico #5063,52271.54,salud
2026-07-13 00:07:18,AUT Acueducto Agua #9286,18726.31,servicios
2026-05-30 16:30:46,COMPRA DAVIPLATA ENVIO,15627.6,otras
2026-04-05 20:04:19,tda ara #2145,6845.63,alimentacion
2026-03-20 16:56:15,compra papeleria comercial,58321.51,otras
2025-08-31 19:28:13,TDA BAR EL CERVECERO #2369,16467.74,ocio
2026-01-19 15:44:09,AUT TRANSMILENIO CARD #2388,8990.19,transporte
2026-03-04 19:16:01,AUT INMOBILIARIA BOGOTA,2278985.6,vivienda
2026-05-25 20:20:19,PAYMENT Matricula Uniminuto #3759,109581.05,educacion
2026-08-15 15:53:43,payment farmatodo #2006,15681.58,salud
2026-08-03 22:20:17,COMPRA ACUEDUCTO AGUA #3201,44983.11,servicios
2025-11-15 11:57:48,PEAJE CUNDINAMARCA #4587,25802.93,transporte
2025-09-10 00:15:13,compra pago arriendo apto,924259.35,vivienda
2025-08-24 19:43:15,COMPRA EASY,564980.58,vivienda
2026-03-29 06:54:49,Consultorio Odontologico #7541,80462.4,salud
2026-03-20 07:09:42,AUT EPS SANITAS #9654,36756.34,salud
2025-11-29 10:58:38,COMPRA Netflix #6890,19715.47,ocio
2026-01-26 10:26:52,TDA Platzi Subscripcion #4168,10037.33,educacion
2025-10-01 20:24:42,TDA ETB INTERNET #8411,20737.02,servicios
2026-04-16 06:23:55,PAGO EN TEXACO,84960.32,transporte
2025-12-30 02:31:14,PAGO EN MCDONALDS #8615,19660.09,alimentacion
2026-05-15 07:45:02,POS AMAZON MARKETPLACE,12042.07,otras
2025-08-25 12:22:46,CINEPOLIS,9763.7,ocio
2025-12-07 06:54:00,PAYMENT OPTICA HP #954,12883.64,salud
2025-10-31 01:53:27,TDA Cinemark #4465,2847.52,ocio
2025-12-28 23:20:05,COMPRA Homecenter #3025,635170.13,vivienda
2025-11-15 13:48:10,TDA VANTI GAS NATURAL #2488,29188.08,servicios
2025-11-10 18:13:09,AUT MATRICULA UNIMINUTO,92687.97,educacion
2026-08-05 11:35:34,tda bar el cervecero,12071.29,ocio
2025-12-27 03:34:48,Amazon Marketplace #7560,22995.2,otras
2026-07-14 21:12:39,Ferreteria El Martillo #8109,1347423.6,vivienda
2026-04-29 13:44:19,POS BAR EL CERVECERO #2492,11692.32,ocio
2025-10-07 08:55:53,tda cajero davivienda #1154,12405.78,otras
2026-05-25 05:14:48,payment homecenter #8745,616198.67,vivienda
2026-01-16 00:58:06,TDA BOLETAS TUBOLETO #7162,20041.15,ocio
2026-07-06 23:19:13,AUT DROGAS LA REBAJA #2727,231707.15,salud
2026-04-27 20:11:15,AUT Supermercado Exito #6619,21971.14,alimentacion
2026-01-04 08:16:12,tda restaurante don jediondo #2821,39306.57,alimentacion
2026-06-24 00:42:08,PAYMENT Laboratorio Synlab #2906,71124.93,salud
2026-04-15 22:26:09,tda rappi comida,16414.78,alimentacion
2025-12-05 03:08:13,TDA Estacion Texaco #7092,18368.19,transporte
2026-06-04 10:00:04,pago en coursera course #143,17003.79,educacion
2026-05-03 11:51:42,aut carulla #468,8819.85,alimentacion
2025-10-06 13:42:43,payment laboratorio synlab #1236,73381.05,salud
2025-11-02 21:46:21,AUT EPS Sanitas,32136.18,salud
2026-04-09 16:26:05,payment easy #2672,823540.7,vivienda
2025-09-25 14:56:09,PAGO EN BAR EL CERVECERO #419,13193.42,ocio
2026-02-25 04:17:46,pos cinemark #5073,6744.75,ocio
2025-11-16 14:11:01,COMPRA LIBRERIA PANAMERICANA #2933,93497.95,educacion
2026-03-21 16:28:53,COMPRA SUPERMERCADO EXITO #7502,13541.56,alimentacion
2025-08-24 11:26:03,POS ADMINISTRACION CONJUNTO #8766,1680468.89,vivienda
2026-07-25 13:05:06,PAGO EN Easy,323326.46,vivienda
2026-01-03 02:20:06,payment pension colegio #3453,78046.31,educacion
2025-10-18 00:45:18,compra acueducto agua,14395.01,servicios
2026-07-04 23:29:09,tda peaje cundinamarca #2131,30133.09,transporte
2025-08-29 20:25:37,payment acueducto agua,22051.62,servicios
2025-12-26 14:21:39,COMPRA MATRICULA UNIMINUTO #123,52976.3,educacion
2025-09-30 16:42:56,POS PLATZI SUBSCRIPCION,274811.82,educacion
2025-11-13 11:21:04,PAGO EN VANTI GAS NATURAL #170,27382.47,servicios
2026-03-23 16:29:30,platzi subscripcion,183500.62,educacion
2026-02-22 07:41:53,tda cabify,7456.24,transporte
2025-12-27 14:29:47,AUT Pension Colegio,18292.01,educacion
2026-06-12 05:31:46,POS LABORATORIO SYNLAB #4945,55156.44,salud
2026-06-12 12:14:58,pago en cinepolis,10687.26,ocio
2025-11-29 07:38:38,aut acueducto agua,39177.61,servicios
2026-07-14 20:47:07,PAGO EN Inmobiliaria Bogota,695269.58,vivienda
2026-07-22 17:52:44,TDA NETFLIX #2764,15422.04,ocio
2026-04-09 02:49:52,AUT OXXO,9909.94,alimentacion
2025-09-26 21:07:08,PAYMENT PAPELERIA COMERCIAL,145573.58,otras
2025-09-06 00:24:44,POS Libreria Panamericana,81057.14,educacion
2026-06-23 17:32:33,PAYMENT Udemy Online #5668,228000.79,educacion
2026-07-10 06:41:50,PAGO EN FERRETERIA EL MARTILLO #1845,441681.8,vivienda
2025-09-27 13:25:43,netflix #8399,16574.27,ocio
2026-04-11 04:50:57,payment eps sanitas,11694.46,salud
2026-07-03 07:02:55,POS EPS SANITAS #7393,80601.67,salud
2025-09-02 17:37:42,POS D1 #5977,27315.8,alimentacion
2025-09-27 08:56:51,payment crepes and waffles #9005,37173.54,alimentacion
2026-04-19 01:46:55,COMPRA Pension Colegio,228106.71,educacion
2026-07-21 15:32:12,tda bar el cervecero,5637.65,ocio
2026-08-06 05:26:52,pos netflix #5877,8273.85,ocio
2025-10-17 10:05:39,PAYMENT CAJERO DAVIVIENDA #1546,34798.32,otras
2025-12-08 21:13:42,AUT HOMECENTER,2568757.52,vivienda
2026-02-04 21:41:24,payment platzi subscripcion #2439,83642.01,educacion
2026-02-26 23:47:08,PLATZI SUBSCRIPCION,200659.22,educacion
2026-07-21 12:01:30,AUT Recarga Celular Claro #5943,25230.71,servicios
2025-10-16 08:35:07,Transferencia Nequi,153621.27,otras
2026-01-05 16:43:07,POS FARMATODO,7172.83,salud
2026-07-01 13:34:36,POS RECARGA CELULAR CLARO,28474.74,servicios
2025-10-04 04:44:02,TDA AMAZON MARKETPLACE,4334.91,otras
2026-02-03 23:13:56,tda inmobiliaria bogota,162114.32,vivienda
2026-06-12 04:05:18,TDA Recarga Celular Claro #4137,32159.95,servicios
2025-11-20 16:57:23,MERCADOLIBRE,25323.75,otras
2025-12-27 23:46:43,TDA Cabify #896,13955.75,transporte
2026-03-01 13:35:52,AUT Pago Arriendo Apto,684390.23,vivienda
2025-09-19 12:52:55,AUT Netflix #9288,116869.08,ocio
2026-01-09 01:48:12,TDA Acueducto Agua #4330,23042.48,servicios
2026-06-06 14:06:44,TDA AMAZON MARKETPLACE #9413,36685.04,otras
2026-01-04 11:53:06,compra rappi comida #4762,21601.29,alimentacion
2026-05-02 16:39:00,PAGO EN Platzi Subscripcion #4239,140685.07,educacion
2025-10-15 07:33:50,POS PLATZI SUBSCRIPCION,74170.34,educacion
2026-01-28 05:10:51,ACUEDUCTO AGUA #7080,21029.66,servicios
2025-10-10 00:38:43,TDA Steam Games #7504,47725.87,ocio
2026-01-24 23:42:00,POS Peaje Cundinamarca,52024.31,transporte
2026-08-01 05:01:11,aut administracion conjunto,791787.23,vivienda
2026-07-14 11:18:00,PAYMENT Cinepolis,2662.58,ocio
2026-06-22 00:43:20,aut enel codensa luz,21663.72,servicios
2026-01-04 22:25:35,PAYMENT EASY #9146,3692508.29,vivienda
2026-02-05 07:34:38,PAGO EN MERCADOLIBRE,17489.19,otras
2026-06-12 12:46:50,POS LIBRERIA PANAMERICANA #3549,370964.29,educacion
2026-05-23 03:12:05,tda papeleria comercial #7734,93147.77,otras
2025-09-13 10:59:19,TDA RECARGA CELULAR CLARO,30680.37,servicios
2025-12-26 19:39:48,tda panaderia kuty #8420,18518.82,alimentacion
2026-01-20 10:06:08,COMPRA Acueducto Agua #3333,6240.48,servicios
2026-02-02 00:17:30,pos steam games #3198,21566.88,ocio
2026-01-17 03:57:08,AUT Netflix #808,7552.78,ocio
2026-04-30 19:43:58,INMOBILIARIA BOGOTA,810729.93,vivienda
2025-10-15 01:25:13,COMPRA ENEL CODENSA LUZ #3997,12709.54,servicios
2025-09-08 21:16:17,PAGO EN CINEMARK,11095.93,ocio
2026-05-21 11:31:50,COMPRA D1,37308.45,alimentacion
2026-07-23 13:37:00,POS Amazon Marketplace #5502,28813.34,otras
2025-12-10 06:47:47,pago en easy #5747,373661.91,vivienda
2026-01-20 13:22:58,pos jumbo #1960,94610.97,alimentacion
2026-05-16 14:17:05,PAYMENT UBER,10538.54,transporte
2026-07-22 16:29:14,STEAM GAMES #6516,4137.6,ocio
2026-05-24 15:47:17,AUT DROGUERIA CRUZ VERDE #9882,43480.78,salud
2025-12-17 06:17:47,TDA EPS Sanitas,50909.91,salud
2025-08-20 12:05:56,POS ENEL CODENSA LUZ #6739,29624.4,servicios
2026-08-02 00:59:47,farmatodo #8964,219332.83,salud
2026-04-11 11:47:42,payment oxxo #6968,30056.7,alimentacion
2026-05-16 09:40:05,TDA SPOTIFY #4305,12286.62,ocio
2026-02-06 17:13:42,AUT Bar El Cervecero #2165,6171.96,ocio
2025-11-05 02:25:42,pago en easy #8287,1193418.1,vivienda
2026-04-16 21:53:56,compra pension colegio,123151.54,educacion
2026-04-27 15:52:16,TDA FERRETERIA EL MARTILLO,566925.6,vivienda
2026-05-15 07:20:44,pos recarga celular claro #4100,8580.05,servicios
2026-07-28 04:10:28,TDA ETB Internet,64000.57,servicios
2026-01-21 12:42:41,POS ACUEDUCTO AGUA #3110,12879.5,servicios
2026-07-25 13:43:27,pago en cajero davivienda,12194.28,otras
2025-09-19 04:00:00,POS MERCADOLIBRE #7673,31518.96,otras
2026-03-14 03:41:17,TDA CABIFY #733,6143.18,transporte
2026-01-15 21:26:53,pago en administracion conjunto,297715.66,vivienda
2026-05-23 14:53:50,pos daviplata envio #1310,2633.46,otras
2026-07-25 03:28:48,COMPRA Easy,1124217.92,vivienda
2026-03-07 13:34:27,AUT Estacion Texaco,11040.57,transporte
2025-12-05 16:50:40,POS DROGUERIA CRUZ VERDE,1226894.95,salud
2025-09-22 11:35:09,COMPRA TRANSFERENCIA NEQUI #6946,8148.95,otras
2026-03-19 17:27:42,compra restaurante don jediondo,17375.9,alimentacion
2026-03-07 21:38:50,TDA Amazon Marketplace #7538,12514.05,otras
2026-06-07 10:37:41,AUT Steam Games #8144,15838.43,ocio
2025-10-18 14:00:28,AUT DAVIPLATA ENVIO,13763.79,otras
2025-08-28 06:24:36,compra pago arriendo apto,1053258.58,vivienda
2026-04-04 12:58:43,compra carulla #9552,16599.52,alimentacion
2025-11-19 03:53:41,PAYMENT PLATZI SUBSCRIPCION,18808.98,educacion
2026-05-26 14:00:07,tda netflix,3794.28,ocio
2026-03-01 15:56:43,PAYMENT Crepes and Waffles,6131.17,alimentacion
2026-05-28 17:03:02,PAYMENT Enel Codensa Luz #4311,19715.46,servicios
2026-07-10 06:34:16,pago en netflix #7522,10821.76,ocio
2025-11-26 07:33:02,PAYMENT UDEMY ONLINE #8887,46271.23,educacion
2026-03-02 12:40:55,transferencia nequi,76374.63,otras
2025-10-04 12:27:57,PAYMENT Enel Codensa Luz #966,56208.21,servicios
2026-06-07 06:05:41,AUT Estacion Texaco #7534,13342.07,transporte
2025-10-04 21:11:50,PAGO EN LABORATORIO SYNLAB #8659,6813.67,salud
2025-12-11 03:38:37,Laboratorio Synlab,26281.6,salud
2026-05-30 14:27:57,PAGO EN PEAJE CUNDINAMARCA #539,10510.82,transporte
2026-02-09 10:04:57,POS Homecenter,491746.7,vivienda
2025-11-17 03:01:53,PAYMENT OXXO,20781.63,alimentacion
2026-03-31 07:17:32,POS D1,21530.58,alimentacion
2026-05-21 23:26:20,PAGO EN Vanti Gas Natural,21334.38,servicios
2026-05-02 21:32:45,COMPRA CINEMARK #8680,8562.28,ocio
2026-07-11 09:42:57,ESTACION TEXACO,21752.64,transporte
2025-11-16 05:58:19,PAGO EN SPOTIFY,17193.01,ocio
2025-12-11 15:12:22,POS Recarga Celular Claro #1502,15577.97,servicios
2026-05-03 10:36:43,POS Coursera Course #145,453739.44,educacion
2026-03-27 21:00:30,POS Taller Automotriz Central,7464.73,transporte
2025-10-10 19:04:25,VANTI GAS NATURAL,10191.61,servicios
2026-01-11 02:32:40,PAYMENT Rappi Comida,49247.92,alimentacion
2026-05-30 20:33:29,RAPPI COMIDA #4769,18884.06,alimentacion
2025-09-27 07:13:51,aut acueducto agua #7352,32623.07,servicios
2026-03-06 00:07:29,COMPRA PAPELERIA COMERCIAL,1990.88,otras
2025-10-31 05:11:24,PAGO EN GASOLINERA TERPEL,63146.35,transporte
2026-02-09 20:55:02,tda supermercado exito #1838,62182.86,alimentacion
2025-10-13 08:25:13,TDA CINEPOLIS #6198,4673.51,ocio
2026-01-29 18:10:59,AUT Steam Games #3862,4745.04,ocio
2025-09-18 06:14:52,pos drogueria cruz verde #2920,308504.74,salud
2025-09-10 14:07:55,aut cajero davivienda,10536.7,otras
2026-07-28 11:57:06,TDA Papeleria Comercial,9564.51,otras
2026-02-18 09:26:43,spotify #5364,2734.66,ocio
2026-02-06 16:59:44,PAGO EN PAPELERIA COMERCIAL #2836,15509.71,otras
2026-01-07 20:30:59,TDA ETB Internet,23467.42,servicios
2026-03-09 19:30:09,TDA LIBRERIA PANAMERICANA #4708,232952.93,educacion
2026-04-02 21:14:02,PAGO EN MATRICULA UNIMINUTO,18418.41,educacion
2026-03-06 23:21:46,Matricula Uniminuto,15925.17,educacion
2026-07-22 02:12:43,COMPRA Uber #3864,27061.47,transporte
2026-04-01 08:33:03,TDA VANTI GAS NATURAL #7428,49219.15,servicios
2026-04-21 14:41:34,Peaje Cundinamarca,4385.08,transporte
2026-02-04 08:17:14,PAYMENT Bar El Cervecero,28482.92,ocio
2026-08-14 00:19:32,AUT Cajero Davivienda,22869.1,otras
2026-05-28 14:32:28,TDA COURSERA COURSE #8441,365918.68,educacion
2026-07-03 08:55:40,AUT COURSERA COURSE #1055,90738.37,educacion
2025-10-12 11:50:56,compra boletas tuboleto #839,2285.65,ocio
2025-10-05 19:19:34,pago en cajero davivienda #9355,18921.09,otras
2026-05-20 14:50:55,COMPRA MOVISTAR FACTURA #4089,50822.09,servicios
2025-10-06 16:24:08,AUT PAPELERIA COMERCIAL #2009,9011.47,otras
2026-03-04 17:40:49,PAGO EN Restaurante Don Jediondo,26625.59,alimentacion
2025-10-02 06:49:36,tda udemy online #8483,79908.68,educacion
2025-11-08 00:25:01,SPOTIFY #4077,1755.2,ocio
2026-02-17 06:26:19,AUT RECARGA CELULAR CLARO,73336.12,servicios
2026-06-03 08:17:41,tda papeleria comercial #4605,8942.98,otras
2026-03-22 12:57:05,COMPRA SUPERMERCADO EXITO #6958,54425.51,alimentacion
2026-08-10 09:17:13,TDA PLAYSTATION NETWORK,12573.03,ocio
2026-04-08 01:45:55,AUT Steam Games,32219.7,ocio
2025-09-29 06:51:09,MercadoLibre #2408,33059.23,otras
2026-01-07 23:14:09,TDA UDEMY ONLINE #8944,74465.48,educacion
2025-12-07 21:37:29,POS UDEMY ONLINE #9666,33785.33,educacion
2026-03-08 11:05:04,PAYMENT Transferencia Nequi,48915.55,otras
2025-10-02 03:52:55,pos daviplata envio #1386,3383.14,otras
2025-12-13 20:32:53,AUT CAJERO DAVIVIENDA #4547,42019.56,otras
2025-12-13 05:02:01,laboratorio synlab,14633.24,salud
2026-02-22 03:35:57,aut acueducto agua #7554,57032.14,servicios
2026-06-20 16:59:52,pago en amazon marketplace #5496,25881.91,otras
2025-10-11 15:17:02,POS CAJERO DAVIVIENDA #169,41945.39,otras
2026-01-28 05:30:17,AUT Consultorio Odontologico,53647.37,salud
2026-08-16 06:14:46,tda recarga celular claro #9964,9401.02,servicios
2026-07-28 17:03:31,TDA Cajero Davivienda,9313.97,otras
2025-11-09 03:48:35,payment administracion conjunto,1091904.09,vivienda
2026-07-01 13:14:38,COMPRA Carulla,41494.85,alimentacion
2026-02-23 06:19:55,payment platzi subscripcion,407252.18,educacion
2025-10-03 22:37:25,POS BOLETAS TUBOLETO,17717.22,ocio
2025-12-30 20:05:19,AUT BOLETAS TUBOLETO,6790.7,ocio
2026-07-21 11:24:30,COMPRA CONSULTORIO ODONTOLOGICO,20421.21,salud
2026-01-26 14:31:39,tda transferencia nequi #4234,24414.13,otras
2026-03-27 23:44:34,POS Spotify #2251,2644.32,ocio
2026-03-25 03:44:50,PAGO EN PAPELERIA COMERCIAL #966,117411.71,otras
2026-08-02 01:43:50,COMPRA Papeleria Comercial,34260.44,otras
2026-06-16 21:08:55,AUT TRANSFERENCIA NEQUI #2753,75134.46,otras
2026-02-17 23:53:12,PAYMENT Cajero Davivienda #1126,4534.16,otras
2026-07-07 04:56:17,tda estacion texaco #9006,55276.8,transporte
2025-10-08 00:19:12,mercadolibre #8099,205150.45,otras
2026-03-01 11:11:06,PAYMENT MCDONALDS #4995,12623.27,alimentacion
2026-02-12 10:40:53,PAYMENT BOLETAS TUBOLETO #7194,22924.95,ocio
2026-05-03 13:23:35,AUT MATRICULA UNIMINUTO,98847.34,educacion
2025-10-14 07:03:48,COMPRA Drogas La Rebaja #2907,8965.35,salud
2025-12-21 17:40:49,AUT Vanti Gas Natural #5278,36160.78,servicios
2026-06-24 01:13:46,aut udemy online,268424.2,educacion
2026-05-02 12:03:19,AUT Pension Colegio #2661,47985.21,educacion
2026-01-23 12:27:27,POS UDEMY ONLINE #828,399952.0,educacion
2025-11-15 20:30:21,compra easy,268321.71,vivienda
2025-12-27 02:08:03,Transferencia Nequi,4940.61,otras
2025-09-04 05:30:56,COMPRA EASY,791716.33,vivienda
2026-07-29 02:14:54,AUT VANTI GAS NATURAL #4900,27316.09,servicios
2026-05-30 05:38:57,payment papeleria comercial #2331,10758.23,otras
2026-04-25 06:49:24,PAYMENT Netflix #7681,23546.11,ocio
2026-07-19 17:43:02,compra d1 #8015,55532.04,alimentacion
2026-05-19 02:06:25,PAYMENT Administracion Conjunto,1220637.04,vivienda
2026-03-27 13:49:22,COMPRA MCDONALDS,32908.65,alimentacion
2026-06-22 15:10:57,TDA Administracion Conjunto,1047113.78,vivienda
2025-12-15 09:07:03,COMPRA PLAYSTATION NETWORK #7067,9779.51,ocio
2026-04-24 23:46:08,optica hp,469395.3,salud
2026-04-24 12:09:36,pago en supermercado exito #5664,18957.66,alimentacion
2025-09-19 12:07:10,POS Daviplata Envio,180827.25,otras
2026-04-14 17:11:05,TDA EASY,744846.0,vivienda
2026-03-29 11:07:43,POS Playstation Network #2774,5100.75,ocio
2026-03-26 21:30:28,PAGO EN Jumbo #4857,108495.45,alimentacion
2025-10-29 23:44:32,ferreteria el martillo #7606,786651.68,vivienda
2026-02-28 15:22:41,pos matricula uniminuto #9240,274127.59,educacion
2025-10-03 03:33:55,CABIFY #4777,54256.08,transporte
2026-08-16 00:17:30,AUT DAVIPLATA ENVIO #5724,30882.83,otras
2025-10-26 05:46:29,PAGO EN Ara #4434,22611.35,alimentacion
2025-12-02 05:16:53,TDA Vanti Gas Natural #3170,48311.65,servicios
2025-11-20 16:40:57,PAGO EN ESTACION TEXACO #5511,18046.01,transporte
2026-07-09 05:43:20,PAYMENT Papeleria Comercial #7034,43732.98,otras
2026-02-05 22:57:49,aut easy #5224,200338.09,vivienda
2026-06-26 19:29:38,payment pension colegio #8098,168784.5,educacion
2026-04-10 02:44:30,POS SPOTIFY #873,8544.05,ocio
2026-01-20 11:28:21,AUT FERRETERIA EL MARTILLO #2022,1966932.5,vivienda
2025-09-03 21:43:22,TRANSFERENCIA NEQUI,41072.22,otras
2026-07-18 04:37:41,PAGO EN PAGO ARRIENDO APTO #973,842319.48,vivienda
2025-12-27 11:04:11,AUT Gasolinera Terpel,27936.21,transporte
2025-10-26 12:54:05,COMPRA SPOTIFY #3339,6641.49,ocio
2025-08-26 18:40:18,compra transferencia nequi,111664.79,otras
2025-12-18 16:39:49,Laboratorio Synlab #5322,438233.63,salud
2025-11-25 07:30:56,tda boletas tuboleto,17589.18,ocio
2025-09-30 23:00:37,payment platzi subscripcion #5723,665626.7,educacion
2026-03-15 20:11:37,POS BAR EL CERVECERO,8969.6,ocio
2025-12-06 06:06:57,TDA Easy #9326,452133.09,vivienda
2025-10-27 09:02:34,POS Taller Automotriz Central #6072,18710.35,transporte
2026-06-11 19:33:49,AUT Matricula Uniminuto #5752,166363.3,educacion
2025-10-16 07:56:53,TDA Netflix,10139.66,ocio
2026-01-22 14:32:11,POS Optica HP,88569.69,salud
2025-10-22 03:25:11,OPTICA HP #5233,68667.3,salud
2026-04-13 01:46:15,pos estacion texaco #6231,7343.16,transporte
2025-10-26 21:45:16,COMPRA PLATZI SUBSCRIPCION #3450,183974.35,educacion
2026-05-21 10:53:19,tda eps sanitas #4393,126738.48,salud
2025-12-11 04:13:59,TDA RESTAURANTE DON JEDIONDO,41654.95,alimentacion
2025-09-24 18:48:28,d1,91319.4,alimentacion
2025-10-11 18:16:24,TDA Pago Arriendo Apto,351356.88,vivienda
2026-07-30 05:54:39,POS PLATZI SUBSCRIPCION,173085.42,educacion
2025-11-25 14:34:00,compra homecenter #461,361432.86,vivienda
2026-07-04 21:33:14,Estacion Texaco,6616.53,transporte
2025-09-06 13:59:02,TDA OXXO,21922.21,alimentacion
2025-11-18 11:53:34,PAGO EN MercadoLibre #1101,8586.44,otras
2026-04-02 00:37:54,AUT UDEMY ONLINE,51144.23,educacion
2026-02-24 21:20:47,PAGO EN PAGO ARRIENDO APTO #233,641464.94,vivienda
2026-06-05 15:13:40,COMPRA Texaco,38308.96,transporte
2026-01-13 23:21:31,administracion conjunto #6111,601573.85,vivienda
2025-11-30 00:23:12,aut pago arriendo apto,281707.5,vivienda
2025-12-19 01:33:20,PAYMENT EPS SANITAS #1528,171798.0,salud
2026-03-20 05:54:25,ADMINISTRACION CONJUNTO #2008,441417.28,vivienda
2025-09-11 20:33:35,POS Laboratorio Synlab,45954.52,salud
2025-08-28 15:52:21,POS Uber #9800,26953.89,transporte
2026-04-20 11:28:40,AUT JUMBO #9968,42603.36,alimentacion
2026-08-07 07:04:24,TDA PEAJE CUNDINAMARCA #6005,48279.46,transporte
2025-11-29 23:11:44,TDA TEXACO #9768,27753.1,transporte
2026-04-02 01:58:13,TDA DROGUERIA CRUZ VERDE #5358,19006.94,salud
2025-09-25 20:34:52,PAYMENT INMOBILIARIA BOGOTA,2695615.99,vivienda
2026-06-09 17:55:05,PAYMENT ETB Internet #5021,30230.3,servicios
2026-04-27 11:20:22,pos taller automotriz central #3666,15794.13,transporte
2025-12-13 17:38:32,aut texaco,42938.88,transporte
2026-01-22 09:35:30,OXXO,44336.38,alimentacion
2025-09-19 00:31:39,POS Pago Arriendo Apto,926840.64,vivienda
2026-02-27 18:48:46,AUT Platzi Subscripcion #555,1964249.5,educacion
2026-06-17 11:25:48,AUT DIDI RIDE #6503,14078.31,transporte
2026-01-09 09:54:06,PAGO EN AMAZON MARKETPLACE,16030.35,otras
2025-10-21 18:04:25,COMPRA Daviplata Envio #6282,24749.94,otras
2026-03-14 04:38:24,payment inmobiliaria bogota #3308,1387354.93,vivienda
2026-08-06 10:10:22,tda texaco,4647.66,transporte
2026-02-08 20:59:08,Oxxo,7536.82,alimentacion
2025-08-17 19:46:31,d1,22704.26,alimentacion
2026-07-05 12:45:01,PAYMENT INMOBILIARIA BOGOTA #7663,273661.23,vivienda
2025-12-07 18:26:43,PAYMENT Steam Games,9923.07,ocio
2025-10-21 10:33:19,TDA Vanti Gas Natural,36370.01,servicios
2025-09-09 19:19:00,COMPRA OPTICA HP #7656,18401.29,salud
2025-12-01 13:48:46,tda transferencia nequi,5287.88,otras
2025-11-22 20:53:58,AUT SUPERMERCADO EXITO #1176,38386.83,alimentacion
2026-01-12 01:43:57,PAYMENT RESTAURANTE DON JEDIONDO #3091,72405.3,alimentacion
2026-07-10 14:32:33,INMOBILIARIA BOGOTA,263818.31,vivienda
2025-11-08 01:27:26,pago en cajero davivienda,50022.71,otras
2026-07-09 22:11:22,TDA FERRETERIA EL MARTILLO #7769,1191095.13,vivienda
2025-12-04 16:27:22,PAYMENT Crepes and Waffles #8695,77906.77,alimentacion
2025-10-19 02:57:14,TDA Netflix #5632,31348.95,ocio
2026-03-12 20:31:04,Bar El Cervecero #1973,62405.57,ocio
2025-09-13 14:17:18,compra recarga celular claro,21727.73,servicios
2025-09-21 06:39:01,optica hp #8220,55300.03,salud
2026-05-15 16:16:40,TDA Ferreteria El Martillo #6594,568147.84,vivienda
2026-07-05 23:14:54,COMPRA PAGO ARRIENDO APTO #633,730282.05,vivienda
2026-05-26 00:37:20,PAGO EN HOMECENTER #8601,1829812.41,vivienda
2025-12-03 23:11:06,AUT Enel Codensa Luz #7957,12003.95,servicios
2025-11-07 07:42:39,PAYMENT MATRICULA UNIMINUTO #1547,35127.53,educacion
2026-03-01 11:42:38,POS Movistar Factura #5755,61470.25,servicios
2026-07-26 17:17:05,PAYMENT AMAZON MARKETPLACE #4362,61085.91,otras
2025-12-28 12:02:13,AUT MATRICULA UNIMINUTO #4513,63846.82,educacion
2025-11-26 22:30:06,PAYMENT Cabify #1947,38908.26,transporte
2026-02-09 06:05:00,PAYMENT EASY,895134.72,vivienda
2025-11-20 22:39:45,POS Recarga Celular Claro #608,66182.06,servicios
2025-12-20 08:19:50,POS RECARGA CELULAR CLARO #2826,28133.2,servicios
2025-11-07 05:36:07,PAGO EN OXXO #4517,82496.05,alimentacion
2026-04-07 06:19:02,compra steam games,84915.2,ocio
2025-08-23 14:24:25,AUT Homecenter,1044302.22,vivienda
2025-10-08 08:51:33,PAYMENT Homecenter #4473,751327.48,vivienda
2026-08-10 14:30:38,administracion conjunto,1125196.44,vivienda
2026-04-10 20:44:55,PAGO EN STEAM GAMES,10345.46,ocio
2025-08-19 02:19:49,POS Vanti Gas Natural #213,112733.36,servicios
2026-05-05 16:31:23,TDA PEAJE CUNDINAMARCA,21206.52,transporte
2026-01-24 21:24:12,aut farmatodo #9718,36307.27,salud
2026-07-31 02:56:57,compra libreria panamericana,36212.99,educacion
2026-05-17 13:40:23,PAPELERIA COMERCIAL,65987.47,otras
2026-06-09 13:08:10,PAGO EN Ferreteria El Martillo,1227281.9,vivienda
2026-03-14 10:11:37,pos playstation network,9431.89,ocio
2026-06-19 04:39:41,matricula uniminuto,197154.23,educacion
2026-04-27 08:41:18,PAGO EN ETB INTERNET #1959,10882.01,servicios
2026-03-14 15:01:14,ETB INTERNET #415,30060.95,servicios
2026-07-30 01:49:14,PAGO EN Coursera Course #7863,169958.17,educacion
2026-02-06 07:47:35,TDA Supermercado Exito #8079,142324.34,alimentacion
2025-10-04 08:45:42,tda bar el cervecero #3069,7788.68,ocio
2026-06-29 02:06:55,PAGO EN STEAM GAMES,5459.72,ocio
2026-07-04 18:59:41,COMPRA Steam Games,7138.09,ocio
2026-01-03 10:55:39,TDA Papeleria Comercial,5787.36,otras
2025-10-25 05:56:38,PAGO EN EPS Sanitas #227,213271.89,salud
2025-08-20 17:01:52,TDA Peaje Cundinamarca,72676.65,transporte
2026-02-13 03:03:07,compra taller automotriz central #7652,24057.33,transporte
2026-08-16 00:54:26,LIBRERIA PANAMERICANA #3116,427433.47,educacion
2026-02-06 02:12:32,TDA Peaje Cundinamarca #3834,20344.43,transporte
2025-11-11 11:10:05,TDA Enel Codensa Luz #8069,25410.89,servicios
2025-08-25 02:49:24,pos supermercado exito #7720,27821.65,alimentacion
2026-05-08 17:40:16,TDA ESTACION TEXACO,13638.45,transporte
2026-01-03 09:34:43,PAYMENT Playstation Network,4521.23,ocio
2025-09-21 08:59:37,INMOBILIARIA BOGOTA #9377,854740.21,vivienda
2026-04-17 06:04:19,TDA MATRICULA UNIMINUTO,94051.64,educacion
2026-06-27 09:24:51,TDA Administracion Conjunto #2553,1140772.74,vivienda
2025-11-11 07:41:26,COMPRA Easy #8863,771517.09,vivienda
2026-02-25 05:04:31,TDA BOLETAS TUBOLETO #9189,11921.6,ocio
2025-08-31 17:24:32,COMPRA INMOBILIARIA BOGOTA #5436,432476.9,vivienda
2026-02-24 20:01:36,PAYMENT PAPELERIA COMERCIAL #1456,23674.49,otras
2026-05-18 23:51:51,TDA Consultorio Odontologico,110421.59,salud
2025-11-06 15:16:14,TDA Transferencia Nequi,7021.0,otras
2025-11-01 14:06:22,tda matricula uniminuto,109641.2,educacion
2026-01-18 06:14:08,PAYMENT Texaco #5026,22242.02,transporte
2026-07-21 06:39:07,PAYMENT PLATZI SUBSCRIPCION,41702.75,educacion
2026-03-26 10:51:44,compra transmilenio card #9546,10624.62,transporte
2026-02-25 06:57:51,TDA Pension Colegio,130187.76,educacion
2026-03-19 17:27:20,tda daviplata envio,7090.98,otras
2026-04-30 16:35:05,COMPRA Netflix #8011,17067.76,ocio
2026-03-25 03:13:00,pos amazon marketplace #9280,8996.99,otras
2026-05-09 10:43:16,PAGO EN Estacion Texaco #5577,46937.32,transporte
2026-03-24 21:56:01,Drogueria Cruz Verde,641529.55,salud
2025-09-11 19:39:00,compra restaurante don jediondo,18240.41,alimentacion
2025-10-06 05:47:16,payment crepes and waffles,55679.44,alimentacion
2025-09-11 16:44:55,aut jumbo #3430,20304.68,alimentacion
2025-11-26 06:19:13,tda ferreteria el martillo,1362146.75,vivienda
2026-07-15 16:05:12,payment enel codensa luz,12592.35,servicios
2026-07-25 13:59:20,Drogueria Cruz Verde,83170.29,salud
2026-05-27 12:16:29,TDA Easy #9827,432011.13,vivienda
2025-10-30 22:37:51,pos rappi comida,30773.6,alimentacion
2025-08-26 09:54:56,TDA Restaurante Don Jediondo #6930,15917.59,alimentacion
2026-05-07 15:23:16,COMPRA Acueducto Agua #8270,44064.52,servicios
2026-04-13 01:35:42,AUT CREPES AND WAFFLES #8367,18590.68,alimentacion
2026-05-08 18:50:44,tda consultorio odontologico,89963.62,salud
2026-07-26 09:33:05,PAYMENT Coursera Course,65321.88,educacion
2025-08-18 04:39:59,PAYMENT Laboratorio Synlab #7878,43220.94,salud
2026-04-23 08:41:01,payment platzi subscripcion #2282,117866.4,educacion
2026-04-26 21:09:51,tda enel codensa luz #9898,17032.95,servicios
2026-07-15 00:59:42,aut taller automotriz central #7909,21792.7,transporte
2026-02-01 10:05:10,COMPRA Supermercado Exito #2268,123533.5,alimentacion
2025-12-01 20:38:30,PAYMENT JUMBO,19487.42,alimentacion
2026-05-08 14:07:16,compra inmobiliaria bogota #6472,1473404.23,vivienda
2026-02-14 15:20:54,COMPRA PLATZI SUBSCRIPCION,595833.87,educacion
2026-01-04 19:36:24,COMPRA Daviplata Envio #640,9738.53,otras
2026-06-08 05:02:24,Cajero Davivienda,5140.7,otras
2026-07-26 16:04:50,POS ADMINISTRACION CONJUNTO #5716,874297.98,vivienda
2025-11-12 15:23:09,PAYMENT DROGAS LA REBAJA #7941,26845.45,salud
2025-12-03 08:58:06,TDA Drogas La Rebaja #8000,382874.88,salud
2026-03-12 04:52:06,TDA Supermercado Exito,37340.96,alimentacion
2025-12-18 06:02:01,tda homecenter,450755.51,vivienda
2026-01-16 14:50:04,COMPRA PAGO ARRIENDO APTO #3877,366481.86,vivienda
2025-12-25 10:07:45,compra pension colegio #5915,365085.17,educacion
2026-07-25 05:33:25,OPTICA HP #7724,26152.44,salud
2026-06-27 02:30:07,TDA Homecenter #5621,748852.47,vivienda
2026-05-30 19:55:22,POS Inmobiliaria Bogota #3858,1294301.4,vivienda
2026-05-12 05:30:25,AUT SUPERMERCADO EXITO,24651.51,alimentacion
2025-09-15 08:16:46,POS ADMINISTRACION CONJUNTO #7403,709590.06,vivienda
2025-11-01 21:28:11,COMPRA PAGO ARRIENDO APTO,722201.13,vivienda
2025-12-23 07:02:27,TRANSMILENIO CARD #8838,33355.97,transporte
2025-09-10 20:11:40,ETB INTERNET,38347.58,servicios
2026-04-17 06:36:50,TDA MERCADOLIBRE,17674.64,otras
2025-08-28 06:14:16,POS Homecenter #6189,757811.11,vivienda
2026-02-01 04:30:03,payment taller automotriz central #6418,12905.37,transporte
2026-04-04 13:13:55,PAGO EN ENEL CODENSA LUZ,11085.94,servicios
2026-08-15 13:50:36,LIBRERIA PANAMERICANA,134473.31,educacion
2026-07-09 20:32:36,tda papeleria comercial #3744,146121.21,otras
2025-11-21 10:04:59,PAGO EN EPS Sanitas #3479,18544.14,salud
2026-02-17 08:29:53,TDA Daviplata Envio,10167.69,otras
2025-12-27 18:56:58,AUT ACUEDUCTO AGUA #3445,15955.57,servicios
2026-07-02 12:37:37,AUT LABORATORIO SYNLAB #9474,108776.54,salud
2026-03-07 06:10:02,AUT MercadoLibre #8584,34492.1,otras
2025-09-14 18:01:23,TDA INMOBILIARIA BOGOTA #3999,663230.18,vivienda
2026-04-15 01:13:25,PAGO EN Boletas Tuboleto,7026.1,ocio
2026-06-10 04:21:35,pago en jumbo #7241,39100.93,alimentacion
2026-04-17 07:07:04,tda etb internet,10522.03,servicios
2026-03-30 06:30:19,PAGO EN DAVIPLATA ENVIO #7817,25423.43,otras
2025-09-19 15:41:10,aut coursera course,280921.14,educacion
2026-08-08 10:50:32,AUT Laboratorio Synlab #1558,12378.06,salud
2026-01-11 00:01:21,AUT D1 #5185,10657.14,alimentacion
2026-07-29 02:37:36,COMPRA AMAZON MARKETPLACE #5428,106877.42,otras
2025-09-11 16:33:06,tda movistar factura #3473,18637.75,servicios
2025-09-10 12:20:51,aut movistar factura,53186.97,servicios
2025-09-07 17:06:50,COMPRA MATRICULA UNIMINUTO #5799,82059.74,educacion
2026-04-11 14:56:30,PAGO EN UDEMY ONLINE #6129,81279.92,educacion
2026-02-01 03:28:34,AUT TRANSFERENCIA NEQUI #613,34146.41,otras
2025-09-25 23:32:48,TDA Gasolinera Terpel #7763,8138.82,transporte
2025-09-08 02:26:42,PAYMENT ETB INTERNET #2848,29129.26,servicios
2025-09-06 17:00:48,ETB INTERNET #3145,21399.15,servicios
2026-07-13 12:21:37,AUT ADMINISTRACION CONJUNTO #9345,330282.6,vivienda
2026-01-20 10:24:09,tda peaje cundinamarca #1673,24434.07,transporte
2026-04-14 04:06:59,pos crepes and waffles #8609,29417.76,alimentacion
2025-11-15 23:12:22,COMPRA Rappi Comida,32028.46,alimentacion
2026-06-19 06:14:31,pago en enel codensa luz,13015.59,servicios
2026-04-16 18:37:21,payment easy #6048,1895210.02,vivienda
2026-02-09 12:32:38,PAYMENT Matricula Uniminuto,282676.11,educacion
2026-02-13 17:11:14,COMPRA CREPES AND WAFFLES #6896,78536.97,alimentacion
2026-07-25 04:03:47,POS Cinemark #8141,10787.99,ocio
2026-04-14 22:05:31,PAYMENT Udemy Online,12394.16,educacion
2025-12-27 07:53:59,udemy online #3930,1028385.71,educacion
2026-08-16 13:22:09,COMPRA OXXO #9481,34583.16,alimentacion
2026-06-17 11:52:24,payment boletas tuboleto #1539,7909.66,ocio
2026-02-09 18:44:49,MercadoLibre,33416.38,otras
2025-12-22 21:25:54,aut transferencia nequi #8943,70765.07,otras
2025-10-31 04:30:03,COMPRA CAJERO DAVIVIENDA,21524.55,otras
2025-09-26 07:34:55,pago en acueducto agua,57938.95,servicios
2026-04-05 13:52:44,TDA MOVISTAR FACTURA #2554,51523.84,servicios
2025-09-12 16:00:18,PAYMENT Enel Codensa Luz,14103.4,servicios
2026-06-20 00:20:21,COMPRA DROGAS LA REBAJA #3904,23361.18,salud
2026-08-03 15:47:03,PAGO EN ACUEDUCTO AGUA #1936,47787.64,servicios
2025-10-05 08:40:43,payment cabify #3952,1569.71,transporte
2026-03-03 01:43:05,AUT GASOLINERA TERPEL #3533,15764.09,transporte
2026-01-02 10:55:52,AUT UDEMY ONLINE #7098,17729.81,educacion
2026-02-20 09:24:42,coursera course #7914,55722.29,educacion
2026-04-15 13:11:40,PAYMENT CAJERO DAVIVIENDA #9649,16336.87,otras
2025-10-28 15:22:36,POS Peaje Cundinamarca #1997,13063.54,transporte
2025-10-09 21:38:51,tda d1 #6736,23346.23,alimentacion
2025-09-09 22:15:49,tda boletas tuboleto #1249,6198.11,ocio
2025-12-16 11:23:26,SUPERMERCADO EXITO,227187.06,alimentacion
2026-02-02 16:50:38,compra pago arriendo apto #9009,2236621.89,vivienda
2026-04-27 12:46:32,pos recarga celular claro,13396.66,servicios
2025-12-16 06:55:46,CINEPOLIS,40436.24,ocio
2026-07-27 05:18:40,COMPRA PLAYSTATION NETWORK,10100.84,ocio
2026-06-14 14:35:18,COMPRA Carulla,40269.51,alimentacion
2025-10-13 16:23:49,aut transferencia nequi #6240,20675.94,otras
2025-12-15 07:29:56,tda etb internet,18108.76,servicios
2025-12-28 14:30:27,PAYMENT Uber,43715.9,transporte
2026-01-07 16:11:22,pago en oxxo #1654,40163.31,alimentacion
2026-03-06 11:34:40,payment ferreteria el martillo #1435,548021.14,vivienda
2026-04-29 20:26:13,payment transferencia nequi #287,5975.43,otras
2025-10-12 14:13:05,Laboratorio Synlab #2769,18343.77,salud
2025-11-17 15:03:19,PAYMENT Cinepolis,4234.56,ocio
2026-07-01 13:47:28,COMPRA RECARGA CELULAR CLARO,27101.22,servicios
2026-07-16 22:07:46,DROGUERIA CRUZ VERDE #9545,13143.31,salud
2026-01-28 08:20:23,AUT Drogueria Cruz Verde,36602.93,salud
2025-11-01 07:46:17,tda matricula uniminuto #3593,510998.65,educacion
2026-04-23 04:50:54,PAYMENT TALLER AUTOMOTRIZ CENTRAL #9204,53070.13,transporte
2026-06-18 09:38:03,PAYMENT CONSULTORIO ODONTOLOGICO #213,47310.87,salud
2025-12-28 01:56:22,TDA Texaco,16674.3,transporte
2026-05-03 19:21:09,EPS SANITAS,387651.49,salud
2026-05-14 06:16:43,COMPRA Panaderia Kuty,55083.47,alimentacion
2026-02-14 22:57:03,PAYMENT CINEMARK #1628,10620.44,ocio
2026-05-13 08:12:35,payment transmilenio card #1139,4996.95,transporte
2026-07-14 07:44:29,estacion texaco,25706.16,transporte
2026-03-25 06:51:02,AUT Easy,1199714.61,vivienda
2026-04-13 16:56:32,COMPRA Inmobiliaria Bogota #9663,499323.31,vivienda
2026-01-27 00:58:04,TDA MERCADOLIBRE,29472.2,otras
2025-10-19 11:00:14,POS Farmatodo,32861.91,salud
2026-02-09 20:50:50,aut boletas tuboleto,11744.93,ocio
2026-02-26 00:51:14,aut gasolinera terpel,1921.69,transporte
2026-08-09 17:02:02,POS ACUEDUCTO AGUA,23551.18,servicios
2026-04-22 12:11:07,POS Netflix #902,26332.48,ocio
2026-05-13 15:43:44,AUT Recarga Celular Claro #4590,18419.38,servicios
2026-02-14 14:52:57,PAGO EN Ara,37874.04,alimentacion
2025-11-08 05:02:23,TDA Restaurante Don Jediondo #8284,19835.72,alimentacion
2026-02-20 03:19:27,Matricula Uniminuto,152135.98,educacion
2026-06-11 19:58:16,aut udemy online #4695,76128.06,educacion
2026-06-26 22:45:32,cinepolis #9776,6922.49,ocio
2026-01-10 10:11:49,payment cinepolis,33954.82,ocio
2026-01-19 21:37:42,pago en cajero davivienda #9834,55766.69,otras
2026-07-04 06:06:32,PAYMENT CINEPOLIS #4592,8747.87,ocio
2026-01-05 08:08:45,AUT CONSULTORIO ODONTOLOGICO,84758.99,salud
2025-09-15 01:40:09,playstation network,19461.4,ocio
2025-08-29 02:13:45,pago en movistar factura,39552.36,servicios
2025-10-01 04:05:13,payment udemy online,12924.67,educacion
2025-12-08 06:48:41,pos spotify #4780,27027.89,ocio
2025-10-31 22:24:59,payment recarga celular claro,19114.08,servicios
2026-04-01 21:26:16,PAGO EN ACUEDUCTO AGUA #334,21705.12,servicios
2025-09-03 11:40:03,AUT Movistar Factura,130970.72,servicios
2025-11-02 18:24:16,Texaco #2346,23663.43,transporte
2025-12-05 18:27:25,POS VANTI GAS NATURAL,21337.18,servicios
2025-11-10 11:09:38,Drogas La Rebaja,4333.7,salud
2026-05-23 14:29:18,TDA VANTI GAS NATURAL #6585,61936.1,servicios
2025-12-27 09:46:24,PAYMENT Optica HP,11161.99,salud
2025-11-20 22:59:53,COMPRA Matricula Uniminuto #6062,29610.17,educacion
2025-11-01 13:10:53,COMPRA DAVIPLATA ENVIO #2516,15813.95,otras
2025-10-24 19:36:19,COMPRA Pension Colegio #5696,540199.69,educacion
2026-08-06 02:18:30,POS Recarga Celular Claro #8660,42785.05,servicios
2025-08-25 14:07:15,payment coursera course,81682.49,educacion
2025-10-09 17:38:50,CABIFY #2560,23800.52,transporte
2026-04-28 18:16:05,PAGO EN SPOTIFY #1536,8775.6,ocio
2025-12-26 20:24:20,PAGO EN TRANSMILENIO CARD #6878,20448.98,transporte
2025-12-13 21:55:32,TDA ADMINISTRACION CONJUNTO #2548,762228.8,vivienda
2025-11-18 16:48:16,AUT Gasolinera Terpel #2506,43126.5,transporte
2026-06-27 19:25:04,TDA Platzi Subscripcion #1885,315090.05,educacion
2026-05-01 02:33:38,TDA LIBRERIA PANAMERICANA,178576.59,educacion
2026-03-10 01:45:29,RESTAURANTE DON JEDIONDO #3744,27176.88,alimentacion
2026-07-25 20:08:49,Easy,1138353.38,vivienda
2026-07-24 13:36:46,MERCADOLIBRE #5076,20091.09,otras
2025-09-11 19:48:27,POS DROGUERIA CRUZ VERDE #8798,14911.59,salud
2025-10-12 12:39:03,payment uber,12544.54,transporte
2026-06-22 03:25:56,POS Transmilenio Card,19459.18,transporte
2025-10-30 21:02:38,MOVISTAR FACTURA #6791,46449.89,servicios
2026-01-11 07:28:58,MercadoLibre,18333.25,otras
2026-01-09 18:45:26,pago en easy #7857,353090.89,vivienda
2026-04-07 06:38:53,Platzi Subscripcion #3593,105671.45,educacion
2026-04-21 11:43:37,AUT COURSERA COURSE,113113.53,educacion
2026-08-10 02:54:50,COMPRA Papeleria Comercial #4940,26524.86,otras
2026-06-09 18:53:17,PAGO EN CONSULTORIO ODONTOLOGICO #2012,134841.95,salud
2026-04-02 12:43:08,tda mercadolibre #3156,61017.94,otras
2026-07-15 06:21:37,COMPRA CINEPOLIS #6088,8813.61,ocio
2025-12-09 16:25:36,payment laboratorio synlab #4392,24890.52,salud
2025-12-22 16:38:58,PAYMENT Amazon Marketplace,7783.81,otras
2025-09-07 02:51:16,AUT LABORATORIO SYNLAB,105735.63,salud
2026-06-22 10:05:08,TDA TRANSFERENCIA NEQUI,93790.62,otras
2026-07-22 10:00:38,COMPRA Cajero Davivienda #3624,16073.35,otras
2026-07-14 03:01:29,PAGO EN ACUEDUCTO AGUA,23275.15,servicios
2026-04-01 06:29:09,compra eps sanitas #664,246092.02,salud
2025-11-06 16:40:49,POS LIBRERIA PANAMERICANA #4414,181075.51,educacion
2025-09-18 01:13:11,Gasolinera Terpel #4644,26705.16,transporte
2026-06-20 15:04:24,aut netflix,5804.32,ocio
2026-04-13 05:36:07,TDA Platzi Subscripcion #4543,222898.92,educacion
2025-10-21 11:02:19,AUT Inmobiliaria Bogota,417699.77,vivienda
2026-01-15 03:56:48,TDA TEXACO,6498.86,transporte
2026-06-05 03:32:32,ADMINISTRACION CONJUNTO #7487,592399.82,vivienda
2026-01-09 18:51:28,PAYMENT Acueducto Agua #512,18930.4,servicios
2026-03-06 22:52:20,pago en easy #5040,638604.23,vivienda
2025-10-25 22:49:55,TDA Cajero Davivienda,5213.56,otras
2026-05-21 03:18:14,pos etb internet,47824.33,servicios
2026-03-09 12:13:59,AUT TALLER AUTOMOTRIZ CENTRAL #2243,49757.56,transporte
2026-02-21 03:06:00,aut eps sanitas #7576,5755.57,salud
2026-02-25 14:14:27,compra ferreteria el martillo #4826,1312015.0,vivienda
2025-11-29 15:30:45,COMPRA D1 #2842,18988.28,alimentacion
2026-01-20 03:31:59,AUT STEAM GAMES #7292,24340.16,ocio
2026-08-10 04:30:48,TDA Daviplata Envio #5215,20569.27,otras
2026-04-26 18:26:06,aut homecenter #7633,742119.34,vivienda
2025-11-05 21:41:06,pos cajero davivienda #3723,18304.5,otras
2026-07-30 23:22:27,PAYMENT ENEL CODENSA LUZ #7461,55674.5,servicios
2026-02-09 00:08:11,Farmatodo,12537.17,salud
2026-01-18 04:30:00,estacion texaco,31165.17,transporte
2025-12-14 06:33:45,uber,48591.17,transporte
2026-07-28 13:48:45,AUT EPS Sanitas,107793.66,salud
2026-03-27 08:00:10,PAGO EN EPS SANITAS,632331.34,salud
2026-08-15 17:55:36,Pago Arriendo Apto #5004,531060.88,vivienda
2025-11-24 06:49:46,AUT Boletas Tuboleto #701,26111.04,ocio
2025-09-19 08:27:19,payment etb internet #4575,25244.05,servicios
2026-06-05 08:04:36,COMPRA INMOBILIARIA BOGOTA #4435,1528876.4,vivienda
2025-12-10 00:29:30,aut steam games,13288.01,ocio
2026-03-06 22:12:16,TDA TRANSMILENIO CARD #7194,12719.76,transporte
2025-11-14 19:51:19,COMPRA Drogas La Rebaja #6470,206216.0,salud
2025-09-02 09:55:29,TDA MERCADOLIBRE #410,13472.93,otras
2026-03-04 09:04:25,pago en homecenter,312501.5,vivienda
2025-12-26 01:40:39,TDA Peaje Cundinamarca #5828,11325.79,transporte
2026-02-08 15:28:44,compra steam games #4142,20605.7,ocio
2026-02-01 09:41:23,compra inmobiliaria bogota,1681544.46,vivienda
2026-01-07 03:54:16,AUT ENEL CODENSA LUZ #8109,28758.18,servicios
2025-12-18 13:17:22,payment acueducto agua #6098,59332.84,servicios
2026-01-12 22:24:01,POS BOLETAS TUBOLETO #5156,5163.02,ocio
2025-10-26 04:07:08,POS Coursera Course #3705,57993.36,educacion
2025-11-16 05:31:46,TDA RESTAURANTE DON JEDIONDO #4978,28829.08,alimentacion
2026-04-25 01:35:17,compra daviplata envio #312,19642.3,otras
2026-01-03 21:26:01,POS AMAZON MARKETPLACE #551,23958.88,otras
2025-12-09 19:33:00,COMPRA TEXACO,33584.5,transporte
2026-03-04 14:00:12,pago en ara #3357,25441.95,alimentacion
2026-04-24 09:44:19,AUT UDEMY ONLINE #1322,116638.47,educacion
2026-06-18 15:18:54,pos carulla,35027.95,alimentacion
2026-08-12 07:02:17,Recarga Celular Claro,15436.13,servicios
2025-09-24 15:41:03,TDA UDEMY ONLINE,86128.87,educacion
2025-09-14 03:27:46,PAYMENT CABIFY #538,15846.54,transporte
2025-09-01 07:15:12,TDA VANTI GAS NATURAL #7507,24366.19,servicios
2025-11-03 05:26:16,TDA Crepes and Waffles #838,37250.01,alimentacion
2025-11-01 19:19:17,compra homecenter #3765,763298.25,vivienda
2025-12-23 07:11:46,aut oxxo,25697.88,alimentacion
2025-12-12 23:57:31,pago en daviplata envio,78646.21,otras
2026-06-30 04:03:34,tda transferencia nequi,6839.84,otras
2026-07-11 18:35:37,aut playstation network #8110,8065.26,ocio
2025-10-30 11:21:40,TDA Texaco #1670,220128.61,transporte
2026-04-09 00:27:01,PAYMENT Papeleria Comercial #3096,7801.01,otras
2026-07-15 11:36:54,recarga celular claro,11941.17,servicios
2026-05-31 18:04:35,AUT Boletas Tuboleto #8882,22339.99,ocio
2026-08-06 18:27:59,pos recarga celular claro,7736.68,servicios
2025-08-20 17:59:11,PAGO EN Daviplata Envio #7945,17408.71,otras
2025-12-04 21:25:59,TDA Pension Colegio,1296255.02,educacion
2026-06-17 13:43:45,PAGO EN ENEL CODENSA LUZ,10647.05,servicios
2026-01-22 00:23:17,compra movistar factura #8173,8191.25,servicios
2026-06-07 17:42:34,BOLETAS TUBOLETO,4677.75,ocio
2025-08-22 01:16:28,TDA PLAYSTATION NETWORK,25055.58,ocio
2026-04-28 11:00:55,TDA Coursera Course #7351,380686.72,educacion
2026-06-09 00:58:31,Bar El Cervecero,9331.84,ocio
2026-07-19 13:10:26,pago en udemy online,224101.62,educacion
2025-11-13 19:37:49,POS DROGAS LA REBAJA,226223.98,salud
2026-05-25 08:25:26,aut daviplata envio,131576.86,otras
2025-11-06 22:37:19,libreria panamericana,73452.75,educacion
2025-11-16 04:54:10,TDA SPOTIFY,2667.69,ocio
2026-04-02 09:42:55,PAYMENT D1,18831.7,alimentacion
2026-06-07 15:59:14,aut rappi comida #3861,25811.02,alimentacion
2026-05-25 00:43:46,aut easy #6701,624456.36,vivienda
2025-12-27 17:37:20,aut consultorio odontologico #6769,39869.01,salud
2025-12-17 00:30:50,AUT Libreria Panamericana #4633,378009.09,educacion
2026-01-30 23:05:06,COMPRA Rappi Comida #1007,100663.92,alimentacion
2026-01-26 15:34:41,PAGO EN MATRICULA UNIMINUTO #6429,80337.49,educacion
2026-02-03 19:14:47,pago en matricula uniminuto #2412,368863.47,educacion
2026-07-14 16:27:37,payment ferreteria el martillo,904011.01,vivienda
2025-08-29 03:02:07,PAYMENT ADMINISTRACION CONJUNTO #7096,758200.84,vivienda
2025-10-10 09:33:17,TDA Vanti Gas Natural #3678,46347.68,servicios
2026-07-22 18:23:14,compra eps sanitas,53075.85,salud
2025-12-14 02:34:54,POS Cajero Davivienda #2502,172441.13,otras
2025-08-21 04:40:47,POS MATRICULA UNIMINUTO,17569.27,educacion
2026-06-28 03:56:00,POS AMAZON MARKETPLACE #8837,13158.58,otras
2026-07-07 10:40:27,PAYMENT CINEMARK #8582,12227.43,ocio
2025-12-27 09:49:04,AUT AMAZON MARKETPLACE,34181.94,otras
2026-01-27 05:10:52,pago arriendo apto,1560904.93,vivienda
2026-05-10 18:13:03,compra platzi subscripcion,95867.44,educacion
2026-06-09 16:38:37,tda steam games,4936.64,ocio
2026-03-14 05:16:39,POS Administracion Conjunto,1209246.91,vivienda
2025-12-22 01:43:34,POS EPS SANITAS #7756,112471.44,salud
2025-08-26 11:03:21,PAYMENT ACUEDUCTO AGUA #7807,8390.75,servicios
2026-06-18 10:30:37,TDA Transmilenio Card,17972.11,transporte
2026-08-10 13:27:06,TDA Farmatodo #1654,8525.73,salud
2025-10-16 02:57:04,COMPRA ESTACION TEXACO #4254,9915.1,transporte
2026-03-26 02:22:04,POS Libreria Panamericana,33410.63,educacion
2026-06-23 19:01:24,payment homecenter,1185362.06,vivienda
2026-08-07 07:13:57,payment cinepolis #835,14498.22,ocio
2026-03-28 07:22:56,PAGO EN ETB Internet #590,12439.66,servicios
2026-01-12 12:35:29,payment matricula uniminuto #7555,283815.36,educacion
2026-01-16 03:26:16,aut udemy online,17666.63,educacion
2026-03-13 00:15:29,compra inmobiliaria bogota #5855,889191.83,vivienda
2025-10-29 13:53:19,TDA Enel Codensa Luz #218,16507.89,servicios
2025-09-28 15:01:40,COMPRA COURSERA COURSE #8522,63652.09,educacion
2026-03-26 14:42:34,pos d1,54361.78,alimentacion
2026-04-22 14:23:14,EASY #4299,997362.57,vivienda
2025-09-22 15:31:07,PAYMENT PEAJE CUNDINAMARCA,60070.38,transporte
2025-09-26 22:42:51,pago en platzi subscripcion,89437.52,educacion
2026-03-20 03:54:34,POS Spotify #3150,16556.19,ocio
2025-08-29 21:15:28,tda rappi comida,25586.24,alimentacion
2026-04-08 18:12:15,PAYMENT Netflix,15174.82,ocio
2025-08-27 20:35:52,COMPRA Cabify #718,26783.4,transporte
2025-11-02 17:14:51,COMPRA Vanti Gas Natural #9936,25362.17,servicios
2026-08-06 08:47:56,PAGO EN FARMATODO,6740.4,salud
2025-12-05 15:49:01,compra matricula uniminuto #9885,146937.86,educacion
2025-11-15 22:31:47,PAGO EN Cabify,25036.88,transporte
2026-04-30 14:04:55,PAYMENT CONSULTORIO ODONTOLOGICO #2776,23197.72,salud
2025-09-13 14:42:02,TDA OPTICA HP,11934.33,salud
2025-09-08 17:56:50,POS CINEPOLIS #3384,37538.24,ocio
2026-03-06 19:30:38,pos consultorio odontologico,84169.68,salud
2025-10-23 03:58:36,COMPRA ACUEDUCTO AGUA,23448.26,servicios
2026-07-17 07:29:53,AUT Gasolinera Terpel #1016,6481.26,transporte
2026-01-16 07:48:37,AUT STEAM GAMES #7444,7515.55,ocio
2025-09-29 10:39:12,playstation network,33250.11,ocio
2026-03-13 18:32:58,FERRETERIA EL MARTILLO #2563,792222.18,vivienda
2026-02-19 04:04:07,COMPRA BAR EL CERVECERO #1819,9086.9,ocio
2025-09-13 03:21:45,COMPRA Transmilenio Card #3176,28530.25,transporte
2026-08-03 08:29:27,pago en eps sanitas,20013.49,salud
2025-10-06 21:30:05,PAGO EN TRANSMILENIO CARD #6036,69616.63,transporte
2025-12-15 17:35:28,PAYMENT Papeleria Comercial,85203.73,otras
2026-07-01 01:47:21,PAGO EN CABIFY #4092,11850.0,transporte
2026-05-02 14:45:41,TDA Peaje Cundinamarca,10241.43,transporte
2025-10-18 02:23:36,pago en steam games,2137.32,ocio
2026-03-28 18:41:06,POS Cabify,4753.22,transporte
2026-04-02 14:16:00,TDA Coursera Course #5430,19784.15,educacion
2026-02-28 13:51:05,PAGO EN CONSULTORIO ODONTOLOGICO #4859,56880.59,salud
2026-05-10 09:34:42,payment cinepolis,10632.14,ocio
2025-12-02 09:44:27,BAR EL CERVECERO #3546,5209.64,ocio
2025-08-20 07:49:17,cinemark #2297,10972.91,ocio
2026-02-06 12:57:52,Amazon Marketplace #7424,36509.84,otras
2026-07-03 16:06:43,PAYMENT PAPELERIA COMERCIAL,37340.71,otras
2026-04-09 08:02:33,PAGO EN DROGAS LA REBAJA,6065.44,salud
2026-03-09 15:46:58,PAYMENT Ferreteria El Martillo #4826,675387.52,vivienda
2026-08-05 23:04:46,AUT HOMECENTER #731,318060.07,vivienda
2026-07-24 21:33:00,ara #6066,74711.03,alimentacion
2026-02-12 03:51:44,coursera course #6916,252957.23,educacion
2026-03-29 04:23:29,libreria panamericana,33602.89,educacion
2026-05-30 18:29:33,tda farmatodo #7010,21106.79,salud
2025-12-07 05:58:38,COMPRA TRANSFERENCIA NEQUI #9703,13887.34,otras
2026-07-25 13:54:17,JUMBO #7419,5989.51,alimentacion
2025-12-30 02:41:09,PAGO EN McDonalds #2637,47513.76,alimentacion
2026-07-10 16:24:50,COMPRA EPS SANITAS,36310.82,salud
2026-06-21 03:39:08,PAGO EN Inmobiliaria Bogota,1305510.94,vivienda
2026-01-16 07:40:17,POS ADMINISTRACION CONJUNTO #909,377359.83,vivienda
2026-07-03 05:21:54,PAGO EN PLATZI SUBSCRIPCION #4847,46960.05,educacion
2026-01-25 15:01:01,PAYMENT Bar El Cervecero,4653.77,ocio
2025-10-26 04:14:03,TDA Acueducto Agua #6211,14726.82,servicios
2026-05-29 04:46:26,papeleria comercial,6754.86,otras
2026-02-11 05:42:45,RESTAURANTE DON JEDIONDO,80561.73,alimentacion
2026-08-06 04:01:29,ARA,20772.61,alimentacion
2025-10-27 16:16:11,pos etb internet #1401,28984.18,servicios
2026-03-26 06:19:24,TDA Bar El Cervecero #5360,10233.95,ocio
2026-01-17 06:36:32,aut taller automotriz central #6505,5753.03,transporte
2025-09-03 09:25:38,TDA Crepes and Waffles,31740.85,alimentacion
2026-07-27 08:17:34,AUT Recarga Celular Claro #8581,38540.39,servicios
2025-12-01 18:13:29,POS Cinepolis #6191,5736.29,ocio
2026-03-14 06:31:19,POS Ferreteria El Martillo #6152,1185254.02,vivienda
2026-05-03 08:08:16,COMPRA DROGUERIA CRUZ VERDE #894,19250.78,salud
2026-05-15 12:41:11,TDA Easy,545910.13,vivienda
2026-05-24 23:47:18,PAYMENT Movistar Factura #3130,36990.26,servicios
2026-08-05 08:28:58,aut ferreteria el martillo,489891.05,vivienda
2026-01-24 03:50:06,aut transmilenio card,18654.03,transporte
2025-10-03 12:23:46,AUT Udemy Online #6853,67668.16,educacion
2025-09-16 03:47:24,COMPRA VANTI GAS NATURAL,29074.62,servicios
2026-03-01 07:44:44,pos consultorio odontologico #4998,3573.09,salud
2026-01-23 16:49:02,pago en estacion texaco #6731,3474.78,transporte
2025-10-20 10:51:24,compra cajero davivienda,40780.81,otras
2025-11-05 23:17:34,PAGO EN MATRICULA UNIMINUTO #9255,342702.39,educacion
2025-09-03 18:28:29,payment optica hp #7212,18006.08,salud
2025-08-27 19:28:25,mercadolibre,17256.97,otras
2026-04-22 13:06:48,AMAZON MARKETPLACE,29576.02,otras
2026-05-06 19:41:56,PAYMENT DROGAS LA REBAJA #1546,105086.53,salud
2026-02-12 19:42:07,Udemy Online,8662.75,educacion
2025-12-28 21:34:01,POS SPOTIFY,7185.15,ocio
2026-01-19 12:34:50,PAGO EN VANTI GAS NATURAL,22036.43,servicios
2026-01-18 11:43:03,COMPRA Matricula Uniminuto,229525.23,educacion
2025-08-21 14:31:28,AUT RESTAURANTE DON JEDIONDO,268000.57,alimentacion
2025-09-30 23:21:55,PAYMENT Vanti Gas Natural,23463.39,servicios
2026-08-08 14:46:52,TDA TEXACO,5083.32,transporte
2025-12-22 11:20:04,LABORATORIO SYNLAB,76305.09,salud
2026-06-04 04:36:40,PAYMENT DROGAS LA REBAJA #2350,209629.17,salud
2026-02-21 16:43:42,PAYMENT D1 #8062,39593.15,alimentacion
2025-09-12 22:27:41,PAYMENT MATRICULA UNIMINUTO,33257.04,educacion
2026-03-18 10:10:10,PAGO EN Vanti Gas Natural,47800.74,servicios
2025-11-19 12:47:06,AUT Playstation Network #4449,21257.86,ocio
2026-02-03 10:19:30,TDA Boletas Tuboleto,6514.22,ocio
2026-02-16 06:30:16,payment papeleria comercial,32254.91,otras
2026-07-10 06:22:34,AUT PLAYSTATION NETWORK #134,26851.74,ocio
2025-10-22 16:27:02,POS BAR EL CERVECERO,30556.2,ocio
2026-04-10 03:59:18,TDA ETB INTERNET #7052,25851.67,servicios
2025-10-25 06:24:35,PAGO EN Coursera Course #6886,64235.07,educacion
2025-10-04 15:37:11,POS EPS SANITAS #1859,189094.32,salud
2026-06-01 09:13:37,COMPRA Enel Codensa Luz,13015.6,servicios
2025-10-21 20:32:39,POS Drogueria Cruz Verde #1538,79414.58,salud
2026-05-05 04:16:24,PAGO EN Vanti Gas Natural #1734,11825.15,servicios
2026-05-07 12:06:48,COMPRA DROGUERIA CRUZ VERDE #9511,158247.24,salud
2025-10-16 01:08:09,cinepolis #6228,11151.93,ocio
2026-01-03 12:03:27,pago en pago arriendo apto,1561488.27,vivienda
2025-11-09 13:58:42,POS Restaurante Don Jediondo,53805.46,alimentacion
2025-08-30 19:29:39,compra optica hp,12764.94,salud
2026-03-12 03:49:46,PAYMENT AMAZON MARKETPLACE,91548.83,otras
2026-02-05 02:43:31,AUT PAPELERIA COMERCIAL,103906.35,otras
2025-09-04 23:33:48,COMPRA PENSION COLEGIO #1669,284572.63,educacion
2026-06-28 14:17:00,AUT Restaurante Don Jediondo,19746.46,alimentacion
2026-04-23 09:06:41,pos transferencia nequi #2179,16219.77,otras
2026-05-22 15:52:27,payment platzi subscripcion,117537.49,educacion
2026-07-31 19:10:59,COURSERA COURSE,42427.31,educacion
2026-01-16 03:16:20,Oxxo #410,140628.54,alimentacion
2025-12-15 04:14:07,POS Boletas Tuboleto,14779.98,ocio
2025-09-06 18:59:26,AUT ADMINISTRACION CONJUNTO,144060.87,vivienda
2025-08-19 05:55:58,PAYMENT PANADERIA KUTY #6101,47642.7,alimentacion
2026-06-13 09:49:30,POS McDonalds #2609,27487.15,alimentacion
2026-06-11 08:28:04,PAYMENT DROGUERIA CRUZ VERDE #7567,45142.56,salud
2026-08-13 03:40:48,POS HOMECENTER #7423,584684.92,vivienda
2026-01-09 22:23:12,pago en drogueria cruz verde #2168,119103.85,salud
2025-11-03 02:26:48,COMPRA INMOBILIARIA BOGOTA #6837,1428038.91,vivienda
2025-08-23 15:56:02,COMPRA Jumbo #1516,45544.38,alimentacion
2025-08-28 06:54:12,AUT BAR EL CERVECERO #2484,10535.25,ocio
2025-12-26 08:35:59,PAGO EN Bar El Cervecero #7585,12978.69,ocio
2026-05-08 12:07:37,COMPRA Panaderia Kuty #7850,36889.41,alimentacion
2025-09-10 23:14:45,TDA EPS SANITAS #226,20278.71,salud
2026-07-26 01:56:49,aut boletas tuboleto #7083,20035.28,ocio
2026-06-22 22:18:59,POS Playstation Network,18435.43,ocio
2025-10-21 15:13:36,pos transmilenio card,72142.39,transporte
2025-10-21 07:26:17,compra pago arriendo apto #3174,1549139.03,vivienda
2026-01-25 20:51:48,COMPRA EASY #6171,483397.73,vivienda
2025-09-28 06:07:51,AUT Libreria Panamericana,264172.62,educacion
2025-12-20 18:02:11,PAYMENT Enel Codensa Luz,15205.74,servicios
2026-04-17 20:31:04,COMPRA Pension Colegio,227548.46,educacion
2026-04-17 00:49:21,compra inmobiliaria bogota #6587,535005.06,vivienda
2026-08-15 07:00:26,aut etb internet,14560.21,servicios
2026-01-17 20:42:27,AUT CINEMARK #665,16252.98,ocio
2025-10-03 08:25:10,TDA CABIFY #8364,1624.39,transporte
2025-11-08 11:01:08,POS CINEMARK,3921.84,ocio
2026-01-02 21:58:38,TDA ENEL CODENSA LUZ #6926,24185.41,servicios
2025-10-23 20:42:54,pago en inmobiliaria bogota #6134,766404.26,vivienda
2026-01-20 14:39:24,TDA HOMECENTER,584439.61,vivienda
2025-12-18 06:01:03,PAYMENT MATRICULA UNIMINUTO,14833.99,educacion
2026-01-15 13:55:39,POS AMAZON MARKETPLACE,9721.63,otras
2026-02-11 14:32:47,TRANSFERENCIA NEQUI,32572.03,otras
2025-09-12 01:45:40,carulla #2879,57839.4,alimentacion
2026-06-29 23:35:12,TDA Pago Arriendo Apto,722350.77,vivienda
2026-04-26 20:22:17,tda taller automotriz central,51080.11,transporte
2026-01-07 17:35:15,POS ACUEDUCTO AGUA #7381,34147.28,servicios
2025-09-12 14:01:04,PAYMENT CINEMARK,7917.11,ocio
2026-01-24 02:08:42,Inmobiliaria Bogota,616429.21,vivienda
2026-06-11 12:29:02,bar el cervecero #6300,5004.0,ocio
2026-02-27 10:49:51,tda pago arriendo apto,683592.05,vivienda
2026-05-21 03:42:58,PAGO EN HOMECENTER,1421552.83,vivienda
2026-06-20 17:31:14,PAGO EN Libreria Panamericana #5840,224661.05,educacion
2025-10-23 00:33:35,platzi subscripcion #5573,530943.66,educacion
2025-09-23 05:31:42,POS Playstation Network,10807.33,ocio
2025-12-21 09:38:45,POS ENEL CODENSA LUZ #6521,60334.53,servicios
2026-05-14 20:34:28,AUT RAPPI COMIDA,31112.24,alimentacion
2026-05-07 16:56:08,tda consultorio odontologico #1913,247395.51,salud
2025-10-08 01:27:20,POS EPS Sanitas,47856.28,salud
2025-10-24 12:38:55,ETB INTERNET,41123.66,servicios
2026-06-09 06:09:19,Acueducto Agua,65190.39,servicios
2025-12-18 22:06:43,crepes and waffles #152,31109.17,alimentacion
2026-02-20 16:13:33,DIDI RIDE #9205,21950.61,transporte
2025-12-25 13:51:07,POS Transferencia Nequi,79926.55,otras
2026-04-10 18:23:11,payment papeleria comercial,19283.34,otras
2026-02-07 18:36:14,PAYMENT Playstation Network,5299.54,ocio
2026-03-03 21:33:13,pago en carulla,201673.56,alimentacion
2026-06-01 12:39:06,COMPRA ACUEDUCTO AGUA,20295.23,servicios
2026-02-28 22:39:35,TDA Boletas Tuboleto,14930.02,ocio
2026-05-18 02:03:52,payment enel codensa luz #8142,53830.96,servicios
2025-11-15 18:29:21,payment bar el cervecero,8725.93,ocio
2026-04-13 19:13:51,COMPRA Estacion Texaco #2068,7280.24,transporte
2025-12-15 09:07:22,COMPRA Boletas Tuboleto,15956.41,ocio
2026-05-31 00:17:43,TDA CAJERO DAVIVIENDA #2962,3666.25,otras
2026-06-07 12:29:12,PAGO EN Rappi Comida #7750,28844.52,alimentacion
2026-04-15 03:05:05,PAYMENT ETB INTERNET #8969,31164.14,servicios
2025-09-09 16:58:04,POS CONSULTORIO ODONTOLOGICO #8236,36426.54,salud
2026-01-09 21:15:29,PAYMENT CAJERO DAVIVIENDA #4011,4705.79,otras
2025-12-10 15:05:40,COMPRA STEAM GAMES #6208,40779.08,ocio
2025-10-15 08:07:02,COMPRA Transferencia Nequi #691,24429.29,otras
2025-11-04 19:27:15,tda inmobiliaria bogota #4264,1721473.68,vivienda
2025-09-01 03:45:40,PAYMENT ESTACION TEXACO,14270.75,transporte
2026-08-11 01:14:31,AUT PEAJE CUNDINAMARCA #3554,8168.08,transporte
2026-04-06 16:54:35,tda d1 #9194,45041.73,alimentacion
2026-05-31 12:48:24,pago en inmobiliaria bogota,640835.28,vivienda
2025-10-08 13:54:15,COMPRA CAJERO DAVIVIENDA #5531,6783.43,otras
2025-12-18 18:07:11,COMPRA Drogueria Cruz Verde #4634,246905.93,salud
2026-06-19 01:32:42,PAYMENT CAJERO DAVIVIENDA #1963,11822.15,otras
2026-03-07 17:19:54,aut eps sanitas,6475.02,salud
2026-04-26 02:40:31,pago en libreria panamericana #3880,485919.99,educacion
2026-06-04 22:05:11,COMPRA OPTICA HP #3721,28149.14,salud
2025-11-14 08:58:23,PAYMENT MercadoLibre #232,11994.17,otras
2025-12-24 02:06:27,tda libreria panamericana,11867.22,educacion
2025-11-19 12:22:09,pago en oxxo,146203.27,alimentacion
2026-03-14 21:11:41,payment papeleria comercial,6066.39,otras
2026-08-04 12:52:05,compra cajero davivienda #2156,23352.27,otras
2025-11-21 21:07:24,TDA ADMINISTRACION CONJUNTO #5830,1261197.46,vivienda
2026-05-14 20:13:36,TDA TEXACO #5862,26358.48,transporte
2025-11-11 19:46:25,compra eps sanitas #4551,45907.34,salud
2026-07-22 08:39:08,AUT HOMECENTER,262761.09,vivienda
2026-03-07 22:54:56,COMPRA BOLETAS TUBOLETO,7579.42,ocio
2025-10-27 17:12:46,POS Ferreteria El Martillo #6286,816416.73,vivienda
2026-04-19 00:26:36,TRANSFERENCIA NEQUI #5267,10024.89,otras
2025-09-11 12:43:04,acueducto agua #9589,30394.46,servicios
2025-09-13 14:45:06,PLATZI SUBSCRIPCION #1205,223706.92,educacion
2025-09-06 16:06:58,payment optica hp,141315.91,salud
2025-10-11 09:37:08,COMPRA COURSERA COURSE #9677,22665.17,educacion
2025-10-05 04:45:30,carulla #1263,210515.98,alimentacion
2025-10-23 21:13:15,AUT ACUEDUCTO AGUA,42637.42,servicios
2026-03-18 14:04:14,optica hp,48928.46,salud
2025-11-17 05:00:54,PAGO EN Playstation Network #5124,28643.32,ocio
2025-09-16 18:59:27,POS TEXACO #8283,151579.72,transporte
2026-05-25 23:49:59,payment administracion conjunto #971,307665.35,vivienda
2025-12-16 09:29:25,enel codensa luz,23502.04,servicios
2026-05-24 16:55:55,PAGO EN MOVISTAR FACTURA,6457.14,servicios
2025-11-20 13:18:39,PAYMENT STEAM GAMES,15288.5,ocio
2025-10-24 22:56:35,Drogueria Cruz Verde #4206,73271.99,salud
2025-11-22 03:00:29,TDA FARMATODO #4761,46953.91,salud
2025-12-06 06:07:36,COMPRA TALLER AUTOMOTRIZ CENTRAL,10005.8,transporte
2026-02-07 12:38:07,POS Vanti Gas Natural,7865.89,servicios
2025-11-03 15:38:18,PAYMENT Steam Games,17352.18,ocio
2026-07-18 08:50:00,POS MCDONALDS,116348.77,alimentacion
2025-09-17 12:14:52,PAYMENT GASOLINERA TERPEL #5956,10594.43,transporte
2026-01-19 02:21:09,COMPRA Administracion Conjunto #1499,949827.77,vivienda
2025-10-21 14:08:16,compra jumbo #1848,10357.69,alimentacion
2026-02-04 20:22:05,payment recarga celular claro #5628,35395.07,servicios
2026-03-01 16:06:46,TDA TRANSMILENIO CARD,12656.88,transporte
2026-05-29 20:28:17,compra uber,9079.95,transporte
2026-06-08 17:10:57,COMPRA Cinepolis #9885,7845.89,ocio
2026-07-01 17:42:22,PAYMENT Cabify,12654.26,transporte
2025-08-25 03:05:51,tda taller automotriz central,25442.85,transporte
2026-01-30 10:04:35,COMPRA MERCADOLIBRE #5493,5930.34,otras
2026-06-08 03:31:01,COMPRA Coursera Course #9682,61295.49,educacion
2026-04-05 13:57:21,compra didi ride #4529,17373.05,transporte
2025-10-15 18:37:55,PAGO EN MATRICULA UNIMINUTO #1477,26400.89,educacion
2026-05-26 15:17:50,AUT BOLETAS TUBOLETO #9610,46988.85,ocio
2025-11-25 08:34:39,PAGO EN EPS Sanitas #2077,19171.02,salud
2026-02-13 11:59:15,PAYMENT CARULLA #803,21257.19,alimentacion
2026-02-09 14:19:56,pago en libreria panamericana #8344,30516.73,educacion
2026-01-10 03:04:02,pago en vanti gas natural,79149.05,servicios
2026-04-09 19:00:38,compra eps sanitas,90056.79,salud
2025-09-14 08:58:16,PAYMENT Easy #5456,415835.4,vivienda
2025-10-09 12:10:28,pago en peaje cundinamarca,48805.99,transporte
2026-02-15 16:15:03,COMPRA Cabify,21603.89,transporte
2025-10-16 12:34:53,POS CARULLA #8576,44613.99,alimentacion
2025-08-19 01:24:38,POS Farmatodo #8842,33559.49,salud
2026-07-18 01:39:10,COMPRA Administracion Conjunto #302,465259.41,vivienda
2026-05-28 01:58:26,TDA CONSULTORIO ODONTOLOGICO,71078.68,salud
2026-01-09 18:46:50,Vanti Gas Natural #4076,19398.43,servicios
2026-01-21 13:10:23,COMPRA DROGUERIA CRUZ VERDE #4247,361649.65,salud
2026-08-17 14:32:10,vanti gas natural #7443,12561.92,servicios
2026-06-01 16:11:39,ara #3342,124110.23,alimentacion
2026-01-13 13:55:59,tda papeleria comercial,19706.05,otras
2025-12-14 23:26:59,PAGO EN Vanti Gas Natural #8932,32191.3,servicios
2026-04-02 21:52:56,amazon marketplace #750,50673.47,otras
2026-01-23 04:37:17,NETFLIX #948,8594.05,ocio
2026-08-10 08:24:35,POS EASY,1225119.6,vivienda
2026-01-13 21:17:00,TDA Gasolinera Terpel,1576.89,transporte
2025-10-19 11:46:19,PAGO EN Daviplata Envio,10721.54,otras
2026-06-09 17:39:44,PAGO EN DROGAS LA REBAJA #5774,17739.18,salud
2025-11-24 13:37:33,TDA Peaje Cundinamarca,5836.25,transporte
2025-12-30 19:26:01,COMPRA Ferreteria El Martillo #7217,641155.37,vivienda
2026-05-19 20:00:04,AUT FERRETERIA EL MARTILLO #3135,919375.56,vivienda
2026-04-21 00:53:06,compra transmilenio card,33941.51,transporte
2026-01-07 10:08:10,TDA Homecenter #2826,842834.63,vivienda
2025-09-08 20:17:27,tda mercadolibre #449,11319.78,otras
2026-01-14 02:00:37,COMPRA ARA,48786.71,alimentacion
2026-05-30 03:19:56,COMPRA PAPELERIA COMERCIAL #9964,24941.43,otras
2025-11-19 13:20:14,inmobiliaria bogota #7085,1279057.07,vivienda
2025-08-30 20:04:43,POS CONSULTORIO ODONTOLOGICO,115223.66,salud
2026-04-19 11:21:01,PAYMENT LIBRERIA PANAMERICANA,102392.8,educacion
2026-05-07 03:11:18,POS PAPELERIA COMERCIAL #6243,8979.93,otras
2026-05-15 07:20:59,pago en coursera course,45091.99,educacion
2026-04-25 01:23:22,movistar factura #6291,19343.78,servicios
2025-11-26 22:13:25,Movistar Factura #9059,22266.54,servicios
2026-02-10 07:44:24,POS Bar El Cervecero,16117.09,ocio
2025-10-13 16:00:31,PAGO EN LIBRERIA PANAMERICANA #2906,232863.86,educacion
2025-11-21 12:31:05,PAGO EN Bar El Cervecero #3195,12890.13,ocio
2026-03-30 00:58:52,pago en cinemark #9632,13511.38,ocio
2026-07-10 05:56:30,TDA Cinemark,14769.42,ocio
2025-08-22 05:26:16,PAYMENT CREPES AND WAFFLES #5713,24035.23,alimentacion
2026-06-12 20:25:35,COMPRA Homecenter #5924,418639.16,vivienda
2026-04-24 16:39:50,tda oxxo #1163,8916.42,alimentacion
2026-08-08 12:24:45,compra daviplata envio #2300,10991.2,otras
2026-01-18 20:58:09,MercadoLibre,35353.24,otras
2026-04-02 01:51:22,D1,20695.49,alimentacion
2026-03-06 19:33:37,AUT Estacion Texaco #1134,14559.13,transporte
2026-07-23 15:24:51,Administracion Conjunto #7360,964976.25,vivienda
2025-10-20 20:01:58,netflix #2741,19234.92,ocio
2025-11-23 15:22:32,compra boletas tuboleto,6274.99,ocio
2025-12-12 19:20:07,POS INMOBILIARIA BOGOTA #3472,1326740.33,vivienda
2026-03-12 12:14:29,AUT Gasolinera Terpel #2753,49742.51,transporte
2026-07-27 18:37:48,TDA McDonalds,14707.61,alimentacion
2026-04-02 01:06:15,Libreria Panamericana #3948,36731.71,educacion
2026-05-29 11:12:01,TRANSMILENIO CARD #6940,52679.5,transporte
2026-06-05 15:54:05,TDA CINEMARK #829,12054.61,ocio
2026-07-21 02:00:27,POS DROGAS LA REBAJA,4265.2,salud
2025-09-28 20:57:11,POS Taller Automotriz Central #4389,5116.81,transporte
2026-03-27 19:34:22,tda peaje cundinamarca #8831,14408.41,transporte
2026-06-29 15:36:00,pago arriendo apto #9404,363005.92,vivienda
2025-11-29 21:54:20,COMPRA Transferencia Nequi,14567.91,otras
2025-11-06 19:21:52,TDA PENSION COLEGIO #8219,102628.96,educacion
2026-01-18 23:47:46,pago en administracion conjunto #810,1753900.57,vivienda
2025-12-15 02:08:54,GASOLINERA TERPEL #6573,13885.38,transporte
2025-10-21 20:02:04,PAGO EN PANADERIA KUTY #2098,85650.77,alimentacion
2025-08-18 01:09:30,TDA BAR EL CERVECERO #5071,36320.3,ocio
2025-09-13 13:24:53,tda daviplata envio,92439.5,otras
2026-01-26 16:59:32,boletas tuboleto,16306.65,ocio
2026-01-26 07:41:49,POS Consultorio Odontologico #1357,5655.49,salud
2025-12-07 09:58:15,AUT Papeleria Comercial,34920.34,otras
2026-01-31 19:11:10,PAYMENT Amazon Marketplace,62843.32,otras
2025-10-24 22:37:27,AUT UBER #1352,16764.85,transporte
2025-10-28 19:49:09,AUT FERRETERIA EL MARTILLO #9500,2077654.81,vivienda
2025-10-08 14:30:38,TDA PAPELERIA COMERCIAL,52043.42,otras
2026-02-22 08:41:08,pos daviplata envio #2015,38881.48,otras
2026-02-28 15:08:40,TDA Bar El Cervecero #8452,28580.12,ocio
2026-02-08 10:54:28,TALLER AUTOMOTRIZ CENTRAL,24343.81,transporte
2026-06-29 16:55:40,AUT Rappi Comida,4943.12,alimentacion
2025-10-28 12:43:01,TDA D1,24359.78,alimentacion
2025-09-09 08:11:51,AUT Cajero Davivienda #3257,72923.63,otras
2025-10-27 09:36:23,TDA Transmilenio Card #6511,8718.2,transporte
2025-11-26 03:46:48,pago en oxxo,30370.35,alimentacion
2026-02-04 14:21:01,COMPRA FERRETERIA EL MARTILLO #9333,389686.64,vivienda
2026-08-06 23:57:18,COMPRA McDonalds #6989,151317.88,alimentacion
2025-09-28 20:13:13,POS Jumbo,139412.71,alimentacion
2025-10-20 22:51:10,COMPRA CABIFY #4672,8139.78,transporte
2025-12-09 06:34:24,TDA Bar El Cervecero,14810.75,ocio
2026-01-11 03:07:48,pago en easy #690,484902.72,vivienda
2025-12-02 22:03:20,payment vanti gas natural,38908.45,servicios
2025-12-28 07:31:55,TDA CONSULTORIO ODONTOLOGICO,85875.29,salud
2026-04-01 21:03:54,tda gasolinera terpel #2391,37441.5,transporte
2026-02-19 00:46:08,pos ara,47360.07,alimentacion
2026-05-05 17:26:17,POS TRANSFERENCIA NEQUI,414739.63,otras
2025-08-21 03:03:09,pago en taller automotriz central,7150.01,transporte
2025-11-28 18:29:50,POS ARA,9242.03,alimentacion
2026-05-02 19:41:53,payment coursera course #1440,61592.28,educacion
2026-06-19 22:23:20,COMPRA PLATZI SUBSCRIPCION,15039.18,educacion
2025-09-24 01:04:35,platzi subscripcion,16465.87,educacion
2026-03-08 06:57:20,AUT COURSERA COURSE #1446,29685.75,educacion
2026-01-10 07:54:14,AUT CARULLA #325,17365.64,alimentacion
2026-03-07 09:53:13,payment drogas la rebaja,17152.86,salud
2026-08-14 10:30:40,pension colegio,183847.66,educacion
2026-02-17 05:17:05,Drogas La Rebaja #7032,28090.65,salud
2026-04-09 03:35:46,PAGO EN Papeleria Comercial,18406.98,otras
2025-12-26 03:19:12,TDA D1,74264.34,alimentacion
2026-05-09 05:50:26,pos ferreteria el martillo,460563.71,vivienda
2025-12-17 20:32:37,PAYMENT DROGAS LA REBAJA,36643.8,salud
2026-01-04 17:10:19,PAGO EN TRANSFERENCIA NEQUI,31753.56,otras
2026-01-19 04:28:01,POS INMOBILIARIA BOGOTA #4825,227534.99,vivienda
2026-04-11 15:35:53,inmobiliaria bogota #5953,174391.26,vivienda
2026-01-02 16:52:40,AUT CINEMARK,17022.34,ocio
2026-06-26 13:25:40,CINEMARK #453,18852.67,ocio
2025-08-18 15:11:46,PAGO EN HOMECENTER #2632,2516883.73,vivienda
2026-07-21 12:28:47,PAYMENT ETB INTERNET #5516,29580.09,servicios
2026-01-20 11:34:13,pos drogas la rebaja,120778.51,salud
2026-07-07 21:08:04,POS INMOBILIARIA BOGOTA,648694.02,vivienda
2025-08-27 09:48:14,AUT Texaco,23564.69,transporte
2025-10-04 03:54:18,PAYMENT DROGUERIA CRUZ VERDE #1778,306809.57,salud
2025-12-03 23:16:16,AUT ETB INTERNET #641,7522.13,servicios
2026-06-05 06:22:15,POS FARMATODO,77263.57,salud
2026-01-07 12:27:37,consultorio odontologico #7271,513571.94,salud
2026-04-14 13:54:01,easy #3379,863907.11,vivienda
2026-04-30 07:36:55,Drogas La Rebaja #2126,301230.27,salud
2026-03-05 09:47:28,tda cabify,10236.44,transporte
2026-04-30 20:13:11,tda platzi subscripcion #1497,94991.53,educacion
2025-08-18 15:36:37,compra bar el cervecero #5289,13676.95,ocio
2026-06-29 00:36:12,AUT EPS SANITAS #6141,4275.47,salud
2025-08-23 21:27:02,Didi Ride,6302.11,transporte
2026-01-04 07:48:16,COMPRA MATRICULA UNIMINUTO,26469.54,educacion
2026-06-27 01:25:45,aut bar el cervecero #5798,23752.58,ocio
2025-12-21 20:33:35,TDA EASY,1230943.94,vivienda
2026-02-05 23:40:42,AUT Laboratorio Synlab #559,70013.27,salud
2026-04-10 01:53:10,POS Cajero Davivienda,50216.7,otras
2026-01-19 20:15:17,Taller Automotriz Central #4347,15556.99,transporte
2026-04-12 08:13:10,pago en pension colegio #7855,417616.16,educacion
2025-12-30 17:09:10,PAGO EN CAJERO DAVIVIENDA,22220.9,otras
2026-08-17 03:20:57,ENEL CODENSA LUZ #655,27853.63,servicios
2026-04-30 02:36:33,pos matricula uniminuto #6432,71774.81,educacion
2026-08-03 23:32:46,PAGO EN EPS Sanitas #2162,104077.96,salud
2026-05-29 14:24:34,cajero davivienda #3506,14455.08,otras
2025-12-09 13:26:47,PAGO EN Ferreteria El Martillo,1310420.75,vivienda
2025-11-01 04:41:38,AUT RECARGA CELULAR CLARO #2087,13639.3,servicios
2025-10-12 00:48:22,PAYMENT MATRICULA UNIMINUTO #6005,26404.78,educacion
2026-07-23 17:32:16,AUT Spotify #1616,21616.21,ocio
2026-06-18 05:53:18,Crepes and Waffles,33832.08,alimentacion
2026-03-01 09:59:57,PAGO ARRIENDO APTO,555522.92,vivienda
2025-10-06 02:11:57,AUT RAPPI COMIDA #2329,74016.71,alimentacion
2026-06-22 21:21:10,PAGO EN Taller Automotriz Central #6559,10440.68,transporte
2025-12-12 11:12:53,PAGO EN Pago Arriendo Apto #3886,646856.17,vivienda
2026-03-18 13:08:04,tda pension colegio,529174.51,educacion
2025-10-21 16:48:39,COMPRA PLATZI SUBSCRIPCION #9491,625915.6,educacion
2025-10-01 08:38:53,pos homecenter,1873724.89,vivienda
2026-05-01 18:43:01,PAYMENT COURSERA COURSE,70364.85,educacion
2025-11-18 23:48:38,TDA COURSERA COURSE,432286.35,educacion
2025-11-07 15:04:49,TDA PLAYSTATION NETWORK #2000,6875.59,ocio
2026-06-05 23:16:02,pos easy #4816,423309.25,vivienda
2026-05-16 06:04:11,TDA EPS SANITAS #3845,3694.12,salud
2025-09-27 09:29:37,PAGO EN CONSULTORIO ODONTOLOGICO,308709.2,salud
2026-05-22 09:51:35,HOMECENTER,434352.67,vivienda
2025-10-18 15:56:45,PAYMENT Recarga Celular Claro #4533,24936.31,servicios
2026-08-02 23:44:20,PAGO EN MATRICULA UNIMINUTO,33110.67,educacion
2026-06-11 00:57:39,POS CINEMARK #6289,21733.62,ocio
2025-11-11 00:29:54,POS Texaco #2325,12860.68,transporte
2025-11-25 11:43:01,TDA LABORATORIO SYNLAB,11669.12,salud
2026-02-18 09:54:15,TDA LIBRERIA PANAMERICANA #5941,167710.59,educacion
2025-10-04 05:48:09,eps sanitas,10126.36,salud
2025-10-09 03:47:11,COMPRA CAJERO DAVIVIENDA #3543,9533.76,otras
2026-04-20 11:32:31,PENSION COLEGIO #7584,7877.24,educacion
2026-02-24 11:49:59,payment consultorio odontologico #3638,10235.79,salud
2026-06-22 09:25:10,DROGUERIA CRUZ VERDE,59657.91,salud
2025-12-24 16:22:34,PAYMENT Jumbo #7325,7542.97,alimentacion
2026-08-14 07:15:49,compra didi ride,4755.08,transporte
2026-06-11 01:13:37,TDA Acueducto Agua,26864.97,servicios
2025-09-11 13:11:07,Spotify #6017,9131.41,ocio
2025-12-28 17:32:28,POS DAVIPLATA ENVIO,161463.86,otras
2026-08-05 21:49:02,aut restaurante don jediondo #1173,157490.0,alimentacion
2026-06-01 23:24:25,TDA Inmobiliaria Bogota,433326.4,vivienda
2026-05-26 00:11:47,aut rappi comida #3916,56710.24,alimentacion
2026-04-28 09:25:04,COMPRA Inmobiliaria Bogota,1143460.25,vivienda
2026-06-18 07:56:18,TDA MATRICULA UNIMINUTO #5668,48195.71,educacion
2026-07-15 22:15:27,tda consultorio odontologico #6213,9460.73,salud
2026-06-27 09:43:18,COMPRA RESTAURANTE DON JEDIONDO #403,35959.96,alimentacion
2025-11-12 06:05:23,compra rappi comida #9287,31625.64,alimentacion
2025-10-01 08:45:13,transferencia nequi #2086,14246.06,otras
2025-09-20 11:41:06,compra platzi subscripcion #5397,167842.32,educacion
2025-09-21 01:17:04,COMPRA Jumbo #5471,19918.74,alimentacion
2026-06-01 01:09:44,POS Cajero Davivienda #7398,6960.47,otras
2026-08-16 09:52:53,compra d1 #9124,39627.02,alimentacion
2026-06-02 14:47:07,McDonalds #4736,49452.9,alimentacion
2026-03-27 21:41:29,POS CAJERO DAVIVIENDA #4682,6791.01,otras
2025-10-05 22:03:42,pos inmobiliaria bogota #9049,1272958.61,vivienda
2026-01-12 02:07:12,PAGO EN PLAYSTATION NETWORK #8967,3868.66,ocio
2026-05-30 15:01:03,PAGO EN CREPES AND WAFFLES #1688,22868.35,alimentacion
2025-12-16 03:18:03,aut ara,29542.74,alimentacion
2026-04-03 14:12:02,payment homecenter,497955.39,vivienda
2025-10-30 04:02:48,COMPRA EPS SANITAS #5656,26329.19,salud
2026-01-28 23:36:04,DIDI RIDE,97145.68,transporte
2026-06-12 23:18:14,AUT Easy #5407,437779.02,vivienda
2026-06-23 03:51:10,COMPRA UDEMY ONLINE #6425,1847725.66,educacion
2026-08-15 03:15:30,AUT Administracion Conjunto,948157.65,vivienda
2026-03-07 06:52:44,PAYMENT Matricula Uniminuto,110245.63,educacion
2026-04-08 01:55:40,pago en vanti gas natural,35801.47,servicios
2025-11-11 16:57:15,AUT Acueducto Agua,122756.33,servicios
2026-01-17 23:01:24,PAYMENT Bar El Cervecero #1334,6664.06,ocio
2026-03-14 11:41:55,PAYMENT Gasolinera Terpel,6578.91,transporte
2025-12-18 03:05:27,COMPRA PAPELERIA COMERCIAL,10354.06,otras
2026-06-30 09:29:43,payment transmilenio card,18563.06,transporte
2026-07-08 13:52:11,AUT MERCADOLIBRE,3921.5,otras
2026-02-27 13:13:23,POS TRANSFERENCIA NEQUI,22524.06,otras
2026-02-10 10:39:53,PAYMENT INMOBILIARIA BOGOTA,2014997.03,vivienda
2026-04-08 00:30:32,compra drogas la rebaja,57904.37,salud
2025-10-13 02:03:30,payment ara #743,28734.44,alimentacion
2026-05-02 19:57:46,PAGO EN Homecenter #8438,503381.56,vivienda
2025-08-30 18:33:10,Boletas Tuboleto #7179,25058.24,ocio
2025-12-19 18:21:36,POS Optica HP,19763.34,salud
2026-02-28 12:56:50,TDA Easy #3513,2208529.69,vivienda
2025-10-04 09:12:46,COMPRA Transferencia Nequi #8026,152262.27,otras
2026-07-12 15:17:42,estacion texaco #540,22721.7,transporte
2026-03-28 08:15:04,TDA PLAYSTATION NETWORK #9538,13252.47,ocio
2026-04-19 12:30:34,COMPRA CABIFY #5096,45596.85,transporte
2026-02-25 16:25:02,POS Vanti Gas Natural #8941,51889.88,servicios
2026-05-17 21:30:35,PAYMENT OXXO,19057.32,alimentacion
2025-09-09 06:37:04,POS D1 #4501,23831.32,alimentacion
2025-10-15 17:43:58,PAYMENT EASY #3197,329915.4,vivienda
2025-11-07 05:30:04,TDA BOLETAS TUBOLETO,17789.18,ocio
2026-08-15 07:59:27,Papeleria Comercial #552,42900.03,otras
2026-05-16 10:42:54,POS McDonalds #4562,12333.32,alimentacion
2025-09-06 20:23:54,DIDI RIDE #7393,11971.94,transporte
2026-07-16 04:12:07,TDA Ara #8098,12359.71,alimentacion
2026-05-26 22:15:43,payment pension colegio #1450,33571.75,educacion
2025-12-11 14:16:32,aut movistar factura,37444.32,servicios
2026-08-06 18:24:32,POS Optica HP,21876.53,salud
2025-08-25 19:27:10,CAJERO DAVIVIENDA #5425,16304.14,otras
2026-01-16 18:48:41,PAYMENT BOLETAS TUBOLETO #2545,4276.46,ocio
2026-01-28 11:50:51,pos cajero davivienda #8112,26555.45,otras
2026-02-17 07:03:15,pos easy #8343,710295.25,vivienda
2026-06-07 16:51:11,compra eps sanitas,21985.64,salud
2026-01-16 07:25:02,TDA Drogueria Cruz Verde #3457,39818.4,salud
2026-03-10 10:18:42,PAGO EN DROGUERIA CRUZ VERDE #490,59773.9,salud
2025-12-05 08:34:04,uber,8661.29,transporte
2026-05-14 21:08:33,TDA ARA #8479,11147.72,alimentacion
2026-05-16 17:15:05,payment boletas tuboleto,47282.81,ocio
2026-01-17 08:40:13,pos steam games,8575.88,ocio
2025-10-07 06:31:40,pos vanti gas natural #6943,25385.77,servicios
2026-06-05 14:04:36,pos ferreteria el martillo,1337755.6,vivienda
2026-07-19 16:48:09,payment platzi subscripcion,6816564.92,educacion
2026-07-13 11:14:44,PAGO EN Amazon Marketplace,6345.58,otras
2025-12-13 12:37:12,VANTI GAS NATURAL #6556,35238.56,servicios
2026-04-28 16:04:33,POS Netflix #5703,8141.37,ocio
2026-03-29 13:56:31,PAYMENT Laboratorio Synlab #5353,27101.13,salud
2026-02-05 01:05:59,pago en taller automotriz central #9491,9431.49,transporte
2026-02-20 19:07:39,compra mercadolibre #8312,7146.26,otras
2026-07-31 21:07:25,PAGO EN EPS SANITAS #4619,46844.06,salud
2025-11-06 21:36:32,pos mcdonalds,11163.42,alimentacion
2026-06-25 19:36:32,aut mcdonalds #8885,77454.51,alimentacion
2025-11-01 10:04:56,AUT EASY #4615,753890.01,vivienda
2026-04-27 08:25:23,COMPRA VANTI GAS NATURAL #7174,34664.14,servicios
2026-01-05 02:38:02,COMPRA D1,25010.45,alimentacion
2026-07-15 22:15:36,COMPRA Inmobiliaria Bogota #3211,585181.68,vivienda
2025-09-26 00:40:03,PAGO ARRIENDO APTO #1394,866778.15,vivienda
2026-06-18 11:49:43,pago en transmilenio card,6325.56,transporte
2026-01-10 16:11:57,aut coursera course #8669,64241.94,educacion
2026-05-08 07:20:01,tda netflix #2614,7319.3,ocio
2026-08-12 01:15:14,pos cabify #6851,8090.84,transporte
2025-09-23 17:40:29,payment platzi subscripcion,7849.41,educacion
2026-02-17 11:17:13,PAYMENT Cinemark,34116.23,ocio
2025-09-06 19:31:14,aut easy #1558,483147.25,vivienda
2026-03-05 14:38:56,PAYMENT Bar El Cervecero,30162.76,ocio
2025-12-26 21:21:41,TDA Movistar Factura,51086.49,servicios
2026-02-01 21:57:13,tda boletas tuboleto #7701,5430.57,ocio
2026-04-17 22:15:09,tda drogas la rebaja #852,14805.41,salud
2026-01-21 07:56:31,COMPRA Peaje Cundinamarca #7056,180674.56,transporte
2025-08-30 15:16:52,payment libreria panamericana #2854,807025.97,educacion
2025-11-18 23:22:48,aut etb internet #7171,26399.2,servicios
2026-02-23 04:46:06,payment cinemark,15997.08,ocio
2026-05-11 14:55:17,aut vanti gas natural,18425.52,servicios
2025-10-23 10:08:25,CARULLA,51322.38,alimentacion
2026-06-02 20:12:52,aut transferencia nequi,10751.69,otras
2026-06-14 17:53:21,Netflix #8947,3220.69,ocio
2026-06-22 07:24:47,POS DAVIPLATA ENVIO,5874.9,otras
2026-04-30 04:17:08,AUT Cinemark #4589,13558.45,ocio
2026-06-15 11:25:17,movistar factura #4534,13648.16,servicios
2026-07-19 07:51:28,pos farmatodo #5614,45523.99,salud
2026-01-12 19:53:01,Easy #3575,382775.29,vivienda
2026-04-20 00:13:13,AUT Cinepolis #3190,7726.04,ocio
2026-02-06 07:14:53,PAGO EN MOVISTAR FACTURA #8922,44886.81,servicios
2025-08-21 22:35:14,COMPRA MATRICULA UNIMINUTO #8202,132850.09,educacion
2025-10-01 17:29:36,TDA MATRICULA UNIMINUTO #2715,97577.55,educacion
2025-10-03 20:02:52,PAGO EN COURSERA COURSE #5777,283440.29,educacion
2026-04-23 12:48:47,POS Platzi Subscripcion,175734.62,educacion
2026-08-05 06:04:40,easy #3116,1737465.46,vivienda
2025-11-12 18:59:29,COMPRA TRANSFERENCIA NEQUI #164,13906.9,otras
2026-04-02 08:17:16,POS INMOBILIARIA BOGOTA,563667.05,vivienda
2026-03-27 19:44:55,tda transferencia nequi #3960,5996.26,otras
2025-12-01 17:44:42,pago arriendo apto,563888.36,vivienda
2026-06-02 21:41:49,payment homecenter #4314,1301283.88,vivienda
2026-06-21 22:15:54,COMPRA Taller Automotriz Central #7895,58103.93,transporte
2025-10-26 18:23:15,PAGO EN BAR EL CERVECERO #1848,26165.93,ocio
2026-02-21 11:26:11,PAYMENT ESTACION TEXACO #1832,3587.56,transporte
2026-05-17 08:25:42,compra ferreteria el martillo,1397069.14,vivienda
2025-12-11 07:23:34,PAGO EN Laboratorio Synlab #935,6487.48,salud
2025-10-05 01:43:59,POS CABIFY,40469.57,transporte
2025-12-21 17:47:55,tda pension colegio #928,63491.33,educacion
2026-05-21 15:14:46,MercadoLibre,44468.36,otras
2025-10-28 05:44:35,pago en netflix,5256.84,ocio
2026-06-29 02:55:23,easy #2256,1472836.34,vivienda
2025-08-25 02:29:40,payment d1,11248.84,alimentacion
2026-03-21 09:18:04,payment estacion texaco #4071,9881.21,transporte
2026-06-17 16:57:25,PAYMENT BAR EL CERVECERO,6643.1,ocio
2026-02-23 04:11:04,POS PENSION COLEGIO,12026.38,educacion
2026-03-06 22:57:14,POS Farmatodo,54392.43,salud
2026-03-14 18:07:09,POS Cinemark #4623,47299.85,ocio
2026-07-01 10:28:17,PAGO EN HOMECENTER,3613340.08,vivienda
2025-10-04 15:02:28,COMPRA Platzi Subscripcion,110922.49,educacion
2026-04-30 04:52:39,pos acueducto agua #2660,52575.67,servicios
2025-10-26 14:21:25,POS PANADERIA KUTY #2561,43725.02,alimentacion
2026-05-14 10:19:36,TDA AMAZON MARKETPLACE #5328,36274.97,otras
2025-08-19 12:04:05,AUT Panaderia Kuty,27619.6,alimentacion
2026-02-07 02:57:27,POS PLAYSTATION NETWORK #3676,15314.48,ocio
2025-10-04 05:18:37,POS SPOTIFY #9733,19462.31,ocio
2025-10-06 11:05:49,PAYMENT PANADERIA KUTY #2402,22862.02,alimentacion
2025-11-05 12:38:49,PAYMENT ETB Internet,25680.92,servicios
2025-10-19 01:02:00,pago en udemy online #2075,92031.29,educacion
2026-03-23 21:17:22,TDA UDEMY ONLINE #4839,266115.04,educacion
2026-07-14 02:32:06,COMPRA ETB Internet #4802,14191.25,servicios
2025-09-19 07:04:13,BOLETAS TUBOLETO,12886.31,ocio
2026-03-02 00:05:21,PAGO EN Cabify,100791.06,transporte
2026-01-05 15:03:59,PAYMENT CINEMARK #3442,30177.2,ocio
2025-10-23 01:54:09,PAGO EN TRANSMILENIO CARD #8287,60734.13,transporte
2026-04-30 00:56:05,TDA ENEL CODENSA LUZ,27300.47,servicios
2025-11-21 21:06:51,Enel Codensa Luz #784,32617.31,servicios
2025-09-04 08:44:44,COMPRA EASY #5257,1330867.71,vivienda
2026-08-03 18:06:35,PAGO EN ETB INTERNET #2388,68607.24,servicios
2026-04-30 10:14:20,COMPRA FARMATODO #4451,5728.66,salud
2026-02-06 05:24:09,tda mercadolibre #3343,5910.93,otras
2026-03-29 13:08:27,PAYMENT FARMATODO #838,206982.29,salud
2026-05-14 09:15:37,PAYMENT PENSION COLEGIO #1040,70808.39,educacion
2026-03-08 10:02:51,AUT TRANSFERENCIA NEQUI #8073,11251.75,otras
2026-04-09 20:22:43,POS DROGUERIA CRUZ VERDE,12337.8,salud
2026-03-03 17:29:31,TDA DROGAS LA REBAJA #2603,26621.69,salud
2026-05-11 14:25:12,pos cinepolis,5005.74,ocio
2026-05-01 18:28:58,payment coursera course,1213856.61,educacion
2025-11-17 12:22:49,Rappi Comida #9793,35669.5,alimentacion
2025-10-29 11:25:06,pos ferreteria el martillo,704490.18,vivienda
2025-12-11 19:56:14,tda easy #8272,1038041.17,vivienda
2025-10-08 13:21:15,PAYMENT SUPERMERCADO EXITO #5190,78423.28,alimentacion
2026-03-19 20:06:58,payment vanti gas natural,47454.8,servicios
2026-04-04 06:15:49,tda homecenter,1389109.1,vivienda
2025-12-03 03:57:37,AUT Pension Colegio #2701,46304.08,educacion
2026-05-27 14:11:26,AUT CINEPOLIS #9590,10845.37,ocio
2026-01-28 07:54:36,AUT MOVISTAR FACTURA #3120,42677.15,servicios
2026-03-18 23:24:19,FARMATODO,27443.15,salud
2025-11-26 16:06:24,papeleria comercial #4114,21914.27,otras
2026-04-26 18:43:49,Libreria Panamericana,159295.54,educacion
2026-01-19 19:16:07,POS EPS SANITAS,116273.86,salud
2025-09-18 18:25:45,FARMATODO,6936.49,salud
2026-05-07 04:07:16,PAYMENT UDEMY ONLINE #853,232744.08,educacion
2026-08-17 13:44:16,TDA COURSERA COURSE,74572.8,educacion
2025-10-12 01:34:31,mcdonalds #2865,63956.99,alimentacion
2025-11-04 13:39:10,TDA ETB Internet #8648,42879.92,servicios
2026-04-18 22:26:45,PAGO EN Drogas La Rebaja,287421.93,salud
2025-11-30 01:25:55,TDA D1,107233.39,alimentacion
2026-05-15 01:07:08,aut cinemark,34289.7,ocio
2025-10-31 05:51:45,BOLETAS TUBOLETO #5010,36701.36,ocio
2026-01-08 23:03:44,tda easy #1762,868764.52,vivienda
2026-04-29 17:05:35,PAYMENT CARULLA #3223,37262.7,alimentacion
2026-07-02 02:08:08,pos acueducto agua,45419.2,servicios
2026-04-09 08:56:17,PAYMENT Homecenter,1131719.34,vivienda
2026-01-27 10:12:23,CARULLA,28360.34,alimentacion
2025-12-18 07:08:13,PAYMENT Carulla #8311,50204.44,alimentacion
2026-01-11 14:26:22,POS DROGUERIA CRUZ VERDE,47164.36,salud
2026-04-08 20:28:20,COMPRA CABIFY #3292,8362.06,transporte
2025-09-16 13:01:35,etb internet,58353.61,servicios
2025-10-04 19:59:56,AUT MATRICULA UNIMINUTO #1403,105476.04,educacion
2025-09-29 03:37:38,COMPRA Jumbo #9845,187019.21,alimentacion
2026-03-18 09:36:45,POS DAVIPLATA ENVIO,4335.13,otras
2025-09-12 01:13:50,CINEPOLIS,9047.6,ocio
2026-04-23 01:19:54,tda amazon marketplace #9525,22757.25,otras
2026-01-05 08:10:03,tda supermercado exito #1823,90210.84,alimentacion
2026-06-15 14:35:30,PAYMENT Taller Automotriz Central,25835.96,transporte
2025-10-13 06:20:09,pago en pago arriendo apto,878774.54,vivienda
2025-12-01 17:01:04,Pension Colegio,25521.68,educacion
2025-09-24 11:22:33,PAGO EN TRANSFERENCIA NEQUI,6926.14,otras
2025-11-11 17:44:14,PAYMENT CAJERO DAVIVIENDA,30409.33,otras
2025-09-27 05:08:28,PAYMENT RESTAURANTE DON JEDIONDO #8007,12194.19,alimentacion
2025-10-24 16:22:48,drogueria cruz verde #863,27307.99,salud
2026-05-27 06:56:54,tda restaurante don jediondo #9404,54216.14,alimentacion
2026-04-03 02:42:39,compra optica hp #6333,16637.98,salud
2025-09-23 12:56:51,PAGO EN Supermercado Exito,131174.63,alimentacion
2025-12-30 22:25:50,pago en pago arriendo apto,1520214.2,vivienda
2026-03-27 15:20:41,TDA CONSULTORIO ODONTOLOGICO,8703.13,salud
2026-03-19 15:11:28,COMPRA Amazon Marketplace #803,8670.04,otras
2026-04-10 08:26:50,pos uber #7756,2304.92,transporte
2026-07-31 15:05:07,AUT Pension Colegio,38595.48,educacion
2025-10-22 17:55:34,PAYMENT EPS SANITAS,113894.44,salud
2026-06-05 10:24:30,PAYMENT Peaje Cundinamarca #1950,12425.36,transporte
2025-10-26 14:26:04,AUT Papeleria Comercial #2323,34919.38,otras
2026-06-26 11:42:06,pago en jumbo #3193,10744.32,alimentacion
2026-05-07 16:06:34,PAYMENT PENSION COLEGIO #357,257189.98,educacion
2026-03-19 16:23:52,aut crepes and waffles #8018,23293.1,alimentacion
2026-07-25 23:28:40,TDA SPOTIFY,13474.02,ocio
2026-02-18 15:07:11,OXXO #8650,33715.08,alimentacion
2025-10-05 23:30:14,TDA GASOLINERA TERPEL #7429,5742.25,transporte
2025-08-21 02:58:04,AUT CINEPOLIS #5341,5960.09,ocio
2026-03-04 21:13:17,PAYMENT Udemy Online #3912,315323.18,educacion
2025-10-16 19:43:43,PAYMENT UDEMY ONLINE,159339.21,educacion
2025-10-05 12:17:00,TDA Restaurante Don Jediondo,84123.33,alimentacion
2026-01-11 13:07:23,PAGO EN Amazon Marketplace,30474.89,otras
2026-05-30 01:04:42,PAGO EN SPOTIFY #227,14766.16,ocio
2025-09-06 23:10:44,COMPRA EPS Sanitas #9847,7342.16,salud
2026-04-22 16:09:36,COMPRA EASY #9352,620189.27,vivienda
2026-05-19 04:50:43,POS Pago Arriendo Apto #1574,717529.55,vivienda
2026-05-07 19:52:08,PAGO EN Uber #3302,104589.29,transporte
2026-01-26 20:45:33,AUT CARULLA #6061,62916.6,alimentacion
2026-02-11 05:19:31,payment matricula uniminuto #1183,623605.61,educacion
2026-02-03 21:50:55,udemy online #1553,202206.6,educacion
2026-06-23 12:42:52,aut enel codensa luz #7307,17557.18,servicios
2026-02-28 11:33:39,TDA MOVISTAR FACTURA,28861.81,servicios
2025-12-02 13:18:05,payment matricula uniminuto,131067.58,educacion
2026-03-07 14:44:20,PAGO EN Libreria Panamericana #1414,31984.71,educacion
2026-07-25 17:34:25,POS Gasolinera Terpel #4595,12759.76,transporte
2025-12-13 22:59:52,payment boletas tuboleto,11567.6,ocio
2026-07-16 14:51:09,POS AMAZON MARKETPLACE #5643,109712.64,otras
2025-12-14 03:25:00,pos etb internet #739,7719.89,servicios
2026-06-12 16:45:22,PAYMENT Taller Automotriz Central #1330,53382.41,transporte
2026-07-11 16:42:18,AMAZON MARKETPLACE,8631.77,otras
2026-04-20 22:03:37,COMPRA Consultorio Odontologico #4221,10836.91,salud
2025-09-16 05:16:39,pago en spotify #2756,30514.57,ocio
2025-11-18 15:44:58,DROGAS LA REBAJA #2537,109654.29,salud
2025-10-20 13:24:39,aut netflix #9341,32149.85,ocio
2025-09-08 17:33:33,TDA Administracion Conjunto #2961,1179287.7,vivienda
2026-06-02 03:31:24,AUT LABORATORIO SYNLAB,472517.24,salud
2026-03-20 15:35:18,TDA PLAYSTATION NETWORK,19753.91,ocio
2026-06-27 08:47:03,matricula uniminuto,81815.92,educacion
2026-01-29 02:15:31,PAYMENT ETB INTERNET #8759,33049.31,servicios
2026-03-02 23:42:29,aut enel codensa luz #2317,56731.31,servicios
2025-10-09 10:02:58,AUT Ferreteria El Martillo #6537,456970.81,vivienda
2026-02-26 18:19:32,tda netflix #1368,8464.85,ocio
2026-05-10 12:14:36,payment etb internet #2648,22350.95,servicios
2026-07-28 07:57:19,Spotify #5207,3061.9,ocio
2026-05-15 11:10:34,compra etb internet #1809,29226.97,servicios
2026-01-21 21:42:46,PAGO EN PAGO ARRIENDO APTO,235230.88,vivienda
2026-04-13 18:39:09,PAGO EN DROGUERIA CRUZ VERDE #3315,51967.06,salud
2026-08-06 04:31:17,NETFLIX #6672,24482.23,ocio
2025-08-20 06:23:42,COMPRA MOVISTAR FACTURA #7626,20208.81,servicios
2026-01-29 11:32:07,PAGO EN Platzi Subscripcion #2020,738620.14,educacion
2026-03-12 22:42:47,PAGO EN Pension Colegio,17109.67,educacion
2025-12-29 10:38:35,POS Texaco #4444,52687.56,transporte
2026-05-31 10:16:01,AUT PLATZI SUBSCRIPCION #4832,221940.47,educacion
2026-08-09 21:44:39,AUT TRANSMILENIO CARD,3849.01,transporte
2026-05-10 02:30:54,COMPRA UDEMY ONLINE #6114,2553442.89,educacion
2025-09-02 21:13:52,payment texaco #8146,17028.25,transporte
2026-02-07 16:11:06,tda drogas la rebaja #3016,18671.76,salud
2026-05-06 09:26:50,PAGO EN DAVIPLATA ENVIO #3447,5393.3,otras
2026-08-03 10:27:31,Cajero Davivienda,17676.33,otras
2025-10-24 07:49:53,SPOTIFY #7713,12219.83,ocio
2026-01-06 23:36:27,pago en didi ride,19779.1,transporte
2026-03-04 22:19:53,PAYMENT ADMINISTRACION CONJUNTO,610065.93,vivienda
2025-09-06 04:55:42,PAGO EN Inmobiliaria Bogota,1066545.19,vivienda
2026-02-25 20:54:46,PAGO EN Drogas La Rebaja,32003.71,salud
2025-10-22 15:28:14,POS Restaurante Don Jediondo #6727,7723.54,alimentacion
2025-09-30 09:51:28,PAYMENT Easy #6390,666891.81,vivienda
2026-08-07 09:57:48,TDA Pension Colegio #1263,5761.92,educacion
2025-11-22 10:25:32,PAYMENT RECARGA CELULAR CLARO #9772,33265.04,servicios
2026-07-13 20:15:42,mcdonalds,16590.07,alimentacion
2025-12-08 02:02:39,payment easy,804532.15,vivienda
2026-02-21 01:29:36,optica hp,208039.34,salud
2025-11-28 06:06:04,TDA MERCADOLIBRE,8529.2,otras
2025-08-18 07:16:12,POS MCDONALDS,84880.95,alimentacion
2026-04-19 13:26:09,AUT Cabify #1860,12209.25,transporte
2026-01-17 07:15:47,COMPRA CINEPOLIS,45580.55,ocio
2026-08-10 21:57:14,POS Recarga Celular Claro,21609.93,servicios
2026-08-13 06:22:06,compra eps sanitas #8965,19447.19,salud
2026-03-05 15:31:25,COMPRA EASY #2928,1101675.84,vivienda
2026-08-15 17:08:20,pago en recarga celular claro,20713.19,servicios
2026-07-30 01:05:28,pago en pension colegio #7670,35963.53,educacion
2026-07-12 21:39:24,AUT Acueducto Agua,20197.14,servicios
2025-09-08 18:21:12,pago en mercadolibre #1110,21065.53,otras
2025-08-19 17:21:14,PAGO EN MATRICULA UNIMINUTO,494160.75,educacion
2026-02-12 05:15:14,TDA RECARGA CELULAR CLARO #8100,8429.96,servicios
2025-12-11 07:16:28,tda recarga celular claro,27278.34,servicios
2025-09-28 01:17:11,TDA LABORATORIO SYNLAB,97479.17,salud
2025-12-31 06:05:14,pago en udemy online,124509.62,educacion
2025-10-28 17:33:38,tda homecenter,1600647.99,vivienda
2026-01-02 02:55:32,pago en inmobiliaria bogota #7929,697594.18,vivienda
2025-09-25 18:58:53,PAYMENT HOMECENTER #7784,652958.68,vivienda
2026-02-24 12:38:50,PAGO EN Gasolinera Terpel #4566,30733.13,transporte
2025-09-19 08:18:51,POS Cabify,19719.88,transporte
2026-03-05 04:14:30,POS FERRETERIA EL MARTILLO,577090.72,vivienda
2026-01-23 22:37:26,pos etb internet,36668.98,servicios
2026-08-07 01:14:19,tda acueducto agua,18187.38,servicios
2025-08-20 02:51:18,payment crepes and waffles #5134,22271.39,alimentacion
2026-06-12 06:12:59,PAYMENT Recarga Celular Claro #1441,19598.41,servicios
2025-11-22 13:52:11,POS GASOLINERA TERPEL #2222,60947.14,transporte
2026-02-16 05:40:28,PAGO EN EPS SANITAS,1417.83,salud
2026-01-09 19:15:43,POS TRANSMILENIO CARD,25746.11,transporte
2026-01-05 23:47:28,AUT PLATZI SUBSCRIPCION #8320,102860.21,educacion
2026-07-29 22:17:24,PAYMENT ADMINISTRACION CONJUNTO #5611,266060.16,vivienda
2026-03-13 18:18:38,COMPRA Libreria Panamericana #7524,143153.41,educacion
2025-09-28 15:33:20,Cinepolis #6937,18639.28,ocio
2026-04-29 07:24:52,payment bar el cervecero,20186.06,ocio
2025-10-19 06:51:00,Coursera Course,4096.16,educacion
2026-01-01 19:31:12,POS Drogas La Rebaja #5522,220362.31,salud
2026-02-01 23:14:48,PAYMENT Udemy Online,40729.83,educacion
2026-01-03 22:46:26,TDA Carulla #5418,62897.03,alimentacion
2025-11-02 12:16:09,payment optica hp #2969,110766.67,salud
2025-10-30 01:20:17,compra enel codensa luz #6611,15898.53,servicios
2025-09-02 01:39:39,pos jumbo,61596.97,alimentacion
2026-01-17 15:52:49,pos steam games #1064,10200.12,ocio
2026-06-02 08:19:08,AUT Cabify,2795.48,transporte
2026-08-02 08:21:11,payment pension colegio #5340,400829.05,educacion
2025-10-18 16:39:56,SPOTIFY,7765.67,ocio
2025-11-02 17:11:02,AUT EASY,436831.98,vivienda
2026-05-02 18:57:29,compra administracion conjunto,572724.73,vivienda
2025-10-02 13:40:10,TDA PENSION COLEGIO #2845,136855.93,educacion
2026-02-23 08:53:15,PAGO EN Restaurante Don Jediondo #6618,34689.2,alimentacion
2026-02-25 21:28:11,payment administracion conjunto #8737,1013418.83,vivienda
2026-05-21 20:23:56,payment daviplata envio #3041,5770.48,otras
2025-12-21 14:37:04,TDA SPOTIFY #8416,7945.25,ocio
2026-02-28 08:06:21,PAYMENT TEXACO #6401,16246.01,transporte
2026-08-11 02:39:35,pago arriendo apto,2277826.77,vivienda
2026-07-10 20:21:39,RESTAURANTE DON JEDIONDO #4709,33155.04,alimentacion
2025-10-07 11:20:47,PAYMENT Pension Colegio,363039.43,educacion
2025-09-28 07:57:20,compra panaderia kuty,37453.08,alimentacion
2025-10-05 10:00:07,compra inmobiliaria bogota #9165,545689.18,vivienda
2025-12-29 01:52:51,POS Consultorio Odontologico #4036,37369.24,salud
2025-08-22 17:39:44,tda papeleria comercial,18612.34,otras
2025-11-17 06:49:50,PAYMENT AMAZON MARKETPLACE #6916,40281.43,otras
2026-05-07 20:45:19,PAGO EN AMAZON MARKETPLACE #4995,87082.5,otras
2026-01-31 07:12:48,pago en d1,48423.7,alimentacion
2026-05-30 19:48:19,COMPRA STEAM GAMES #1919,30667.37,ocio
2026-02-02 02:40:48,payment jumbo,16783.78,alimentacion
2025-12-07 20:28:10,compra spotify,9994.18,ocio
2026-02-22 03:38:01,TDA FARMATODO #1447,22098.55,salud
2026-06-08 22:32:45,TDA Didi Ride #5610,23932.68,transporte
2025-11-21 15:37:01,POS RAPPI COMIDA #4202,27250.67,alimentacion
2025-10-15 15:48:29,optica hp #6416,109398.26,salud
2026-03-03 23:32:44,TDA Cabify,7801.71,transporte
2025-11-22 07:38:38,PLATZI SUBSCRIPCION #7259,103947.08,educacion
2026-06-11 04:51:51,AUT Enel Codensa Luz,40624.02,servicios
2026-07-19 01:03:48,compra libreria panamericana #9584,8280.32,educacion
2026-05-16 15:49:34,aut jumbo #7256,198254.14,alimentacion
2026-05-03 05:05:41,PAGO EN DAVIPLATA ENVIO #650,16594.86,otras
2025-11-02 11:46:59,PAYMENT SPOTIFY #1929,3237.23,ocio
2026-05-18 19:08:16,pago en laboratorio synlab #9264,58331.84,salud
2026-05-16 17:35:22,Didi Ride,18584.8,transporte
2026-02-28 12:32:12,TDA ETB INTERNET #9641,25613.21,servicios
2025-10-26 19:14:30,platzi subscripcion,324301.64,educacion
2026-07-15 10:25:43,PAYMENT PLATZI SUBSCRIPCION #5366,242058.32,educacion
2026-04-18 16:17:29,PAGO EN SUPERMERCADO EXITO #6168,46087.68,alimentacion
2025-10-14 04:40:21,tda optica hp #8218,80432.31,salud
2025-10-03 05:13:28,PAYMENT Steam Games,12418.58,ocio
2026-01-20 06:40:30,AUT Amazon Marketplace,130026.15,otras
2025-12-01 19:01:13,PAYMENT Didi Ride #812,4763.43,transporte
2026-08-13 06:16:08,PAYMENT Homecenter #5731,793168.53,vivienda
2026-01-29 23:52:36,tda laboratorio synlab #5172,52655.56,salud
2026-04-13 20:20:14,TDA AMAZON MARKETPLACE #8214,49676.16,otras
2025-09-21 18:01:28,TDA RECARGA CELULAR CLARO #6876,16214.93,servicios
2026-01-12 03:35:19,TDA Matricula Uniminuto #2189,12180.52,educacion
2026-03-09 07:31:51,PAGO EN Peaje Cundinamarca #5402,20767.42,transporte
2026-05-16 08:23:54,PAGO EN Cajero Davivienda,29179.76,otras
2025-11-15 07:30:25,pago arriendo apto #6647,1782913.97,vivienda
2025-12-25 23:50:58,pago en cinemark,5490.35,ocio
2026-02-19 12:52:06,AUT Acueducto Agua #5974,53788.57,servicios
2026-03-03 10:43:08,pago en cabify,151853.71,transporte
2026-04-24 11:46:40,PAYMENT Peaje Cundinamarca #9639,12836.03,transporte
2025-12-13 14:37:59,COMPRA CREPES AND WAFFLES #4015,12929.23,alimentacion
2025-11-30 00:00:01,POS ETB INTERNET #6170,21074.42,servicios
2025-12-04 09:24:57,RECARGA CELULAR CLARO,27130.21,servicios
2026-05-20 18:54:12,COMPRA Boletas Tuboleto #4372,19824.06,ocio
2025-11-21 08:21:34,COMPRA TRANSMILENIO CARD #6720,10590.84,transporte
2026-07-31 01:26:23,compra drogueria cruz verde,271228.9,salud
2025-10-27 00:29:34,pago en papeleria comercial #6454,7226.19,otras
2025-08-17 15:26:24,payment coursera course #8414,12245.99,educacion
2026-04-30 22:06:20,COMPRA ETB Internet #7060,52262.08,servicios
2025-12-20 08:20:36,COMPRA OXXO #934,5885.83,alimentacion
2025-12-06 05:47:30,AUT Homecenter,645333.26,vivienda
2025-12-04 05:43:09,PAGO EN Optica HP,1512764.37,salud
2025-09-25 13:36:43,COMPRA ENEL CODENSA LUZ #2074,26709.48,servicios
2025-10-28 05:16:43,AUT Udemy Online,25721.41,educacion
2026-02-24 05:33:56,PAYMENT Taller Automotriz Central #1868,17125.82,transporte
2025-12-25 06:10:49,Transmilenio Card #7746,17227.79,transporte
2025-09-29 17:58:01,PAGO EN RESTAURANTE DON JEDIONDO,41295.96,alimentacion
2026-05-04 05:29:16,PAYMENT RECARGA CELULAR CLARO,40028.93,servicios
2026-05-09 16:06:27,COMPRA MCDONALDS #7807,15814.95,alimentacion
2026-06-12 15:41:11,PAYMENT PLAYSTATION NETWORK #4840,43533.4,ocio
2025-12-24 01:33:43,POS Matricula Uniminuto,132473.4,educacion
2026-06-01 07:47:17,d1,64954.04,alimentacion
2026-06-01 23:04:23,D1 #8681,21971.04,alimentacion
2026-03-10 19:47:48,CAJERO DAVIVIENDA,79728.48,otras
2026-01-08 17:56:10,TDA Netflix,11159.69,ocio
2026-04-26 23:11:55,POS RECARGA CELULAR CLARO #2578,31778.06,servicios
2025-11-07 00:05:50,pos ferreteria el martillo,416706.06,vivienda
2026-01-13 14:02:40,compra boletas tuboleto,6648.51,ocio
2026-07-27 23:41:26,TDA Easy,1102315.12,vivienda
2025-10-07 02:39:25,aut estacion texaco,12097.5,transporte
2026-06-01 19:51:41,TDA D1 #6406,18341.87,alimentacion
2025-10-03 04:13:43,TDA ETB INTERNET,18289.64,servicios
2026-04-02 05:35:38,POS LABORATORIO SYNLAB,105751.62,salud
2026-06-30 21:15:01,PAGO EN Steam Games #3394,8601.34,ocio
2025-10-31 08:39:34,pos mercadolibre,19581.59,otras
2026-02-06 13:19:14,MATRICULA UNIMINUTO #6018,100512.09,educacion
2025-09-15 12:22:24,TDA EASY #3391,230865.52,vivienda
2026-04-14 20:02:23,PAGO EN Libreria Panamericana #7443,16892.89,educacion
2025-12-12 12:24:31,payment boletas tuboleto,16905.5,ocio
2026-02-17 14:17:43,Cinepolis,7975.1,ocio
2026-03-12 15:33:42,pago en inmobiliaria bogota #7551,1375097.16,vivienda
2025-10-16 02:46:30,COMPRA Transferencia Nequi,57919.37,otras
2025-10-06 01:55:30,pago en netflix,22101.88,ocio
2026-01-26 20:28:06,PAGO EN Transmilenio Card #9920,92762.21,transporte
2026-05-20 19:04:00,AUT Ferreteria El Martillo,693943.9,vivienda
2026-07-29 16:38:05,pos cabify #7748,32337.85,transporte
2025-12-30 07:53:02,AUT Enel Codensa Luz #6652,18946.21,servicios
2026-02-07 14:36:08,PAYMENT ENEL CODENSA LUZ #5775,117174.78,servicios
2026-05-23 00:24:24,TDA Farmatodo,434519.9,salud
2026-08-06 04:10:28,tda cabify #9333,18227.6,transporte
2025-09-12 17:32:02,aut jumbo #4417,49477.29,alimentacion
2026-01-27 03:50:48,TDA Pension Colegio,504416.26,educacion
2026-08-14 03:05:29,PAYMENT Playstation Network,12052.2,ocio
2026-06-20 14:01:44,TDA Recarga Celular Claro,18142.74,servicios
2025-10-21 06:23:35,TDA Enel Codensa Luz #656,45451.17,servicios
2025-12-01 21:41:43,AUT Cabify #6658,19352.86,transporte
2025-10-06 12:11:57,COMPRA Pago Arriendo Apto #6073,814065.96,vivienda
2025-09-04 02:01:30,homecenter #2017,442164.47,vivienda
2025-09-10 01:04:49,COMPRA MATRICULA UNIMINUTO,12566.55,educacion
2025-10-30 07:09:10,aut recarga celular claro,30998.23,servicios
2026-06-29 18:26:51,TDA RECARGA CELULAR CLARO #8863,46303.7,servicios
2026-02-25 16:25:14,POS DAVIPLATA ENVIO,17574.31,otras
2026-03-12 05:25:25,TDA EASY #9096,1726933.26,vivienda
2025-09-15 13:21:38,pos estacion texaco,9570.83,transporte
2026-02-03 10:31:24,vanti gas natural #3701,14288.03,servicios
2026-01-13 14:59:11,TDA D1 #4937,34413.9,alimentacion
2026-06-16 02:43:12,pago en homecenter #115,694150.76,vivienda
2026-01-20 02:37:41,pago en gasolinera terpel #5440,36061.17,transporte
2025-11-30 20:57:15,AUT PENSION COLEGIO #7936,38950.41,educacion
2025-10-27 22:04:03,UDEMY ONLINE #9947,509769.06,educacion
2025-10-18 13:46:53,TDA Enel Codensa Luz #9772,87566.18,servicios
2025-11-10 00:33:36,payment steam games,12998.63,ocio
2026-05-15 00:21:44,COMPRA PAPELERIA COMERCIAL,76857.66,otras
2026-07-24 20:45:49,AUT BOLETAS TUBOLETO #2735,6376.99,ocio
2026-02-10 07:27:45,aut estacion texaco,47462.7,transporte
2026-05-19 07:11:26,PAGO EN Movistar Factura #8215,50431.23,servicios
2026-03-09 08:28:55,POS PANADERIA KUTY #8548,72457.09,alimentacion
2025-12-13 06:25:57,Carulla #2101,35866.16,alimentacion
2025-12-10 12:45:17,POS Papeleria Comercial #1252,1147.97,otras
2025-11-29 17:10:58,PAYMENT Supermercado Exito #8397,21733.68,alimentacion
2025-10-02 16:34:08,PAYMENT Udemy Online,46578.8,educacion
2025-11-12 09:37:07,PAYMENT Libreria Panamericana #6684,30518.68,educacion
2026-03-12 15:38:19,tda ferreteria el martillo,784926.85,vivienda
2025-12-08 18:37:18,COMPRA MATRICULA UNIMINUTO #8802,59709.35,educacion
2026-04-22 20:05:31,POS VANTI GAS NATURAL #2450,16403.22,servicios
2026-07-26 14:13:01,pago en oxxo #8972,15567.8,alimentacion
2026-08-12 13:01:20,TDA Drogas La Rebaja #1518,22313.24,salud
2025-11-30 11:04:49,D1 #5018,89071.92,alimentacion
2026-04-23 22:10:09,PAGO EN CREPES AND WAFFLES #9560,21400.72,alimentacion
2026-07-03 05:11:05,AUT DROGAS LA REBAJA #9760,27821.58,salud
2026-03-13 01:13:51,compra pago arriendo apto #7434,554588.36,vivienda
2025-08-17 23:29:36,Amazon Marketplace #6444,30914.9,otras
2025-12-30 09:01:28,COMPRA Cinemark,18386.55,ocio
2026-04-09 10:56:26,compra panaderia kuty #7806,3178.85,alimentacion
2025-12-21 11:34:51,pago en cajero davivienda,61183.65,otras
2026-05-18 09:49:29,POS RESTAURANTE DON JEDIONDO #6775,114587.55,alimentacion
2025-11-27 23:27:33,AUT Easy,388437.7,vivienda
2025-10-08 07:47:43,PAYMENT JUMBO,16683.27,alimentacion
2026-08-01 07:32:28,payment drogueria cruz verde #5161,29873.33,salud
2025-12-09 23:04:07,COMPRA CINEMARK #1827,7869.87,ocio
2025-09-08 16:10:43,PAYMENT MercadoLibre #7271,27554.66,otras
2026-06-30 07:23:26,PAYMENT Vanti Gas Natural #2337,8367.29,servicios
2026-07-03 10:02:45,POS OPTICA HP,14332.42,salud
2025-11-10 14:16:44,PAYMENT LABORATORIO SYNLAB #7273,266496.64,salud
2025-12-04 01:20:34,COMPRA NETFLIX,6976.11,ocio
2025-11-24 20:25:07,payment recarga celular claro #8781,56729.92,servicios
2026-03-14 03:16:14,DROGAS LA REBAJA #2966,72465.95,salud
2026-07-20 12:37:22,POS PLAYSTATION NETWORK #6733,3765.04,ocio
2025-09-27 18:33:47,PAGO EN VANTI GAS NATURAL,39387.25,servicios
2026-06-03 01:31:23,COMPRA PLATZI SUBSCRIPCION #3011,85716.38,educacion
2026-01-12 18:45:56,TDA Platzi Subscripcion,57150.28,educacion
2025-11-25 09:04:32,pago en optica hp #6969,64180.38,salud
2026-04-20 18:36:04,Carulla #1807,53088.03,alimentacion
2026-03-19 08:59:53,pago en texaco,34092.5,transporte
2026-06-30 16:00:40,AUT PAGO ARRIENDO APTO,1479110.88,vivienda
2025-11-11 02:56:59,pago en amazon marketplace,33128.06,otras
2025-11-29 19:46:55,PAGO EN Panaderia Kuty #6878,12082.25,alimentacion
2026-03-31 07:56:40,AUT Crepes and Waffles #3532,24861.7,alimentacion
2026-06-27 03:03:42,PAYMENT ADMINISTRACION CONJUNTO #1091,4264472.29,vivienda
2025-10-16 21:07:43,AUT CAJERO DAVIVIENDA,45455.59,otras
2025-11-15 10:15:40,TDA LIBRERIA PANAMERICANA,1694917.73,educacion
2026-05-26 11:55:20,PAGO ARRIENDO APTO #2569,1684973.59,vivienda
2026-01-07 14:25:08,pago en netflix,15823.66,ocio
2026-08-02 19:15:41,PAGO EN Cinemark,16497.84,ocio
2025-09-22 19:42:32,tda mercadolibre #3251,21235.3,otras
2025-10-26 22:16:25,COMPRA Panaderia Kuty,9043.09,alimentacion
2025-10-28 07:01:52,POS EPS Sanitas #8707,50003.68,salud
2025-10-29 18:44:49,tda movistar factura,55625.93,servicios
2026-02-23 22:24:27,PAYMENT ACUEDUCTO AGUA,18773.77,servicios
2025-10-26 11:57:24,etb internet #3632,34446.81,servicios
2025-12-04 23:17:16,tda d1 #4672,71773.66,alimentacion
2025-12-15 21:20:52,compra papeleria comercial #1672,8869.02,otras
2026-07-27 05:36:05,INMOBILIARIA BOGOTA,556386.39,vivienda
2026-06-30 22:05:23,Matricula Uniminuto,29100.37,educacion
2026-05-11 09:10:05,AUT PAGO ARRIENDO APTO,445387.8,vivienda
2025-10-29 09:18:55,PAGO EN MOVISTAR FACTURA #9598,12424.64,servicios
2025-10-12 04:10:13,PAGO EN TRANSMILENIO CARD #6130,8019.22,transporte
2026-01-30 00:44:05,AUT Drogas La Rebaja,233608.34,salud
2026-02-10 03:34:39,PAGO EN INMOBILIARIA BOGOTA,421137.13,vivienda
2026-01-20 18:03:25,PAYMENT Administracion Conjunto #3426,786915.01,vivienda
2026-05-25 17:28:29,COMPRA LABORATORIO SYNLAB #3225,28193.43,salud
2025-10-09 18:05:33,pos coursera course #7419,406215.52,educacion
2026-06-04 21:05:30,payment enel codensa luz #8353,59082.93,servicios
2026-04-08 17:32:53,COMPRA ETB Internet #2520,45181.45,servicios
2026-01-11 04:29:47,aut cinepolis #8945,16552.53,ocio
2025-08-25 11:31:52,PAGO EN BOLETAS TUBOLETO,11364.6,ocio
2026-07-04 10:33:48,pos amazon marketplace,6688.37,otras
2026-06-09 22:16:30,pos farmatodo #6022,415767.62,salud
2026-08-15 10:16:22,aut laboratorio synlab,21255.26,salud
2025-10-07 18:26:34,TDA VANTI GAS NATURAL #3529,40062.17,servicios
2026-06-12 12:27:41,POS PAGO ARRIENDO APTO,1377442.87,vivienda
2025-11-29 09:11:03,PAYMENT Carulla #6557,23289.91,alimentacion
2026-08-16 22:48:57,Laboratorio Synlab #3499,153554.95,salud
2026-04-07 07:28:07,AUT Enel Codensa Luz #4752,42553.95,servicios
2026-06-21 04:09:08,aut cajero davivienda #1579,123990.95,otras
2026-06-20 21:15:27,ADMINISTRACION CONJUNTO,550395.35,vivienda
2026-03-16 01:42:04,POS D1 #1704,12981.87,alimentacion
2026-07-01 05:08:15,payment homecenter #2454,538587.98,vivienda
2026-07-14 14:22:24,pago en bar el cervecero #143,15462.88,ocio
2025-09-19 10:22:40,AUT Playstation Network,13915.37,ocio
2025-10-10 12:09:48,COMPRA MOVISTAR FACTURA,21246.28,servicios
2026-06-08 11:05:56,AUT GASOLINERA TERPEL #7095,3234.8,transporte
2026-07-30 00:07:31,ETB Internet #816,35678.01,servicios
2026-06-30 03:07:44,JUMBO #200,175936.0,alimentacion
2025-12-14 19:28:50,POS PANADERIA KUTY #5596,52648.92,alimentacion
2026-02-19 10:11:40,PEAJE CUNDINAMARCA #5216,31201.52,transporte
2025-11-20 02:54:29,payment mcdonalds,57408.99,alimentacion
2026-03-16 12:28:42,PAYMENT PLATZI SUBSCRIPCION,158967.65,educacion
2025-11-29 07:19:17,PAYMENT Drogueria Cruz Verde #3011,136602.78,salud
2026-03-16 13:17:04,compra pension colegio,158648.83,educacion
2025-08-25 16:07:01,tda steam games #329,10733.51,ocio
2025-09-26 08:45:11,tda gasolinera terpel #2910,8809.71,transporte
2025-12-10 16:14:53,COMPRA Cinepolis #518,11222.98,ocio
2026-03-04 02:21:57,payment mcdonalds #4238,46690.85,alimentacion
2025-10-11 12:26:35,tda pago arriendo apto #2099,603408.82,vivienda
2026-08-06 16:27:26,PAYMENT DIDI RIDE #5290,23930.4,transporte
2025-08-26 18:08:57,AUT Estacion Texaco,26775.3,transporte
2026-01-30 07:38:08,DROGAS LA REBAJA,122577.33,salud
2025-10-13 16:05:37,AUT Jumbo,101339.95,alimentacion
2026-04-28 22:53:08,CABIFY,19345.34,transporte
2025-11-13 03:50:24,POS Netflix,5348.42,ocio
2026-01-13 20:31:01,CARULLA #7146,27554.38,alimentacion
2026-07-26 20:00:33,Oxxo #3835,37618.46,alimentacion
2026-07-02 23:21:20,TDA DROGAS LA REBAJA,6507.13,salud
2026-02-24 10:32:42,POS PENSION COLEGIO #2865,522508.97,educacion
2025-09-29 04:59:01,PAGO EN EPS Sanitas,57332.09,salud
2025-09-25 22:41:44,COMPRA FERRETERIA EL MARTILLO #4715,916953.19,vivienda
2026-01-03 04:47:45,TDA HOMECENTER #4308,1655007.13,vivienda
2026-04-13 13:09:17,Pension Colegio,46343.14,educacion
2025-10-02 09:33:21,compra d1,57482.37,alimentacion
2026-08-11 00:24:26,PAGO EN Matricula Uniminuto #4127,86522.78,educacion
2026-07-31 05:54:58,PAGO EN RESTAURANTE DON JEDIONDO,31342.51,alimentacion
2026-04-09 04:51:10,tda ara #8219,19579.65,alimentacion
2025-10-25 14:09:25,CINEPOLIS #9227,42869.77,ocio
2026-03-11 10:52:58,payment homecenter #1072,582276.08,vivienda
2026-04-07 07:13:44,pago en cajero davivienda #9478,44332.1,otras
2026-05-08 07:13:20,PAYMENT Texaco #4219,3335.89,transporte
2025-10-14 18:35:49,COMPRA SUPERMERCADO EXITO,93338.77,alimentacion
2026-05-11 07:14:49,PAYMENT Coursera Course #8075,348939.34,educacion
2026-04-17 01:36:50,cajero davivienda #6299,24280.63,otras
2025-12-30 17:38:05,COMPRA Rappi Comida #6300,30286.16,alimentacion
2025-11-30 17:13:02,pago en udemy online #209,159532.03,educacion
2026-05-01 10:13:53,payment d1 #3552,226620.6,alimentacion
2026-08-14 17:32:02,Drogas La Rebaja,7047.58,salud
2026-06-28 06:53:51,PAGO EN Matricula Uniminuto #4147,252314.82,educacion
2026-06-23 14:42:54,pos peaje cundinamarca #5483,7939.01,transporte
2026-06-19 19:07:01,compra cajero davivienda,21592.07,otras
2026-07-18 02:12:04,pos coursera course #1716,73316.71,educacion
2026-06-15 11:55:03,AUT VANTI GAS NATURAL #5262,20806.26,servicios
2025-10-13 08:45:15,PAGO EN Uber #6415,17864.69,transporte
2025-10-13 19:51:22,laboratorio synlab,14078.61,salud
2026-02-06 21:56:52,COMPRA Inmobiliaria Bogota,1352558.12,vivienda
2026-06-22 21:37:55,AUT SPOTIFY #6606,3805.11,ocio
2026-06-29 19:31:52,compra spotify,19493.48,ocio
2025-09-30 09:12:36,PAGO EN DAVIPLATA ENVIO,15890.3,otras
2026-01-30 10:35:49,aut didi ride,6286.55,transporte
2025-12-03 14:01:50,PAGO EN UDEMY ONLINE #8119,125851.77,educacion
2025-09-21 13:28:20,POS Amazon Marketplace #9741,4642.69,otras
2025-10-05 23:09:51,payment crepes and waffles #1211,37487.81,alimentacion
2026-06-11 12:23:36,Boletas Tuboleto #7952,4934.4,ocio
2026-01-01 08:59:48,payment ferreteria el martillo #613,961993.77,vivienda
2026-02-25 08:46:59,pago en matricula uniminuto #6677,32557.77,educacion
2026-02-20 08:22:45,AUT GASOLINERA TERPEL,12017.33,transporte
2026-01-25 04:41:09,PAGO EN Taller Automotriz Central #4653,23495.27,transporte
2026-06-21 14:24:57,RAPPI COMIDA,19574.17,alimentacion
2025-12-24 22:33:55,tda transmilenio card,17117.09,transporte
2026-06-24 22:56:25,TDA Transferencia Nequi,4847.26,otras
2026-08-10 08:25:31,PAGO EN PEAJE CUNDINAMARCA #3066,31818.02,transporte
2026-01-13 05:59:24,ADMINISTRACION CONJUNTO #625,2103153.16,vivienda
2026-03-18 18:39:28,aut playstation network,94329.21,ocio
2026-03-14 15:55:59,payment estacion texaco #7916,19575.84,transporte
2026-02-24 17:49:22,compra transmilenio card,36657.88,transporte
2026-03-13 16:18:29,estacion texaco #9311,3631.63,transporte
2026-01-13 19:25:51,PAGO EN NETFLIX #9643,38250.58,ocio
2026-03-31 01:25:16,TDA Recarga Celular Claro #1737,42861.84,servicios
2026-01-28 06:17:09,PAGO EN BAR EL CERVECERO #3817,9520.92,ocio
2026-03-29 20:38:37,PAYMENT PENSION COLEGIO,435659.81,educacion
2026-06-28 12:14:07,AUT BAR EL CERVECERO #8194,11179.83,ocio
2025-11-10 14:47:09,PEAJE CUNDINAMARCA,11941.53,transporte
2025-09-20 07:40:33,TDA DIDI RIDE #178,27661.63,transporte
2026-01-04 21:49:16,MATRICULA UNIMINUTO #6822,27555.97,educacion
2025-11-04 09:08:55,POS INMOBILIARIA BOGOTA,1346440.31,vivienda
2026-01-05 04:14:35,rappi comida,15602.84,alimentacion
2026-02-17 11:45:31,tda acueducto agua #9304,14327.95,servicios
2026-08-10 01:53:36,COMPRA Steam Games #3477,7067.18,ocio
2025-09-09 13:44:47,TDA COURSERA COURSE #9917,245585.4,educacion
2026-01-04 13:53:25,Cinemark,8675.49,ocio
2025-12-09 21:13:22,compra papeleria comercial,5721.6,otras
2025-10-12 09:55:45,PAYMENT STEAM GAMES,8743.13,ocio
2026-08-14 03:10:45,tda mercadolibre,21331.87,otras
2025-11-19 14:41:04,PAYMENT Easy,359121.67,vivienda
2026-07-04 22:18:12,AUT SPOTIFY,5965.95,ocio
2025-09-08 03:09:02,tda mcdonalds,196621.74,alimentacion
2025-10-09 22:50:46,tda spotify #1850,7314.43,ocio
2026-05-14 15:35:29,POS EASY #2685,600894.45,vivienda
2025-10-12 00:00:55,pago en supermercado exito #1731,27070.79,alimentacion
2026-05-29 03:15:36,PAYMENT Vanti Gas Natural #7969,20893.34,servicios
2026-05-14 18:46:38,POS Rappi Comida,59699.41,alimentacion
2026-01-08 18:47:35,PAYMENT TRANSFERENCIA NEQUI #5437,56848.38,otras
2026-05-16 19:58:59,TDA Pension Colegio #9430,68381.3,educacion
2026-05-01 19:41:51,compra ara #1749,13505.03,alimentacion
2025-09-15 02:02:02,PAYMENT Vanti Gas Natural #2851,57795.38,servicios
2026-07-08 15:55:31,COMPRA TRANSFERENCIA NEQUI,20023.44,otras
2026-07-21 11:52:42,TDA PEAJE CUNDINAMARCA,85587.08,transporte
2025-08-29 03:47:47,AUT CABIFY #6997,2389.82,transporte
2026-01-06 06:46:04,PAGO EN DAVIPLATA ENVIO #4732,26779.8,otras
2025-09-17 02:42:57,COMPRA MERCADOLIBRE,150032.37,otras
2025-09-16 08:44:44,AUT HOMECENTER #1861,590096.59,vivienda
2026-03-26 11:36:59,TDA CINEPOLIS,11408.96,ocio
2025-10-14 13:54:38,PAGO EN UBER #7821,23528.33,transporte
2026-02-15 20:58:10,FARMATODO,26511.25,salud
2025-10-10 20:23:13,PAYMENT VANTI GAS NATURAL #5391,22309.25,servicios
2026-03-10 06:38:08,COMPRA OXXO,27715.52,alimentacion
2025-12-11 18:03:32,TDA Consultorio Odontologico #6848,24583.66,salud
2026-01-24 06:06:45,PAGO EN Pension Colegio #2830,431329.62,educacion
2025-12-26 10:39:13,PAYMENT RECARGA CELULAR CLARO #297,35477.25,servicios
2026-06-16 21:35:31,aut uber #5554,22596.84,transporte
2026-05-14 10:37:01,COMPRA Drogueria Cruz Verde #7367,119303.76,salud
2025-12-06 19:19:35,PAGO EN ENEL CODENSA LUZ #6199,22957.19,servicios
2025-10-16 23:25:13,POS Cabify #282,8984.14,transporte
2026-07-25 15:25:29,payment bar el cervecero #2663,8761.86,ocio
2025-08-29 21:49:00,AUT Cinepolis #8172,13376.41,ocio
2026-06-05 03:30:40,POS PLATZI SUBSCRIPCION #3228,27693.3,educacion
2026-02-28 21:29:54,COMPRA ETB INTERNET,19927.25,servicios
2025-08-21 15:44:17,COMPRA ACUEDUCTO AGUA,19738.57,servicios
2026-07-06 19:35:09,POS RECARGA CELULAR CLARO #3165,96252.84,servicios
2026-05-08 11:36:19,PAGO EN Cinemark #9723,1916.64,ocio
2026-03-20 15:33:09,PAGO EN PAPELERIA COMERCIAL #9685,18405.05,otras
2026-07-05 14:06:55,pago en coursera course #2928,782956.6,educacion
2026-08-09 09:32:45,Administracion Conjunto,784739.17,vivienda
2026-02-28 08:14:06,tda cinepolis #8169,22638.16,ocio
2026-05-19 22:05:32,compra drogueria cruz verde,54710.39,salud
2026-01-28 23:20:16,PAGO EN PEAJE CUNDINAMARCA,9891.19,transporte
2025-12-01 00:03:42,Consultorio Odontologico,4162.59,salud
2026-03-07 23:11:13,Pago Arriendo Apto #4387,825111.17,vivienda
2025-10-05 00:46:20,TDA TRANSFERENCIA NEQUI,10141.52,otras
2025-11-07 17:09:46,PAGO EN CARULLA #1871,19143.75,alimentacion
2026-04-14 20:21:03,AUT TRANSFERENCIA NEQUI #4564,13373.26,otras
2025-11-10 10:48:02,PAYMENT Pension Colegio,801174.21,educacion
2025-10-27 18:35:42,PAYMENT Estacion Texaco #8087,157055.38,transporte
2026-03-22 15:26:44,TDA INMOBILIARIA BOGOTA #396,830949.88,vivienda
2026-07-10 07:46:43,Oxxo,25038.91,alimentacion
2026-06-30 13:19:29,POS RESTAURANTE DON JEDIONDO #3255,14160.6,alimentacion
2026-02-15 08:35:09,pos oxxo #1940,52829.88,alimentacion
2025-12-17 01:35:03,PAYMENT Oxxo,151194.82,alimentacion
2026-04-23 17:18:04,boletas tuboleto,11235.82,ocio
2026-07-04 17:00:29,DROGUERIA CRUZ VERDE #1222,3579.95,salud
2025-10-20 10:43:09,PAGO EN Acueducto Agua #2346,40216.39,servicios
2026-06-25 10:06:34,PAGO EN Estacion Texaco,43776.82,transporte
2026-04-25 13:38:01,COMPRA Enel Codensa Luz #2541,10388.89,servicios
2025-11-01 01:27:56,PAYMENT SPOTIFY,15116.45,ocio
2025-09-28 12:48:52,AUT Coursera Course,169646.34,educacion
2025-09-16 15:40:24,tda coursera course,90424.56,educacion
2026-04-08 16:35:05,POS EPS SANITAS,20540.46,salud
2025-08-28 07:52:45,POS PAGO ARRIENDO APTO,1341853.38,vivienda
2025-12-05 00:48:15,PAYMENT ENEL CODENSA LUZ,21119.92,servicios
2026-03-15 18:13:25,payment peaje cundinamarca #8493,4737.82,transporte
2025-09-11 19:15:49,pago en inmobiliaria bogota,213270.23,vivienda
2026-04-06 07:55:14,compra ara,99576.32,alimentacion
2026-06-07 05:44:09,TDA ENEL CODENSA LUZ #4534,38948.61,servicios
2025-10-29 08:20:38,tda movistar factura,28361.39,servicios
2025-11-03 18:40:00,Spotify,9816.38,ocio
2026-08-13 07:14:04,PAYMENT Inmobiliaria Bogota,531044.42,vivienda
2025-11-18 18:31:51,pago en amazon marketplace #3153,7512.05,otras
2025-09-19 11:04:09,easy #6048,563051.63,vivienda
2026-03-24 18:43:58,pos boletas tuboleto #318,3028.85,ocio
2026-03-24 08:52:34,compra ferreteria el martillo #692,469001.76,vivienda
2025-09-04 04:13:09,TDA STEAM GAMES,10746.59,ocio
2025-12-17 14:32:45,TDA CONSULTORIO ODONTOLOGICO #8790,95881.47,salud
2025-12-15 06:51:02,POS ESTACION TEXACO #6376,17397.23,transporte
2026-01-02 22:39:21,pago en pago arriendo apto,1175205.83,vivienda
2026-01-19 01:20:42,PAYMENT EPS SANITAS,216219.34,salud
2025-11-01 02:53:34,compra acueducto agua #2951,50761.94,servicios
2026-06-05 10:07:22,POS Administracion Conjunto #5742,967340.57,vivienda
2026-05-26 06:20:54,MercadoLibre,22289.31,otras
2025-10-06 17:37:47,OPTICA HP,16666.12,salud
2026-05-06 10:58:41,carulla #1421,65640.96,alimentacion
2025-12-24 02:33:15,COMPRA McDonalds #6045,139218.22,alimentacion
2026-07-31 14:32:05,TDA JUMBO #9461,47747.64,alimentacion
2026-03-01 00:08:09,DAVIPLATA ENVIO #3598,149830.38,otras
2026-02-28 11:04:29,COMPRA LIBRERIA PANAMERICANA,15824.49,educacion
2025-08-26 15:12:29,COMPRA PAGO ARRIENDO APTO,364945.01,vivienda
2026-06-22 14:20:55,TDA ETB Internet #7778,44941.68,servicios
2026-02-18 15:58:10,PAYMENT McDonalds,44865.85,alimentacion
2026-07-20 20:21:46,PAYMENT UDEMY ONLINE,477604.67,educacion
2025-12-08 02:33:13,POS CARULLA,35868.78,alimentacion
2025-10-15 06:52:47,COMPRA Restaurante Don Jediondo #4145,18135.37,alimentacion
2026-02-13 06:54:28,pos eps sanitas,38756.25,salud
2026-07-27 05:08:35,tda amazon marketplace #5765,4756.73,otras
2025-09-22 15:58:43,PAGO EN EASY #5416,370587.77,vivienda
2025-11-15 08:50:04,COMPRA FERRETERIA EL MARTILLO #2199,1307289.41,vivienda
2026-06-27 00:40:01,payment amazon marketplace,52721.96,otras
2026-04-28 12:13:07,PAYMENT PLATZI SUBSCRIPCION,152604.54,educacion
2026-06-12 00:25:12,AUT TRANSMILENIO CARD,3831.57,transporte
2025-10-18 23:30:43,AUT DIDI RIDE #670,13061.66,transporte
2026-03-05 22:43:01,AUT Movistar Factura #6591,12900.23,servicios
2026-04-10 20:18:10,MERCADOLIBRE #4978,71434.29,otras
2026-03-08 15:50:02,PAGO EN Panaderia Kuty #9731,22765.97,alimentacion
2026-02-07 05:15:46,TDA ADMINISTRACION CONJUNTO #9833,380237.51,vivienda
2025-12-27 02:20:49,payment transferencia nequi #4104,22692.65,otras
2026-01-04 08:50:12,PAGO EN LABORATORIO SYNLAB #994,24241.71,salud
2026-07-15 20:30:03,PAYMENT Steam Games #6976,37745.47,ocio
2025-09-01 23:23:32,pago en mercadolibre #7392,10563.81,otras
2026-06-14 02:16:44,TRANSMILENIO CARD #7219,5118.9,transporte
2026-01-14 23:27:29,POS ETB Internet,7392.73,servicios
2025-11-06 12:47:39,Steam Games,13074.9,ocio
2026-04-10 02:56:56,POS CONSULTORIO ODONTOLOGICO #9279,26420.01,salud
2025-10-15 14:55:44,COMPRA DAVIPLATA ENVIO,5276.91,otras
2026-04-18 05:52:06,aut carulla #3602,94031.13,alimentacion
2025-09-24 06:20:06,payment movistar factura,40148.77,servicios
2025-10-11 19:46:59,pago en enel codensa luz,26451.53,servicios
2026-03-17 22:07:21,payment papeleria comercial #7942,86191.45,otras
2026-02-27 04:38:39,OPTICA HP,101599.07,salud
2026-02-10 01:33:41,GASOLINERA TERPEL #4286,8599.25,transporte
2025-10-22 08:19:40,PAYMENT ETB INTERNET #6573,14421.39,servicios
2025-10-19 03:28:39,PAYMENT CABIFY #5673,37653.58,transporte
2025-12-04 05:19:39,tda crepes and waffles #1708,49865.94,alimentacion
2026-01-05 12:54:35,aut panaderia kuty #4444,41597.62,alimentacion
2025-09-21 02:07:18,compra playstation network #2958,7386.81,ocio
2025-10-26 00:34:54,tda libreria panamericana #6556,204748.38,educacion
2026-06-13 05:27:07,PAGO EN LABORATORIO SYNLAB,21353.08,salud
2025-11-25 14:39:29,pos oxxo #9706,33470.2,alimentacion
2025-11-24 20:46:59,COMPRA Cinemark,36785.57,ocio
2026-04-26 23:36:23,PENSION COLEGIO,44667.39,educacion
2026-08-17 10:17:26,pago en vanti gas natural,10469.34,servicios
2026-03-26 07:25:29,COMPRA AMAZON MARKETPLACE #2231,7688.28,otras
2025-09-01 19:28:30,PAGO EN PLAYSTATION NETWORK #1240,26796.03,ocio
2026-07-17 00:56:08,POS MercadoLibre #7805,28416.67,otras
2026-01-20 03:28:09,ESTACION TEXACO #6865,16058.77,transporte
2026-07-16 06:16:22,RAPPI COMIDA #6560,24166.56,alimentacion
2026-08-08 14:48:37,acueducto agua #4572,35997.9,servicios
2025-10-06 12:39:54,POS TALLER AUTOMOTRIZ CENTRAL,8398.48,transporte
2026-01-06 20:38:14,PAYMENT Administracion Conjunto #4113,876243.54,vivienda
2026-07-11 12:53:02,COMPRA D1 #3331,20231.51,alimentacion
2025-12-17 05:49:55,PAGO EN Netflix #7398,7126.95,ocio
2025-09-18 20:37:59,compra vanti gas natural #272,18352.25,servicios
2026-01-24 21:41:39,tda gasolinera terpel #8662,12863.3,transporte
2026-02-08 05:36:32,Udemy Online #6902,93097.65,educacion
2026-07-24 04:29:09,tda estacion texaco #4364,22290.37,transporte
2025-09-03 00:12:36,PAYMENT EASY,79776.23,vivienda
2026-04-24 11:43:06,movistar factura,16571.0,servicios
2026-06-01 05:27:44,PAGO EN ETB Internet #9604,21270.11,servicios
2026-05-16 04:32:37,PAGO EN CREPES AND WAFFLES #5619,121060.98,alimentacion
2025-08-20 12:28:43,POS MOVISTAR FACTURA #6553,14072.79,servicios
2026-07-14 17:32:18,POS CONSULTORIO ODONTOLOGICO,58634.37,salud
2025-12-08 07:35:53,pago en peaje cundinamarca #8462,69253.38,transporte
2025-10-17 21:01:47,ARA,12703.4,alimentacion
2026-01-19 12:00:29,TDA Easy #3301,923924.04,vivienda
2025-11-12 01:26:01,tda papeleria comercial,9874.67,otras
2026-07-22 22:11:46,COMPRA Enel Codensa Luz #2773,19875.04,servicios
2026-05-04 07:22:49,PAYMENT BOLETAS TUBOLETO #1102,7614.6,ocio
2025-12-30 22:46:57,aut coursera course #705,41018.2,educacion
2026-02-15 09:04:34,AUT CONSULTORIO ODONTOLOGICO,978820.31,salud
2026-03-13 06:05:07,PAGO EN CABIFY,38561.52,transporte
2025-09-28 19:30:29,pos transferencia nequi,66286.26,otras
2025-10-26 10:42:52,EASY #2208,979890.48,vivienda
2025-09-28 12:19:28,HOMECENTER #422,278241.84,vivienda
2026-06-11 18:44:35,HOMECENTER #8877,924468.99,vivienda
2025-11-02 21:38:58,PAYMENT Playstation Network #2318,28312.27,ocio
2025-12-23 02:20:36,PAGO EN TRANSMILENIO CARD #6234,8366.08,transporte
2025-12-18 15:45:15,boletas tuboleto #7239,26258.07,ocio
2026-04-09 03:34:34,AUT BAR EL CERVECERO,21873.59,ocio
2025-11-08 00:20:54,COMPRA BAR EL CERVECERO,48846.01,ocio
2026-06-01 07:43:11,POS Papeleria Comercial,14504.54,otras
2025-09-30 20:02:40,Inmobiliaria Bogota,377540.61,vivienda
2026-02-09 23:25:30,COMPRA LABORATORIO SYNLAB,32932.3,salud
2026-03-17 02:58:12,LABORATORIO SYNLAB #8256,237786.41,salud
2026-02-15 22:51:36,administracion conjunto,243520.52,vivienda
2026-04-23 01:41:39,COMPRA Udemy Online #5175,8249.84,educacion
2025-12-19 18:48:02,PAYMENT CAJERO DAVIVIENDA #5997,24086.22,otras
2025-08-29 14:23:55,COMPRA PAPELERIA COMERCIAL,14149.16,otras
2026-06-14 02:33:48,AUT Carulla,36540.71,alimentacion
2025-09-10 16:03:27,aut restaurante don jediondo #8944,77361.88,alimentacion
2026-06-20 01:40:10,PAGO EN ETB Internet,19311.55,servicios
2026-02-17 06:56:33,PAGO EN PANADERIA KUTY #296,8116.02,alimentacion
2025-09-07 10:29:02,POS Carulla #9210,186387.9,alimentacion
2026-07-20 12:59:00,AUT VANTI GAS NATURAL #4359,14789.36,servicios
2026-06-08 01:15:44,AUT Recarga Celular Claro #8806,14250.93,servicios
2026-01-28 16:20:54,COMPRA Vanti Gas Natural,52168.39,servicios
2025-11-23 07:55:10,UDEMY ONLINE #3692,62231.28,educacion
2025-10-24 19:52:06,pago en amazon marketplace,20673.55,otras
2025-10-11 11:32:16,PAYMENT PAGO ARRIENDO APTO #2523,974494.42,vivienda
2025-12-01 19:25:39,AUT MOVISTAR FACTURA #1316,51541.87,servicios
2025-09-18 04:01:44,PAYMENT Farmatodo #9101,33968.65,salud
2026-07-22 18:37:35,PAGO EN DAVIPLATA ENVIO,100705.13,otras
2026-02-08 17:59:34,AUT Drogueria Cruz Verde #5334,4677.97,salud
2026-03-09 05:43:47,PAYMENT ARA #6927,66691.3,alimentacion
2026-05-04 11:58:59,AUT PAPELERIA COMERCIAL #9851,9513.55,otras
2025-10-27 22:10:44,PAYMENT PLAYSTATION NETWORK #6812,34912.14,ocio
2025-09-22 08:03:35,AUT Cinemark #7293,14756.38,ocio
2025-12-28 06:17:40,COMPRA PAPELERIA COMERCIAL #6077,11238.43,otras
2025-10-20 08:00:22,aut papeleria comercial #8684,42737.89,otras
2025-12-31 01:56:08,TDA Coursera Course #5774,288319.93,educacion
2026-02-20 11:31:03,POS PLAYSTATION NETWORK #8869,20938.1,ocio
2026-03-13 09:43:31,Platzi Subscripcion,28691.74,educacion
2026-06-17 20:31:31,COMPRA PEAJE CUNDINAMARCA,11665.42,transporte
2026-05-15 00:04:02,PAGO EN PLAYSTATION NETWORK #8019,13321.69,ocio
2026-01-02 04:25:03,compra papeleria comercial #3741,21136.15,otras
2026-03-26 22:11:00,PAGO EN Amazon Marketplace #1291,46618.16,otras
2026-07-03 01:30:26,transmilenio card #8605,2941.25,transporte
2026-03-23 06:29:26,aut playstation network,16882.43,ocio
2025-11-02 13:09:29,TDA PAGO ARRIENDO APTO #9842,612933.17,vivienda
2026-05-25 02:43:04,PAGO EN SUPERMERCADO EXITO #5337,18568.08,alimentacion
2026-03-30 02:21:23,COMPRA TALLER AUTOMOTRIZ CENTRAL #9119,9244.3,transporte
2025-10-12 14:22:31,TDA OXXO #9465,30588.21,alimentacion
2026-05-02 07:57:36,PAGO EN PENSION COLEGIO #7789,1311.2,educacion
2026-06-01 22:10:53,AUT Farmatodo #1006,22665.1,salud
2026-05-29 03:40:49,COMPRA Enel Codensa Luz #3290,15906.95,servicios
2025-08-22 22:40:31,PAGO EN Playstation Network,19398.45,ocio
2026-07-31 14:26:27,PAYMENT CREPES AND WAFFLES,19064.41,alimentacion
2026-08-15 02:16:21,TDA Consultorio Odontologico #6708,38691.48,salud
2026-02-27 09:36:57,PAYMENT MERCADOLIBRE,102978.62,otras
2025-09-30 13:20:16,TDA MERCADOLIBRE,59536.9,otras
2026-01-22 06:14:34,payment daviplata envio,54299.56,otras
2026-03-07 15:38:36,payment crepes and waffles #9619,24345.49,alimentacion
2025-08-18 20:42:57,homecenter #546,1010362.13,vivienda
2026-07-06 18:00:29,MercadoLibre #5588,17432.69,otras
2026-04-20 18:29:05,tda panaderia kuty #6060,31042.9,alimentacion
2026-04-22 13:34:38,COMPRA PAPELERIA COMERCIAL,33179.43,otras
2025-09-24 06:42:29,pos panaderia kuty #7332,22525.54,alimentacion
2025-11-10 08:09:24,compra consultorio odontologico #2520,253293.31,salud
2025-10-29 07:32:04,PAGO EN DROGAS LA REBAJA #357,41103.84,salud
2026-05-14 21:47:34,pos libreria panamericana,207322.88,educacion
2026-06-14 04:13:50,payment texaco #3430,66838.89,transporte
2026-04-07 19:38:35,PAGO EN DAVIPLATA ENVIO,61799.7,otras
2025-11-09 08:59:25,PAYMENT Transmilenio Card,5074.45,transporte
2025-11-06 21:34:42,PAYMENT Matricula Uniminuto #5267,168362.57,educacion
2026-05-08 09:02:21,COMPRA OXXO,71723.63,alimentacion
2025-08-23 00:23:33,PAYMENT DAVIPLATA ENVIO #6177,53737.32,otras
2026-06-29 11:25:05,TDA PAPELERIA COMERCIAL,7235.14,otras
2025-08-23 17:21:30,payment inmobiliaria bogota,491776.12,vivienda
2026-07-31 15:52:28,aut estacion texaco #6459,44139.15,transporte
2026-02-28 10:13:05,transferencia nequi,10282.92,otras
2026-05-16 00:33:11,PAYMENT Spotify #9221,10831.49,ocio
2026-04-26 10:44:24,TDA DIDI RIDE #5181,74480.17,transporte
2026-01-25 05:42:19,payment transferencia nequi #7081,20998.38,otras
2026-01-01 00:47:48,pago en restaurante don jediondo #646,20304.15,alimentacion
2026-07-05 01:41:48,AUT Libreria Panamericana #7064,34436.05,educacion
2026-01-29 19:38:49,PAYMENT PEAJE CUNDINAMARCA #8877,24329.56,transporte
2026-06-10 13:31:05,pos boletas tuboleto,5254.27,ocio
2025-09-30 11:13:23,AUT Bar El Cervecero #4089,11235.85,ocio
2026-02-11 14:59:26,POS STEAM GAMES,16869.48,ocio
2026-01-09 08:11:21,TDA AMAZON MARKETPLACE #295,80752.95,otras
2026-03-20 02:28:54,TDA Drogas La Rebaja,102160.76,salud
2025-10-19 14:31:09,TDA Gasolinera Terpel #5345,9483.81,transporte
2026-02-02 17:06:19,COMPRA DAVIPLATA ENVIO #8355,71569.14,otras
2025-12-06 03:05:52,TDA PLAYSTATION NETWORK #8724,10832.86,ocio
2026-05-11 20:12:08,POS MATRICULA UNIMINUTO,22407.62,educacion
2026-02-03 08:10:53,TDA Rappi Comida,31646.0,alimentacion
2025-12-05 10:30:39,payment inmobiliaria bogota #8668,1728736.79,vivienda
2026-04-15 08:46:22,etb internet #5724,29707.18,servicios
2025-09-20 11:07:27,POS VANTI GAS NATURAL #4761,27106.07,servicios
2025-09-21 05:55:52,TDA UDEMY ONLINE,704084.72,educacion
2025-08-23 19:33:03,PAGO EN Ara #655,11555.49,alimentacion
2026-08-14 13:56:40,TDA Farmatodo #6754,11918.43,salud
2025-09-26 16:46:07,payment panaderia kuty #5142,9969.87,alimentacion
2026-06-04 16:25:36,TDA Boletas Tuboleto #8393,17341.43,ocio
2026-08-12 12:50:41,payment easy #3664,806045.83,vivienda
2025-09-25 03:44:08,DAVIPLATA ENVIO #6044,103025.97,otras
2026-02-05 21:47:17,POS TALLER AUTOMOTRIZ CENTRAL #3719,22451.83,transporte
2026-03-31 03:56:04,DIDI RIDE,12534.73,transporte
2026-05-03 17:57:16,tda libreria panamericana,98928.62,educacion
2026-07-14 04:54:48,TDA Vanti Gas Natural #677,28871.91,servicios
2025-11-07 17:13:37,PAGO EN ARA #9091,9533.73,alimentacion
2026-06-15 03:29:37,TDA VANTI GAS NATURAL #5280,136789.56,servicios
2026-03-19 15:37:01,AUT PANADERIA KUTY #7268,55044.48,alimentacion
2025-09-30 21:40:21,POS Daviplata Envio #327,27173.79,otras
2026-07-16 00:08:12,PAYMENT Peaje Cundinamarca,31371.26,transporte
2025-10-04 18:18:54,POS UBER #9038,34148.36,transporte
2026-06-21 16:44:33,AUT ESTACION TEXACO #995,15890.9,transporte
2026-01-24 19:16:32,PAGO EN PLATZI SUBSCRIPCION,46282.1,educacion
2026-05-17 18:39:44,PAYMENT Drogas La Rebaja #2636,94787.78,salud
2026-01-18 03:38:53,pos homecenter #6693,919353.98,vivienda
2026-08-17 08:18:30,COMPRA AMAZON MARKETPLACE,9799.73,otras
2026-06-17 05:02:26,playstation network,36073.9,ocio
2026-03-02 13:15:16,PAGO EN UDEMY ONLINE #9199,140367.95,educacion
2025-11-29 08:44:34,payment transferencia nequi,45698.44,otras
2025-11-28 03:45:18,CABIFY #7051,63115.95,transporte
2026-07-09 01:41:02,PAYMENT Pension Colegio,101343.05,educacion
2026-05-05 22:03:48,PAYMENT PLATZI SUBSCRIPCION #6938,144399.99,educacion
2025-08-19 01:11:46,platzi subscripcion #3136,260936.58,educacion
2025-08-30 02:59:40,TDA Platzi Subscripcion,41364.02,educacion
2025-08-27 15:04:59,LABORATORIO SYNLAB #9865,52023.81,salud
2026-06-20 10:32:00,POS Steam Games,14586.97,ocio
2026-07-09 22:59:09,tda uber,7627.74,transporte
2026-07-01 21:43:10,AUT COURSERA COURSE #7121,1593055.05,educacion
2026-04-07 10:20:38,ferreteria el martillo #4139,313521.72,vivienda
2025-12-25 13:42:34,PAGO EN Netflix,5384.76,ocio
2026-03-27 15:37:06,TDA RECARGA CELULAR CLARO,59191.66,servicios
2025-11-19 08:28:27,PAYMENT DIDI RIDE #4527,34267.05,transporte
2026-01-16 10:12:24,TDA EPS SANITAS #5872,15858.15,salud
2026-04-13 18:28:41,pago en drogas la rebaja #1514,95608.59,salud
2026-01-17 04:25:55,PAYMENT Optica HP,246381.27,salud
2026-06-24 15:23:50,PAGO EN Ferreteria El Martillo,716291.27,vivienda
2026-01-31 01:58:10,pos bar el cervecero,82386.43,ocio
2026-08-17 06:12:37,compra steam games,3996.43,ocio
2026-01-16 01:20:44,payment optica hp #6125,105156.58,salud
2025-10-23 21:36:26,pago en restaurante don jediondo,92339.07,alimentacion
2026-08-03 13:55:58,POS CONSULTORIO ODONTOLOGICO #7813,130676.27,salud
2026-03-06 07:49:00,compra movistar factura #3120,23798.71,servicios
2026-02-03 07:19:23,AUT Homecenter,612763.98,vivienda
2025-09-25 02:34:42,PAYMENT PAGO ARRIENDO APTO #7494,952158.8,vivienda
2026-06-24 13:54:32,compra eps sanitas #7137,120250.21,salud
2026-03-01 06:27:40,PAGO EN Acueducto Agua,38618.4,servicios
2026-04-19 15:54:08,didi ride #7412,45984.15,transporte
2026-06-18 00:28:35,AUT Cajero Davivienda,7951.61,otras
2026-07-10 20:03:39,AUT Platzi Subscripcion,75107.43,educacion
2026-08-08 10:23:07,PAYMENT HOMECENTER #8208,414982.01,vivienda
2026-07-08 14:59:58,AUT Vanti Gas Natural #9988,21339.87,servicios
2025-10-18 04:55:40,PAGO EN Panaderia Kuty #7025,81811.8,alimentacion
2025-11-04 13:38:59,POS PAGO ARRIENDO APTO #6601,778240.09,vivienda
2025-09-22 15:44:29,PAYMENT INMOBILIARIA BOGOTA #342,3485477.11,vivienda
2026-02-03 07:30:16,COMPRA MATRICULA UNIMINUTO #8849,124503.32,educacion
2026-04-18 16:09:47,tda inmobiliaria bogota #1670,756013.97,vivienda
2025-10-15 20:57:41,PAYMENT PEAJE CUNDINAMARCA #285,19842.17,transporte
2026-04-14 11:33:04,AUT Movistar Factura #2053,18348.71,servicios
2026-03-16 13:50:23,AUT Ferreteria El Martillo,704538.34,vivienda
2026-03-27 11:56:59,POS Spotify #4622,29420.64,ocio
2025-08-27 06:09:49,PAYMENT FERRETERIA EL MARTILLO #1644,781040.59,vivienda
2026-05-29 13:23:51,administracion conjunto #5302,453125.39,vivienda
2026-02-09 15:17:37,TDA GASOLINERA TERPEL #7084,7843.37,transporte
2026-04-19 16:28:05,COMPRA MOVISTAR FACTURA,20534.85,servicios
2025-10-28 21:15:54,pos udemy online,107865.04,educacion
2026-04-27 20:23:51,compra optica hp #8201,182215.47,salud
2025-12-10 17:57:48,PAGO EN Farmatodo #9115,11220.1,salud
2026-03-13 08:53:42,PAYMENT OPTICA HP,34481.94,salud
2026-05-26 12:10:09,POS ADMINISTRACION CONJUNTO,795388.55,vivienda
2026-06-12 15:00:54,PAGO EN Restaurante Don Jediondo #5393,8375.24,alimentacion
2026-04-30 11:10:19,POS PAPELERIA COMERCIAL #8676,9570.13,otras
2025-12-02 05:18:10,pago en papeleria comercial #7024,11160.23,otras
2026-08-15 13:03:07,POS ENEL CODENSA LUZ,16687.54,servicios
2026-04-18 02:35:28,aut peaje cundinamarca,21433.29,transporte
2026-04-22 08:38:20,pago en drogueria cruz verde #3803,41084.43,salud
2026-07-20 02:54:09,aut inmobiliaria bogota,522734.17,vivienda
2025-09-29 12:24:06,aut pension colegio #264,164975.98,educacion
2026-08-12 12:33:58,POS DROGUERIA CRUZ VERDE #6508,326237.91,salud
2025-10-04 01:56:44,POS Rappi Comida,134780.82,alimentacion
2025-10-11 12:26:47,PAGO EN Udemy Online #5447,9824.89,educacion
2025-11-27 04:24:44,AUT MercadoLibre,39225.1,otras
2025-09-22 11:11:26,compra drogueria cruz verde #3842,40302.73,salud
2026-02-25 09:08:33,COMPRA NETFLIX #3494,14892.44,ocio
2026-08-06 21:36:13,TDA PAPELERIA COMERCIAL #5473,14790.15,otras
2026-01-16 04:58:01,aut didi ride,20046.9,transporte
2026-02-24 03:14:28,UDEMY ONLINE,118384.0,educacion
2026-01-25 02:49:44,AUT TRANSMILENIO CARD #5200,10710.11,transporte
2026-02-22 09:06:53,AUT Udemy Online #7891,33669.88,educacion
2025-09-16 01:43:50,PAGO EN CONSULTORIO ODONTOLOGICO,29924.56,salud
2026-05-11 08:53:04,Acueducto Agua #7932,30963.23,servicios
2026-01-10 04:04:09,tda bar el cervecero #5608,20318.71,ocio
2026-04-20 11:34:32,POS Cajero Davivienda #8288,51707.03,otras
2026-06-27 10:40:06,AUT CREPES AND WAFFLES #3184,24456.42,alimentacion
2025-10-26 06:21:44,TDA Drogueria Cruz Verde,66985.34,salud
2025-08-21 08:57:33,PAGO EN CINEPOLIS #3974,26206.21,ocio
2026-04-30 14:58:53,AUT BOLETAS TUBOLETO #401,30209.64,ocio
2026-04-19 13:46:49,PAYMENT Didi Ride #3375,17103.71,transporte
2026-07-15 09:50:30,COMPRA ADMINISTRACION CONJUNTO #7223,638860.22,vivienda
2025-10-01 22:53:40,PAYMENT OPTICA HP #9390,60490.2,salud
2025-12-30 02:42:12,PAGO EN ETB INTERNET #6429,13496.36,servicios
2026-04-12 21:23:10,POS PAGO ARRIENDO APTO #4897,649419.58,vivienda
2026-03-17 16:02:01,POS FARMATODO #7888,111195.48,salud
2025-10-17 22:43:50,AUT TRANSFERENCIA NEQUI,41854.19,otras
2026-06-01 11:33:37,pago en papeleria comercial #1904,16810.05,otras
2026-08-12 06:49:34,AUT CINEPOLIS #290,15559.13,ocio
2025-10-31 07:53:35,boletas tuboleto #3913,7500.65,ocio
2025-08-28 21:55:11,PAYMENT OPTICA HP,106280.95,salud
2025-08-26 09:10:34,PAYMENT CINEMARK,12651.42,ocio
2026-03-04 04:15:05,POS DROGAS LA REBAJA #560,36186.93,salud
2025-11-09 10:34:04,AUT OPTICA HP,32928.83,salud
2025-10-01 00:21:03,PAYMENT GASOLINERA TERPEL #7037,17041.31,transporte
2025-08-28 21:22:57,COMPRA COURSERA COURSE,57673.14,educacion
2025-10-10 05:57:52,payment amazon marketplace #5031,42537.57,otras
2025-09-18 20:11:16,POS PLAYSTATION NETWORK #3239,10130.46,ocio
2026-05-13 00:38:24,AUT Papeleria Comercial,108332.89,otras
2025-11-29 08:34:10,PAPELERIA COMERCIAL,95340.55,otras
2026-02-20 11:02:53,pago en recarga celular claro #8662,15757.53,servicios
2025-09-22 03:39:57,Peaje Cundinamarca,19201.31,transporte
2026-05-19 10:15:44,POS TALLER AUTOMOTRIZ CENTRAL #1956,10040.77,transporte
2026-04-27 14:49:19,TDA PENSION COLEGIO #2675,66704.18,educacion
2026-02-14 19:36:29,pago en platzi subscripcion,1091335.75,educacion
2026-06-27 14:58:51,PAYMENT Uber #7799,13673.1,transporte
2026-02-02 18:50:14,AUT MATRICULA UNIMINUTO,152096.62,educacion
2026-01-19 18:10:33,aut vanti gas natural #5301,37227.12,servicios
2025-11-22 13:28:55,TDA PLAYSTATION NETWORK,6631.32,ocio
2025-11-02 06:47:13,TDA CARULLA,18323.21,alimentacion
2026-07-12 00:04:11,POS AMAZON MARKETPLACE #6439,6594.41,otras
2025-12-04 14:19:34,pos carulla,17876.16,alimentacion
2025-09-26 09:29:31,tda inmobiliaria bogota,131924.09,vivienda
2026-06-21 11:10:08,COMPRA Taller Automotriz Central #4104,29440.43,transporte
2025-12-16 10:37:44,PAYMENT MERCADOLIBRE #7012,171818.48,otras
2026-06-21 19:59:20,AUT CARULLA #5296,40874.29,alimentacion
2026-05-24 20:32:06,PAYMENT Optica HP,10322.74,salud
2026-02-01 18:41:37,MercadoLibre,11582.19,otras
2026-01-28 23:57:47,PAYMENT TEXACO,11932.38,transporte
2026-06-03 13:43:42,TDA Drogas La Rebaja,16005.0,salud
2026-06-30 07:06:41,payment didi ride #4878,39111.21,transporte
2026-04-16 08:23:45,pago en movistar factura,43746.02,servicios
2026-04-10 06:51:02,Farmatodo #7070,13752.87,salud
2026-01-31 03:55:55,tda pension colegio #1398,235648.66,educacion
2026-03-25 16:35:30,POS Udemy Online #9891,616722.96,educacion
2026-01-09 16:00:33,AUT Cabify #4672,99937.71,transporte
2026-07-01 15:15:47,PAGO EN VANTI GAS NATURAL #8214,150110.54,servicios
2026-02-07 23:11:17,COMPRA PLATZI SUBSCRIPCION,33443.37,educacion
2026-07-28 20:43:01,AUT ENEL CODENSA LUZ,146463.61,servicios
2026-03-04 00:38:09,TDA OXXO,27354.46,alimentacion
2026-04-02 08:27:46,tda homecenter #3766,511202.32,vivienda
2025-12-09 09:49:00,PAYMENT Libreria Panamericana,146164.33,educacion
2026-07-04 11:43:15,payment gasolinera terpel #845,10680.18,transporte
2026-03-11 11:02:47,ACUEDUCTO AGUA,34181.04,servicios
2026-01-19 02:55:56,POS RECARGA CELULAR CLARO #8732,12184.91,servicios
2025-09-30 23:03:36,POS ARA,30001.36,alimentacion
2026-06-27 15:14:55,PAGO EN LIBRERIA PANAMERICANA #8264,461712.96,educacion
2026-01-31 04:37:12,COMPRA LIBRERIA PANAMERICANA #7780,92182.58,educacion
2026-01-03 08:51:56,pos transferencia nequi,25376.93,otras
2025-09-14 15:30:07,Netflix,18632.84,ocio
2026-04-29 13:42:20,TALLER AUTOMOTRIZ CENTRAL,51719.77,transporte
2026-01-08 21:24:12,COMPRA Crepes and Waffles #1453,9660.69,alimentacion
2026-06-16 04:02:50,pago en transmilenio card,30517.99,transporte
2025-10-03 22:23:50,TDA CAJERO DAVIVIENDA #5973,16845.87,otras
2025-12-19 03:54:39,TDA Oxxo,41494.26,alimentacion
2025-08-21 16:02:59,PAGO EN CREPES AND WAFFLES #9447,84792.31,alimentacion
2025-12-23 03:43:47,PAGO EN TRANSMILENIO CARD #2611,6156.3,transporte
2026-02-14 04:04:10,compra mcdonalds,16153.38,alimentacion
2026-06-22 06:36:49,POS DROGAS LA REBAJA #1654,5831.49,salud
2026-08-01 11:20:45,POS Steam Games,9095.99,ocio
2026-03-23 13:18:52,tda movistar factura #524,59770.02,servicios
2026-01-14 04:24:45,AUT MCDONALDS,32975.83,alimentacion
2026-04-08 03:38:43,tda estacion texaco,5398.56,transporte
2026-03-10 04:53:11,AUT NETFLIX #2724,9509.29,ocio
2025-09-26 09:43:50,PAGO EN ESTACION TEXACO #8265,4726.43,transporte
2025-12-03 10:02:40,AUT D1,14762.58,alimentacion
2026-04-10 12:31:27,payment recarga celular claro #7644,33971.98,servicios
2025-09-15 11:51:25,compra matricula uniminuto #2958,24133.4,educacion
2026-07-30 02:40:36,COMPRA DAVIPLATA ENVIO #8159,67012.49,otras
2026-01-28 05:26:28,COMPRA CAJERO DAVIVIENDA,20514.35,otras
2026-06-07 02:45:03,COMPRA LIBRERIA PANAMERICANA #4239,109394.25,educacion
2025-12-18 20:23:59,COMPRA MERCADOLIBRE,16674.35,otras
2025-11-02 09:20:26,pos playstation network,22948.17,ocio
2025-09-05 17:18:26,pos drogas la rebaja,116015.13,salud
2026-02-27 02:12:32,CONSULTORIO ODONTOLOGICO,70866.97,salud
2025-12-02 00:10:56,pago en crepes and waffles #9068,57058.44,alimentacion
2025-10-02 18:01:10,PAGO EN HOMECENTER,642258.53,vivienda
2026-02-09 06:42:29,AUT HOMECENTER #2540,1009859.53,vivienda
2026-04-08 00:11:06,TDA PEAJE CUNDINAMARCA,13305.2,transporte
2026-04-04 00:33:32,compra drogueria cruz verde #1770,49141.28,salud
2025-11-17 06:03:25,TDA UBER #1851,14084.37,transporte
2025-08-25 16:41:01,pago en spotify,9700.64,ocio
2025-08-24 08:41:28,PAGO EN OPTICA HP #9549,22970.75,salud
2026-06-17 15:22:57,TDA LIBRERIA PANAMERICANA,173031.36,educacion
2025-08-19 05:45:29,TDA Optica HP #3837,207246.98,salud
2025-12-05 20:55:35,payment restaurante don jediondo,92677.55,alimentacion
2026-07-10 07:07:30,POS Playstation Network,5543.63,ocio
2025-08-31 19:23:10,AUT PENSION COLEGIO,463723.46,educacion
2026-08-08 23:08:47,aut transferencia nequi,16023.98,otras
2025-09-01 15:04:19,COMPRA MERCADOLIBRE #2876,40164.27,otras
2026-04-24 20:11:23,peaje cundinamarca,7977.71,transporte
2025-09-13 09:48:15,tda eps sanitas #206,57306.99,salud
2025-09-23 09:01:33,POS HOMECENTER #3899,880490.05,vivienda
2026-05-25 07:39:28,pago en mercadolibre #9906,4991.02,otras
2025-12-02 02:35:16,POS Ferreteria El Martillo #4659,1050692.79,vivienda
2026-06-06 03:21:58,PAPELERIA COMERCIAL #2120,84620.77,otras
2026-01-19 21:55:29,pos homecenter,656850.18,vivienda
2026-03-21 12:56:12,PAGO EN MOVISTAR FACTURA,60845.97,servicios
2026-02-25 05:10:04,RAPPI COMIDA #349,31202.24,alimentacion
2025-09-04 17:11:42,pago en administracion conjunto,1214387.9,vivienda
2025-12-11 08:08:34,compra optica hp,4270.87,salud
2026-02-09 23:27:14,Texaco #9199,159038.25,transporte
2026-07-13 00:38:39,PAGO EN Ferreteria El Martillo #2332,1789192.48,vivienda
2026-08-06 00:39:26,PAYMENT Udemy Online #9165,70154.09,educacion
2026-07-10 20:28:46,TDA PLAYSTATION NETWORK #7710,3359.47,ocio
2026-08-16 14:28:38,Boletas Tuboleto #5361,16344.06,ocio
2025-09-26 08:05:05,TDA PAGO ARRIENDO APTO #364,306705.93,vivienda
2025-11-12 10:24:36,PAYMENT ETB INTERNET #6679,35133.56,servicios
2026-07-04 00:15:27,POS Inmobiliaria Bogota #1231,933727.05,vivienda
2025-10-10 07:32:36,AUT TEXACO #3708,7729.02,transporte
2025-12-20 19:42:33,COMPRA Homecenter,1429135.41,vivienda
2026-05-25 16:58:32,pos libreria panamericana #8175,259546.11,educacion
2025-11-13 08:05:54,transferencia nequi,58443.94,otras
2025-09-20 14:49:13,payment inmobiliaria bogota #8922,733303.26,vivienda
2026-05-25 15:37:11,PAGO EN SUPERMERCADO EXITO,11702.77,alimentacion
2026-06-30 09:29:31,PAYMENT DROGUERIA CRUZ VERDE #1681,143725.35,salud
2025-08-19 08:30:06,tda udemy online #4991,71364.39,educacion
2026-07-20 12:55:48,COMPRA UDEMY ONLINE #5363,18625.07,educacion
2025-11-26 06:54:34,ENEL CODENSA LUZ #494,60549.93,servicios
2025-09-29 11:12:33,homecenter,2570586.17,vivienda
2025-12-13 14:38:03,POS Estacion Texaco,17376.55,transporte
2025-11-27 20:33:36,PAGO EN Crepes and Waffles #471,204290.22,alimentacion
2026-05-11 14:20:20,pos bar el cervecero,14241.57,ocio
2026-06-20 20:57:04,Acueducto Agua,21412.42,servicios
2025-11-30 06:12:27,PAGO EN Platzi Subscripcion #7418,46325.59,educacion
2025-10-22 14:06:57,PAGO EN TALLER AUTOMOTRIZ CENTRAL #3138,78698.09,transporte
2026-04-01 00:37:22,pos steam games,7738.01,ocio
2025-10-03 00:00:26,tda cabify,34952.4,transporte
2025-12-19 10:50:28,AUT MATRICULA UNIMINUTO,50463.39,educacion
2026-06-05 21:14:17,payment etb internet,20410.73,servicios
2026-07-28 05:19:33,POS Inmobiliaria Bogota #4318,1353426.14,vivienda
2026-04-21 18:49:02,DIDI RIDE #8928,12809.81,transporte
2026-05-03 22:50:56,AUT Transferencia Nequi #4275,14694.15,otras
2026-03-08 01:38:06,PAGO EN UDEMY ONLINE #4316,384371.82,educacion
2025-11-18 20:17:09,POS SUPERMERCADO EXITO,130342.1,alimentacion
2026-02-19 01:02:44,PAYMENT LIBRERIA PANAMERICANA #5978,213977.85,educacion
2026-02-23 18:32:37,AUT AMAZON MARKETPLACE,11444.11,otras
2025-12-20 10:52:34,COMPRA CAJERO DAVIVIENDA #410,13218.75,otras
2026-02-20 21:35:38,PAGO EN OPTICA HP #2304,53525.14,salud
2025-09-22 02:04:37,pos recarga celular claro,32615.99,servicios
2026-06-10 23:57:54,PAGO EN MERCADOLIBRE,8202.01,otras
2026-05-20 17:00:00,TDA Estacion Texaco,34569.74,transporte
2026-01-01 12:44:01,COMPRA ENEL CODENSA LUZ,28319.56,servicios
2026-07-07 22:15:42,AUT CABIFY #468,3850.13,transporte
2026-04-30 13:15:04,POS Cabify #1257,7816.3,transporte
2026-05-29 23:38:31,tda matricula uniminuto #4597,53908.62,educacion
2026-05-14 07:59:20,TDA Papeleria Comercial #3191,20478.74,otras
2025-09-15 14:50:29,TDA GASOLINERA TERPEL,98750.42,transporte
2025-09-09 20:10:24,compra consultorio odontologico #7613,63703.1,salud
2025-08-22 12:48:28,PAGO EN JUMBO #6256,18534.38,alimentacion
2025-11-09 08:58:24,PAGO EN PLATZI SUBSCRIPCION #6971,128637.93,educacion
2026-07-01 07:31:28,TDA DROGAS LA REBAJA #8984,33279.72,salud
2025-10-29 09:57:44,TEXACO,24155.86,transporte
2025-09-27 00:46:45,COMPRA Papeleria Comercial #4671,39362.45,otras
2025-11-06 11:18:38,AUT Optica HP #5418,185378.27,salud
2026-06-09 05:05:42,Didi Ride #8787,17643.84,transporte
2026-03-05 00:35:41,POS MATRICULA UNIMINUTO #5171,705563.91,educacion
2026-06-08 18:42:23,COMPRA Udemy Online,293498.32,educacion
2026-05-19 14:15:31,tda consultorio odontologico #8343,22512.29,salud
2026-04-28 22:11:03,payment panaderia kuty,212752.44,alimentacion
2026-07-12 16:34:43,amazon marketplace #9474,30546.17,otras
2025-09-27 11:16:19,AUT HOMECENTER #4167,441938.18,vivienda
2025-11-10 09:40:02,pos drogas la rebaja #8914,302006.66,salud
2026-01-14 04:16:17,MOVISTAR FACTURA #7413,93588.85,servicios
2026-07-20 11:28:30,PAYMENT Vanti Gas Natural #6658,26375.34,servicios
2026-03-04 20:16:36,AUT TEXACO #6076,11461.11,transporte
2026-06-16 08:46:05,PAGO EN PENSION COLEGIO #3550,80269.91,educacion
2025-10-29 10:17:54,PAYMENT Acueducto Agua,41309.14,servicios
2025-12-03 08:05:12,BOLETAS TUBOLETO,32679.38,ocio
2025-10-20 04:51:56,TDA Gasolinera Terpel #7244,30134.88,transporte
2025-12-14 17:15:37,AUT Easy,775322.17,vivienda
2026-04-26 05:48:44,POS Vanti Gas Natural,66092.27,servicios
2025-10-13 15:17:05,PAYMENT Amazon Marketplace,16109.49,otras
2026-07-23 17:11:09,PAGO EN Matricula Uniminuto,340136.81,educacion
2026-06-02 18:35:26,COMPRA Transferencia Nequi,16513.56,otras
2025-11-18 20:38:58,PAGO EN CARULLA #4721,51267.81,alimentacion
2026-07-30 16:02:34,tda matricula uniminuto,86139.64,educacion
2025-10-29 01:41:19,PLAYSTATION NETWORK #6165,12847.49,ocio
2025-08-28 12:53:17,PAGO EN HOMECENTER,581617.38,vivienda
2026-05-01 11:39:54,PAGO EN Platzi Subscripcion,495748.9,educacion
2026-02-09 05:21:50,amazon marketplace,10583.74,otras
2025-11-28 13:49:05,Pago Arriendo Apto #4548,467830.18,vivienda
2026-08-12 10:02:15,POS Oxxo,198153.02,alimentacion
2025-09-19 02:00:14,TDA Inmobiliaria Bogota #7807,1311534.7,vivienda
2026-02-01 00:04:14,aut daviplata envio,2028.16,otras
2025-10-14 22:19:32,PAYMENT EPS Sanitas #8415,26323.45,salud
2026-02-28 11:11:55,TDA Transferencia Nequi #4567,3597.56,otras
2026-03-02 16:39:58,TDA Consultorio Odontologico,17227.12,salud
2025-09-07 01:54:17,PAYMENT D1,2948.9,alimentacion
2025-12-01 07:09:26,compra panaderia kuty,32545.95,alimentacion
2025-09-24 10:07:31,AUT Platzi Subscripcion #9931,25076.08,educacion
2026-04-26 08:02:16,TDA Pension Colegio #1027,106073.37,educacion
2026-05-28 17:11:40,payment recarga celular claro #7934,10146.94,servicios
2025-10-31 18:01:07,aut papeleria comercial #4657,23930.57,otras
2025-10-30 00:14:36,aut enel codensa luz,20974.24,servicios
2025-10-25 00:53:48,TDA MOVISTAR FACTURA #5566,66248.74,servicios
2025-12-02 14:15:32,PAGO EN DAVIPLATA ENVIO,90341.92,otras
2026-04-10 08:16:19,aut peaje cundinamarca #7097,36563.69,transporte
2026-03-06 20:19:09,AUT RAPPI COMIDA #3510,27965.0,alimentacion
2025-09-28 20:07:07,AUT Supermercado Exito #3634,177780.39,alimentacion
2025-09-05 19:16:50,AUT Libreria Panamericana #3516,15311.47,educacion
2025-11-22 02:46:24,compra cajero davivienda #7181,5412.36,otras
2025-11-10 17:04:36,OPTICA HP #4710,44704.91,salud
2025-09-07 01:43:29,tda carulla #9557,220406.86,alimentacion
2026-03-28 19:58:54,tda texaco,15031.38,transporte
2025-11-18 03:54:57,PAGO EN Udemy Online #1216,79229.64,educacion
2026-03-12 02:16:19,PAYMENT Laboratorio Synlab,10035.65,salud
2025-12-02 09:54:48,PAGO EN Udemy Online #1671,307157.37,educacion
2026-07-26 04:52:33,drogueria cruz verde #3876,139873.52,salud
2026-05-16 02:22:19,AUT Oxxo,68272.35,alimentacion
2026-01-21 13:12:42,aut etb internet #3652,18443.51,servicios
2026-01-17 00:24:09,AUT Pension Colegio,42275.03,educacion
2025-11-10 19:57:08,COMPRA STEAM GAMES #5013,5403.57,ocio
2026-07-03 11:19:17,payment papeleria comercial #9109,23953.57,otras
2025-11-29 14:52:27,TDA Cinepolis #3037,6271.15,ocio
2025-11-05 07:45:29,TDA Daviplata Envio,6785.77,otras
2026-06-18 13:57:27,PAYMENT Inmobiliaria Bogota #863,565680.99,vivienda
2025-12-30 10:37:13,compra bar el cervecero #7366,9486.17,ocio
2025-12-07 06:43:48,drogas la rebaja,27125.34,salud
2026-04-06 00:29:19,PAYMENT Easy #9248,964983.96,vivienda
2026-05-29 10:43:24,COMPRA MercadoLibre,23838.28,otras
2025-09-23 00:50:57,POS Coursera Course,69857.5,educacion
2026-02-28 20:58:59,COMPRA VANTI GAS NATURAL #7966,30025.66,servicios
2026-04-16 01:00:29,pos acueducto agua #395,14840.03,servicios
2026-05-31 11:16:12,PAYMENT Laboratorio Synlab,55039.51,salud
2026-07-14 12:55:00,COMPRA ENEL CODENSA LUZ,29447.42,servicios
2025-11-18 02:32:23,COMPRA PLAYSTATION NETWORK #8517,4665.11,ocio
2025-12-17 19:30:22,pos ara #230,80543.69,alimentacion
2025-09-13 09:48:32,COMPRA TEXACO #4684,8157.64,transporte
2025-10-29 04:37:17,POS HOMECENTER,770030.87,vivienda
2026-08-01 21:50:02,AUT PLAYSTATION NETWORK,30184.63,ocio
2025-10-11 12:25:49,MOVISTAR FACTURA #590,46882.8,servicios
2026-05-03 02:18:26,compra administracion conjunto,744598.21,vivienda
2026-01-30 14:58:20,TDA CARULLA #5050,27173.59,alimentacion
2025-08-25 12:33:55,pos daviplata envio,56812.51,otras
2025-11-27 21:32:21,TDA CARULLA,62302.45,alimentacion
2025-10-22 17:43:06,PAYMENT Inmobiliaria Bogota #554,503319.78,vivienda
2026-06-08 16:35:19,COMPRA Inmobiliaria Bogota,452735.71,vivienda
2026-04-05 02:58:27,payment daviplata envio #9857,2772.89,otras
2026-02-17 10:51:43,CARULLA,41077.9,alimentacion
2025-08-17 19:49:33,COMPRA Coursera Course #1357,89389.88,educacion
2026-07-22 13:25:54,compra optica hp,171066.99,salud
2026-02-16 23:06:01,pos matricula uniminuto #3519,151883.05,educacion
2025-09-03 23:31:14,steam games,33994.72,ocio
2026-03-25 17:45:14,COMPRA RECARGA CELULAR CLARO,17704.63,servicios
2025-12-08 07:34:45,COMPRA Didi Ride #778,50228.37,transporte
2026-03-09 10:18:31,POS Transferencia Nequi,12978.94,otras
2025-10-21 09:50:17,PAGO EN Supermercado Exito #1458,67648.26,alimentacion
2026-06-14 12:21:35,tda inmobiliaria bogota #5473,303988.44,vivienda
2025-09-25 06:26:32,recarga celular claro,30979.51,servicios
2026-06-25 15:16:02,Easy #8200,221723.69,vivienda
2025-12-25 19:11:04,POS VANTI GAS NATURAL,22918.91,servicios
2026-02-23 23:44:41,COMPRA BOLETAS TUBOLETO #5833,18183.1,ocio
2025-12-31 15:57:40,COMPRA Pension Colegio #4375,52830.17,educacion
2025-11-25 09:01:23,pago en acueducto agua,14324.65,servicios
2026-02-22 08:53:28,recarga celular claro,44697.42,servicios
2026-01-05 21:52:03,TDA Matricula Uniminuto #8269,87189.98,educacion
2025-08-22 16:50:35,PAGO EN TEXACO #1691,11607.26,transporte
2025-12-12 09:13:03,POS CINEPOLIS #5511,13757.33,ocio
2025-12-25 01:07:00,AUT Transferencia Nequi #8159,307634.95,otras
2026-06-14 05:33:11,POS ENEL CODENSA LUZ #4846,53750.15,servicios
2026-07-16 05:51:19,TDA Platzi Subscripcion #4369,398350.84,educacion
2026-02-21 12:57:33,vanti gas natural,34937.91,servicios
2025-11-30 06:26:39,Oxxo #5480,41489.19,alimentacion
2026-03-07 02:45:17,TDA Homecenter #6900,173225.7,vivienda
2026-04-22 21:48:58,AUT EPS SANITAS #7378,23228.18,salud
2025-10-13 20:58:35,pos drogas la rebaja #9331,28893.39,salud
2026-07-15 23:25:05,COMPRA Didi Ride,3336.23,transporte
2026-04-30 12:11:24,tda amazon marketplace #7294,6922.86,otras
2026-01-03 03:44:17,AUT MCDONALDS #4436,7445.24,alimentacion
2025-08-29 10:29:50,COMPRA PLAYSTATION NETWORK,13006.09,ocio
2026-03-29 17:55:11,payment amazon marketplace,49949.41,otras
2026-05-14 15:49:39,POS Steam Games,28991.04,ocio
2026-01-04 00:28:53,pos cinepolis,17860.54,ocio
2026-06-02 12:25:50,PAGO EN TALLER AUTOMOTRIZ CENTRAL,7577.54,transporte
2025-10-31 17:11:03,payment supermercado exito,7741.48,alimentacion
2026-04-22 11:52:30,PAGO EN LABORATORIO SYNLAB,7097.12,salud
2025-12-01 19:36:02,AUT Recarga Celular Claro,12564.25,servicios
2026-05-08 01:20:01,payment transferencia nequi #2250,9055.62,otras
2026-08-01 15:47:44,OPTICA HP #3910,41121.1,salud
2026-07-23 16:13:19,COMPRA Didi Ride #9797,7239.1,transporte
2025-10-24 09:07:05,COMPRA Cabify #2995,24466.95,transporte
2026-08-05 23:18:38,COMPRA MercadoLibre #7699,17461.02,otras
2025-12-30 21:54:59,pos libreria panamericana,99972.94,educacion
2026-01-16 07:04:24,TDA ESTACION TEXACO,50323.4,transporte
2026-01-26 11:54:34,tda platzi subscripcion #6507,23949.96,educacion
2025-12-15 13:32:49,COMPRA CARULLA,50765.06,alimentacion
2025-09-02 09:31:28,POS MOVISTAR FACTURA #6898,26678.57,servicios
2026-03-07 09:55:14,aut restaurante don jediondo #5960,27811.67,alimentacion
2025-12-28 17:59:40,Carulla #2859,73732.95,alimentacion
2025-10-04 04:31:37,COMPRA ETB Internet #3810,45588.4,servicios
2026-06-22 07:29:05,AUT BAR EL CERVECERO #2119,6887.45,ocio
2026-03-25 12:07:17,PAYMENT RECARGA CELULAR CLARO,24117.76,servicios
2025-12-07 10:36:26,AUT Enel Codensa Luz,31847.91,servicios
2025-08-20 16:07:54,HOMECENTER,619207.65,vivienda
2026-08-12 12:52:59,SPOTIFY #8098,20120.91,ocio
2025-10-13 13:48:22,POS OPTICA HP,66790.17,salud
2026-05-08 21:06:28,POS Platzi Subscripcion,890086.11,educacion
2026-03-08 14:53:36,aut mcdonalds #7295,10676.25,alimentacion
2026-04-16 16:38:13,daviplata envio,19488.19,otras
2026-05-02 10:21:33,Transferencia Nequi,8879.47,otras
2025-12-13 08:37:37,matricula uniminuto #933,203807.04,educacion
2025-12-07 09:13:21,PAGO EN VANTI GAS NATURAL #8542,10195.45,servicios
2026-06-24 00:58:55,easy,897876.33,vivienda
2025-08-23 11:46:36,PAGO EN Supermercado Exito #3788,21937.69,alimentacion
2025-09-02 08:09:19,pos boletas tuboleto,7991.12,ocio
2025-12-05 08:21:26,payment transferencia nequi #4113,5184.88,otras
2025-10-04 08:56:59,pago en ara #934,25032.72,alimentacion
2026-02-23 02:21:00,POS SPOTIFY #341,28542.53,ocio
2025-08-19 09:53:22,JUMBO #4407,35591.03,alimentacion
2026-01-01 05:42:15,TDA INMOBILIARIA BOGOTA,1063002.76,vivienda
2026-07-07 08:54:51,AUT Carulla #5470,137545.97,alimentacion
2025-09-05 19:33:56,payment steam games #8982,16068.71,ocio
2025-10-09 22:04:37,PAGO EN RESTAURANTE DON JEDIONDO #5137,23224.44,alimentacion
2026-07-24 16:43:42,compra laboratorio synlab #143,81959.25,salud
2026-06-18 09:37:45,compra bar el cervecero #6169,9127.0,ocio
2026-05-02 19:43:57,PAGO EN Cinemark,9385.34,ocio
2025-10-16 15:29:40,PAGO EN UBER #7769,4592.12,transporte
2026-05-21 09:55:25,AUT MERCADOLIBRE #5761,55617.74,otras
2025-10-11 19:59:08,compra cinemark,10196.48,ocio
2025-11-01 20:04:38,TDA TRANSMILENIO CARD #8503,21245.25,transporte
2026-04-01 17:08:08,pos didi ride #153,7098.47,transporte
2025-12-08 08:54:58,TDA ARA,51470.19,alimentacion
2025-08-29 21:58:50,AUT ACUEDUCTO AGUA,17031.76,servicios
2026-08-14 18:01:38,PAYMENT EPS SANITAS,41945.25,salud
2025-11-22 00:45:45,aut acueducto agua,45555.91,servicios
2026-04-21 20:07:53,AUT DAVIPLATA ENVIO #3427,48569.9,otras
2026-01-28 13:01:13,pago en consultorio odontologico #3436,47847.15,salud
2026-08-03 13:51:12,PAGO EN Recarga Celular Claro #6841,9312.58,servicios
2026-07-30 06:07:18,COMPRA TRANSFERENCIA NEQUI #2116,439244.1,otras
2026-08-09 19:16:33,FERRETERIA EL MARTILLO #1518,2079244.95,vivienda
2026-04-06 07:14:59,AUT CINEMARK #7149,22156.19,ocio
2025-10-23 17:44:11,PAYMENT PENSION COLEGIO #7104,39980.83,educacion
2026-02-02 16:32:49,tda inmobiliaria bogota #5262,681359.06,vivienda
2026-07-23 14:43:36,PAYMENT PLATZI SUBSCRIPCION #2022,51425.81,educacion
2026-06-25 19:48:44,PAGO EN Cinemark #3912,32360.67,ocio
2025-10-10 11:39:45,payment transmilenio card,22839.63,transporte
2026-06-11 13:33:29,COMPRA Movistar Factura,16806.18,servicios
2025-11-22 12:48:16,POS FARMATODO #3543,29207.17,salud
2026-01-26 02:45:24,AUT EASY #4020,1429325.03,vivienda
2025-11-02 22:08:08,recarga celular claro #543,70267.08,servicios
2025-12-13 21:12:52,POS EPS Sanitas #497,263330.38,salud
2025-12-10 21:48:00,payment ferreteria el martillo,1148789.39,vivienda
2026-08-12 11:49:01,pos udemy online,72900.45,educacion
2026-02-12 12:42:55,tda recarga celular claro #5252,3847.16,servicios
2025-10-27 15:35:51,COMPRA VANTI GAS NATURAL #574,32154.12,servicios
2026-06-17 06:59:41,AUT Daviplata Envio #9189,21986.22,otras
2025-09-23 17:37:26,COMPRA FARMATODO,57181.19,salud
2026-03-09 22:26:46,POS Transferencia Nequi,23246.21,otras
2026-05-14 00:14:13,PAYMENT DROGAS LA REBAJA #7746,11397.07,salud
2026-03-01 02:20:33,pos movistar factura #8406,37588.19,servicios
2026-05-21 04:20:40,payment movistar factura #2948,39313.76,servicios
2026-02-15 08:03:09,AUT PEAJE CUNDINAMARCA,33326.39,transporte
2026-01-30 12:36:38,MCDONALDS,77440.22,alimentacion
2026-01-27 17:50:30,PAYMENT Estacion Texaco #5204,31059.08,transporte
2026-02-12 13:55:24,COMPRA DROGAS LA REBAJA #4462,31224.79,salud
2026-08-06 20:06:17,aut mcdonalds,34314.75,alimentacion
2025-08-27 16:43:01,TDA Farmatodo #7576,54189.22,salud
2025-09-20 18:39:46,COMPRA TRANSFERENCIA NEQUI #9235,24531.16,otras
2026-04-13 08:36:15,aut administracion conjunto,1327662.71,vivienda
2026-06-18 22:23:14,PAGO EN Steam Games,20964.13,ocio
2026-03-30 19:26:31,aut ara #4277,191352.92,alimentacion
2026-01-09 08:05:34,TDA BOLETAS TUBOLETO #2319,62600.48,ocio
2026-04-15 13:33:24,compra drogueria cruz verde #8363,53509.5,salud
2026-08-01 22:14:11,payment etb internet,2691.91,servicios
2026-07-24 08:10:58,tda oxxo,97681.35,alimentacion
2025-09-07 05:26:12,TDA Pension Colegio #8270,51614.01,educacion
2025-10-05 08:15:07,PAYMENT D1 #5579,19126.17,alimentacion
2026-05-04 16:02:10,pos homecenter #8716,574314.73,vivienda
2026-02-13 04:07:35,pos ara #5343,25404.6,alimentacion
2026-02-12 04:00:47,TDA UBER,31289.66,transporte
2025-09-19 07:31:29,Didi Ride #2056,4431.56,transporte
2025-11-30 08:39:25,compra boletas tuboleto #9835,6282.95,ocio
2025-09-28 00:12:47,compra pension colegio,149013.21,educacion
2026-04-05 06:05:32,COMPRA EPS SANITAS,97269.27,salud
2026-07-02 15:28:56,PAYMENT AMAZON MARKETPLACE #8748,41837.22,otras
2026-03-25 00:45:34,AUT RAPPI COMIDA #6669,19348.52,alimentacion
2026-05-12 15:14:14,pago en carulla #4921,16603.81,alimentacion
2026-07-19 02:26:11,pos movistar factura #8059,19851.19,servicios
2025-10-03 14:22:22,PAGO EN BOLETAS TUBOLETO,15802.3,ocio
2026-04-01 11:28:29,COMPRA Steam Games #9311,37791.3,ocio
2026-03-03 19:38:26,compra vanti gas natural,7875.7,servicios
2026-05-22 20:54:58,compra rappi comida #6981,30437.08,alimentacion
2026-05-16 21:34:34,PAYMENT MATRICULA UNIMINUTO,19946.04,educacion
2026-03-05 22:22:28,COMPRA Matricula Uniminuto #7280,13592.98,educacion
2026-03-23 17:07:25,payment ferreteria el martillo,1302992.35,vivienda
2026-02-25 19:01:08,COMPRA Ferreteria El Martillo,1011327.87,vivienda
2025-11-12 06:01:19,compra movistar factura #4243,35230.24,servicios
2026-04-22 20:35:02,AUT Movistar Factura #7157,46752.15,servicios
2025-12-12 06:57:49,PAGO EN D1 #8246,24741.19,alimentacion
2025-12-16 04:09:27,PAGO EN Restaurante Don Jediondo #1397,25690.85,alimentacion
2026-08-16 03:32:54,COMPRA EPS SANITAS #6090,542695.51,salud
2026-06-26 07:20:17,POS RECARGA CELULAR CLARO,23203.48,servicios
2026-04-16 15:24:50,vanti gas natural #6495,41817.88,servicios
2025-11-03 09:06:12,crepes and waffles #4765,36501.38,alimentacion
2025-09-12 12:15:15,crepes and waffles #869,8278.3,alimentacion
2025-10-15 20:42:51,pago en vanti gas natural,7888.98,servicios
2026-07-25 03:41:55,PAGO EN Steam Games,8908.05,ocio
2026-03-07 07:32:32,POS Inmobiliaria Bogota #8602,1374582.7,vivienda
2025-11-21 10:34:21,tda movistar factura,43173.19,servicios
2025-09-26 16:07:56,TDA Libreria Panamericana #169,295638.47,educacion
2025-08-27 00:15:32,NETFLIX,6694.67,ocio
2026-02-05 19:06:31,Papeleria Comercial #8276,110843.27,otras
2025-09-08 01:10:12,POS PAGO ARRIENDO APTO #6601,408833.81,vivienda
2025-12-11 21:56:13,POS ACUEDUCTO AGUA #7430,30567.56,servicios
2026-02-21 07:02:15,RECARGA CELULAR CLARO #8204,26736.6,servicios
2026-07-01 23:55:28,TDA Matricula Uniminuto #649,80125.66,educacion
2026-07-10 07:51:05,COMPRA Enel Codensa Luz #7610,60063.36,servicios
2025-11-26 12:21:05,pago en pension colegio,42356.09,educacion
2026-05-09 00:48:42,compra enel codensa luz,11970.93,servicios
2026-07-17 03:49:51,CINEPOLIS #3253,13548.04,ocio
2026-04-14 02:46:45,Papeleria Comercial #1438,14767.34,otras
2026-02-01 08:16:24,AUT Jumbo #9488,541396.04,alimentacion
2026-04-21 12:13:56,Easy,1094605.39,vivienda
2025-10-28 04:58:44,pago en cajero davivienda #9290,14627.51,otras
2026-07-01 07:53:05,pos netflix #1242,6378.71,ocio
2026-04-29 18:27:58,Netflix,3582.44,ocio
2025-10-22 18:11:16,COMPRA OPTICA HP #1721,15871.16,salud
2026-06-01 11:15:40,compra libreria panamericana #4132,113315.37,educacion
2026-03-17 17:52:53,PAYMENT LABORATORIO SYNLAB #4675,235640.24,salud
2026-02-18 08:33:46,COMPRA Pension Colegio,379278.85,educacion
2025-12-08 01:46:41,TDA Platzi Subscripcion #7121,129951.14,educacion
2026-05-03 16:19:37,TDA Papeleria Comercial,15943.91,otras
2026-04-03 02:07:16,Ara,45028.45,alimentacion
2026-01-07 02:17:47,TDA DROGAS LA REBAJA,27708.6,salud
2025-12-02 07:19:15,PAYMENT COURSERA COURSE #8454,776100.11,educacion
2026-01-14 06:33:19,aut matricula uniminuto,78666.43,educacion
2026-06-24 01:38:08,pos gasolinera terpel #7346,16685.51,transporte
2026-02-13 14:54:00,aut pension colegio #9585,6911.99,educacion
2026-06-29 08:45:17,TDA PEAJE CUNDINAMARCA #2084,15125.07,transporte
2025-10-13 23:27:25,PAGO EN EPS Sanitas #7797,123023.73,salud
2025-12-05 12:07:53,PAGO EN JUMBO #1270,15457.07,alimentacion
2025-10-03 02:06:18,AUT PLAYSTATION NETWORK #1551,7899.03,ocio
2026-01-15 16:11:24,PAGO EN PENSION COLEGIO,255570.41,educacion
2026-03-30 21:27:07,POS Enel Codensa Luz,11092.29,servicios
2025-08-30 16:07:35,COMPRA ADMINISTRACION CONJUNTO,1375985.29,vivienda
2026-04-27 00:49:13,pos papeleria comercial #429,12937.12,otras
2026-04-15 04:06:44,tda inmobiliaria bogota #5486,577728.36,vivienda
2025-09-02 23:48:07,pago en pension colegio,25625.57,educacion
2025-10-10 12:50:52,AUT PLATZI SUBSCRIPCION #7842,155384.12,educacion
2026-07-26 03:14:04,AUT Estacion Texaco #1750,165030.37,transporte
2026-02-11 10:34:41,PAGO EN EPS SANITAS,115803.14,salud
2025-08-20 23:27:00,PAGO EN Cabify #8222,8284.51,transporte
2026-01-03 08:53:41,TDA HOMECENTER,1441755.97,vivienda
2026-07-15 19:26:52,oxxo #511,28188.13,alimentacion
2025-11-07 07:03:29,PAYMENT PANADERIA KUTY,109052.86,alimentacion
2026-08-02 22:49:32,PAYMENT Pago Arriendo Apto #4283,1183522.64,vivienda
2026-03-09 08:19:06,PAYMENT PAGO ARRIENDO APTO #2605,124755.99,vivienda
2026-03-04 16:22:20,AUT MERCADOLIBRE #8145,8070.09,otras
2025-10-24 04:52:25,aut homecenter,1285465.07,vivienda
2025-10-15 05:37:14,TDA NETFLIX,14856.01,ocio
2026-04-29 04:11:14,PAYMENT Movistar Factura #1883,14555.82,servicios
2026-03-24 03:21:45,pago en platzi subscripcion #9704,46151.86,educacion
2026-02-11 21:07:30,PAGO EN FERRETERIA EL MARTILLO #9417,232409.93,vivienda
2026-07-16 21:46:21,EPS SANITAS #392,44479.75,salud
2025-12-03 12:45:47,pago en cinemark,62785.71,ocio
2025-12-13 01:57:22,PAGO EN EPS Sanitas #9002,118827.33,salud
2025-09-12 22:12:33,PAGO EN Transferencia Nequi,196893.25,otras
2026-02-21 07:16:19,pos pago arriendo apto,1238533.1,vivienda
2026-02-16 15:29:42,inmobiliaria bogota,1351178.33,vivienda
2026-04-30 08:30:26,payment cajero davivienda,158590.18,otras
2026-03-29 03:31:01,POS ETB INTERNET,33737.25,servicios
2026-08-12 14:33:13,POS Jumbo,31263.86,alimentacion
2026-06-14 13:40:41,payment jumbo #5141,82961.01,alimentacion
2026-03-09 11:50:38,POS PLAYSTATION NETWORK,36963.57,ocio
2025-10-06 16:44:42,COMPRA Drogas La Rebaja #975,28912.78,salud
2025-12-21 07:03:28,POS MOVISTAR FACTURA,17449.37,servicios
2026-03-30 23:11:30,Homecenter,792789.98,vivienda
2026-04-01 10:19:00,TDA Pago Arriendo Apto #9529,1201281.33,vivienda
2026-07-05 17:32:44,consultorio odontologico,117936.33,salud
2025-09-12 16:14:34,compra movistar factura #8547,11447.19,servicios
2025-08-28 21:36:30,COMPRA CAJERO DAVIVIENDA #5800,148985.77,otras
2025-10-18 06:06:25,aut pension colegio #530,45734.22,educacion
2025-09-23 22:16:01,COMPRA MERCADOLIBRE,16897.74,otras
2025-09-27 16:29:28,TDA Platzi Subscripcion,33416.82,educacion
2026-08-15 06:08:10,TDA Peaje Cundinamarca #9515,204535.32,transporte
2026-02-18 10:56:09,tda movistar factura #3417,31108.69,servicios
2026-06-08 13:18:46,TDA Crepes and Waffles,18383.7,alimentacion
2026-06-13 03:36:50,pos papeleria comercial,52256.71,otras
2026-06-22 10:01:13,TDA EASY #5529,1157162.53,vivienda
2025-09-27 09:08:26,PAGO EN Transferencia Nequi,18256.44,otras
2026-05-27 05:25:03,POS DROGAS LA REBAJA,123582.89,salud
2026-06-06 23:08:27,pos d1,18765.33,alimentacion
2026-08-10 15:36:38,PAYMENT DROGUERIA CRUZ VERDE #1827,28503.72,salud
2025-09-10 11:38:35,PAYMENT BOLETAS TUBOLETO,3270.99,ocio
2025-11-22 17:07:25,TDA Vanti Gas Natural #6267,12156.62,servicios
2025-08-31 23:12:30,POS CABIFY,91754.13,transporte
2025-09-14 17:45:05,POS CARULLA,135015.23,alimentacion
2026-06-09 21:24:03,payment bar el cervecero #5082,13989.36,ocio
2026-04-09 23:44:42,ETB Internet,72966.73,servicios
2026-07-09 22:08:40,compra playstation network,11943.56,ocio
2026-08-11 02:33:46,PAGO EN AMAZON MARKETPLACE #1061,17267.64,otras
2025-12-20 03:51:57,PAGO EN Acueducto Agua,27831.02,servicios
2026-05-15 19:02:26,COMPRA Farmatodo #4965,42727.0,salud
2026-01-11 02:12:06,compra etb internet #8050,23644.41,servicios
2026-04-21 23:24:15,RECARGA CELULAR CLARO #5579,53425.26,servicios
2026-03-21 13:06:17,DAVIPLATA ENVIO,25594.57,otras
2025-11-01 10:40:06,COMPRA Administracion Conjunto #101,1118488.81,vivienda
2026-02-24 03:51:24,COMPRA Peaje Cundinamarca #1122,45626.43,transporte
2026-05-08 01:46:35,pago en recarga celular claro,33959.08,servicios
2025-11-13 00:13:30,PAYMENT MCDONALDS #9994,16710.34,alimentacion
2026-06-01 15:49:14,POS VANTI GAS NATURAL #1060,11947.54,servicios
2026-02-02 00:12:19,tda taller automotriz central,20617.65,transporte
2026-06-27 11:48:58,AUT AMAZON MARKETPLACE #3421,18559.62,otras
2025-09-19 20:11:37,payment udemy online #6444,109630.37,educacion
2025-08-26 20:24:23,AUT Cajero Davivienda #1234,21675.68,otras
2026-05-04 02:47:29,LABORATORIO SYNLAB,840650.29,salud
2025-11-04 11:34:18,aut mercadolibre #7785,5824.18,otras
2026-06-28 00:16:28,drogas la rebaja #5805,5492.06,salud
2026-07-30 08:31:14,tda acueducto agua #2999,32840.77,servicios
2026-01-04 01:47:47,COMPRA COURSERA COURSE,62836.6,educacion
2026-03-26 03:20:18,TDA CREPES AND WAFFLES #5415,46763.31,alimentacion
2026-07-19 04:05:11,POS Bar El Cervecero #3285,20104.89,ocio
2025-12-27 18:06:16,PAYMENT Homecenter,1576098.14,vivienda
2026-05-09 10:30:44,Texaco #7408,4644.77,transporte
2026-08-06 05:28:23,POS DIDI RIDE #8860,10926.58,transporte
2026-04-23 20:29:04,pago en udemy online,165134.16,educacion
2026-02-26 03:08:08,PAYMENT UBER #5442,36077.23,transporte
2026-07-06 17:00:08,tda libreria panamericana #3649,1372493.15,educacion
2026-03-26 22:40:45,TDA BOLETAS TUBOLETO #8925,26081.79,ocio
2026-02-27 22:42:28,TDA INMOBILIARIA BOGOTA,704981.5,vivienda
2026-01-02 21:07:40,TDA TRANSMILENIO CARD #4053,8091.81,transporte
2026-08-01 20:46:35,pago en supermercado exito,23122.65,alimentacion
2026-07-14 20:54:39,TDA UDEMY ONLINE #9904,48472.73,educacion
2026-06-24 17:51:36,pago en cinemark #3749,21134.53,ocio
2026-02-03 21:05:06,AUT EPS Sanitas #1625,65036.06,salud
2026-04-17 08:15:16,payment estacion texaco,5479.21,transporte
2026-07-22 20:30:00,AUT Supermercado Exito #7078,25623.85,alimentacion
2026-03-26 11:19:48,payment panaderia kuty,73279.64,alimentacion
2025-10-05 19:57:50,Platzi Subscripcion #7090,150541.61,educacion
2025-12-11 06:07:19,pos recarga celular claro #7744,37842.45,servicios
2025-10-02 05:36:32,POS PENSION COLEGIO #7780,156295.86,educacion
2025-11-14 23:32:45,tda oxxo #5746,133404.96,alimentacion
2026-04-08 00:44:03,pos libreria panamericana #7958,131039.18,educacion
2025-12-23 22:50:27,COMPRA PLAYSTATION NETWORK #210,10196.34,ocio
2025-11-12 10:28:26,POS D1 #8618,17455.25,alimentacion
2026-08-10 14:39:19,PAGO EN TALLER AUTOMOTRIZ CENTRAL #7230,22576.13,transporte
2026-01-16 01:28:58,pago en consultorio odontologico,3345.01,salud
2026-01-03 10:21:47,PAGO EN AMAZON MARKETPLACE,18319.31,otras
2026-07-22 06:11:55,Coursera Course #8391,77110.3,educacion
2025-12-07 07:26:33,POS DROGAS LA REBAJA #720,10927.98,salud
2026-03-12 23:38:09,OPTICA HP,17657.35,salud
2025-11-19 04:26:28,coursera course #2474,260820.85,educacion
2026-08-14 07:32:05,PAPELERIA COMERCIAL #8808,27742.25,otras
2026-02-27 15:13:15,COMPRA LIBRERIA PANAMERICANA #2923,111540.83,educacion
2026-01-19 11:26:30,PAGO EN BAR EL CERVECERO #4658,16555.0,ocio
2025-09-08 10:26:40,COMPRA DROGUERIA CRUZ VERDE #168,54278.87,salud
2026-05-15 07:46:59,PAYMENT Bar El Cervecero #4629,31888.6,ocio
2026-03-31 18:16:42,COMPRA Cinemark,14565.35,ocio
2026-08-16 07:14:11,BAR EL CERVECERO,4813.84,ocio
2026-04-28 03:00:30,pago en homecenter #3634,1939766.14,vivienda
2025-08-29 23:16:02,PAYMENT Inmobiliaria Bogota #2833,910914.36,vivienda
2026-01-28 02:13:50,TDA CONSULTORIO ODONTOLOGICO #4667,25637.74,salud
2025-11-03 07:20:43,TDA Drogueria Cruz Verde #5825,12348.11,salud
2026-07-28 07:27:58,PAYMENT MERCADOLIBRE #7262,32725.64,otras
2025-10-10 12:42:32,COMPRA RAPPI COMIDA,33066.05,alimentacion
2026-03-17 21:40:07,TDA McDonalds #5436,127940.1,alimentacion
2025-12-23 10:37:30,ARA #4894,27536.68,alimentacion
2026-08-06 17:52:45,payment laboratorio synlab #5790,19513.88,salud
2025-11-16 22:33:23,COMPRA Laboratorio Synlab,131317.83,salud
2025-09-14 18:01:59,McDonalds #6017,76132.12,alimentacion
2026-08-03 15:21:15,COMPRA PAPELERIA COMERCIAL #8678,26072.89,otras
2026-05-17 11:43:35,netflix,21449.36,ocio
2025-12-29 17:57:33,TDA Easy #6797,713107.69,vivienda
2026-01-26 02:05:04,POS Cinepolis #3343,15735.99,ocio
2026-05-31 13:07:17,POS PAPELERIA COMERCIAL,70614.51,otras
2026-08-13 08:44:29,MATRICULA UNIMINUTO,209061.14,educacion
2026-07-28 02:43:05,PAGO EN Amazon Marketplace,18596.44,otras
2026-02-19 08:55:07,TDA Movistar Factura #3972,60561.67,servicios
2025-11-30 11:45:57,AUT TRANSFERENCIA NEQUI #5552,2069.67,otras
2025-09-02 15:29:56,AUT Laboratorio Synlab #1332,468494.97,salud
2025-08-31 06:15:42,Consultorio Odontologico,7505.9,salud
2026-03-02 13:39:34,PAYMENT ENEL CODENSA LUZ,18467.07,servicios
2026-04-27 00:01:29,PAYMENT EASY,711726.85,vivienda
2026-02-01 00:27:41,POS Platzi Subscripcion #5468,82803.3,educacion
2025-12-13 06:30:32,COMPRA Farmatodo #3467,148308.84,salud
2025-08-25 18:18:38,tda enel codensa luz #2254,14261.2,servicios
2025-08-27 16:04:49,COMPRA RECARGA CELULAR CLARO #7432,31459.62,servicios
2026-03-12 21:25:05,TDA Recarga Celular Claro #9809,19016.7,servicios
2026-07-17 12:58:14,AUT FERRETERIA EL MARTILLO #1316,870727.71,vivienda
2026-05-09 06:35:52,ETB Internet #8598,25877.69,servicios
2026-05-31 00:23:28,payment drogueria cruz verde #9639,54297.27,salud
2026-03-20 00:04:50,pago en recarga celular claro,19342.21,servicios
2025-09-06 16:25:44,Playstation Network,9348.35,ocio
2026-06-10 19:06:50,TDA HOMECENTER #304,866626.62,vivienda
2026-05-14 12:25:14,compra boletas tuboleto #666,25863.83,ocio
2026-01-31 07:42:47,PAGO EN ACUEDUCTO AGUA #3610,18789.1,servicios
2026-01-30 04:49:20,AUT Panaderia Kuty,18123.89,alimentacion
2025-10-09 22:33:30,aut recarga celular claro #159,38873.81,servicios
2026-02-03 12:27:41,TDA Coursera Course #3447,94939.52,educacion
2026-07-31 20:27:30,d1,70572.69,alimentacion
2026-08-03 08:09:12,PAGO EN STEAM GAMES,7086.47,ocio
2026-01-01 01:21:25,DAVIPLATA ENVIO #3350,3716.59,otras
2025-12-28 16:36:27,Amazon Marketplace #9259,12926.0,otras
2026-08-08 23:27:52,TDA INMOBILIARIA BOGOTA #8362,460555.4,vivienda
2025-11-17 22:21:08,aut pension colegio,89810.21,educacion
2025-09-22 03:51:41,PAYMENT CREPES AND WAFFLES #8098,21818.73,alimentacion
2025-08-21 08:06:52,TDA ACUEDUCTO AGUA,41965.8,servicios
2026-01-24 20:29:39,TRANSMILENIO CARD,13914.19,transporte
2026-06-05 16:53:49,PAYMENT Cajero Davivienda #1599,25603.25,otras
2026-03-26 01:02:30,POS INMOBILIARIA BOGOTA #6431,801772.94,vivienda
2026-06-24 19:27:21,PAYMENT CAJERO DAVIVIENDA #1038,26767.8,otras
2026-07-22 13:46:44,COMPRA INMOBILIARIA BOGOTA #8747,718932.34,vivienda
2025-11-22 11:53:26,COMPRA Ara,54637.76,alimentacion
2025-09-16 04:31:03,AUT Cajero Davivienda #1605,9940.22,otras
2025-10-05 15:31:21,POS Netflix #498,35581.91,ocio
2025-10-26 13:41:53,PAGO EN PEAJE CUNDINAMARCA #7530,14575.78,transporte
2025-09-03 09:56:22,AUT RECARGA CELULAR CLARO,12247.42,servicios
2025-12-31 05:34:55,POS SPOTIFY,15239.58,ocio
2026-04-28 21:26:06,AUT TALLER AUTOMOTRIZ CENTRAL,8382.8,transporte
2025-12-08 23:55:44,COMPRA CINEMARK #2883,21284.5,ocio
2026-04-09 19:55:43,COMPRA Carulla,212709.88,alimentacion
2026-02-19 08:15:54,Drogueria Cruz Verde #9275,20635.55,salud
2025-10-03 23:04:31,POS DIDI RIDE #4642,24321.96,transporte
2025-09-16 06:18:31,Recarga Celular Claro,9383.39,servicios
2025-11-22 14:28:02,PAYMENT RAPPI COMIDA #8143,52214.95,alimentacion
2025-11-05 09:12:29,pos platzi subscripcion,34103.1,educacion
2026-05-18 07:53:59,TDA MCDONALDS,22029.38,alimentacion
2026-06-29 08:06:50,COMPRA SPOTIFY,6180.16,ocio
2026-08-01 01:03:28,TDA PEAJE CUNDINAMARCA #2263,34854.45,transporte
2026-02-05 16:33:16,pago en gasolinera terpel,44648.41,transporte
2025-12-12 23:59:23,payment recarga celular claro #6050,27283.33,servicios
2026-06-16 10:30:51,COMPRA CINEMARK #2157,7294.69,ocio
2025-12-09 02:27:07,COMPRA Vanti Gas Natural #9709,69822.66,servicios
2025-11-20 06:36:28,pos drogas la rebaja #1629,21472.94,salud
2026-07-30 05:36:27,aut administracion conjunto,199342.68,vivienda
2025-12-19 06:25:32,COMPRA Spotify #3742,18414.11,ocio
2026-03-15 16:50:14,AUT EASY,375921.34,vivienda
2025-09-26 23:19:12,compra pension colegio,323298.25,educacion
2025-12-30 01:19:17,POS SUPERMERCADO EXITO,26771.41,alimentacion
2026-05-18 10:11:49,TDA MOVISTAR FACTURA #6007,38647.14,servicios
2026-02-22 06:13:45,AUT UDEMY ONLINE #2087,530619.47,educacion
2025-09-16 21:36:55,CINEPOLIS,5731.88,ocio
2026-08-06 15:21:35,PAGO EN LIBRERIA PANAMERICANA,50054.89,educacion
2026-07-10 05:05:51,udemy online,90146.8,educacion
2025-11-14 23:11:44,AUT CARULLA #9894,124248.77,alimentacion
2026-06-01 13:32:05,POS PAGO ARRIENDO APTO #5802,491378.69,vivienda
2025-11-07 06:57:37,TDA MCDONALDS #9829,22570.46,alimentacion
2026-01-09 01:22:16,POS CAJERO DAVIVIENDA #5728,35530.28,otras
2026-06-30 11:39:19,eps sanitas,25979.12,salud
2025-08-31 08:45:21,pago en cinepolis #6513,14865.05,ocio
2026-05-15 15:27:49,tda consultorio odontologico,8895.57,salud
2026-04-26 20:01:38,tda pension colegio,1407317.45,educacion
2025-09-30 19:13:34,tda acueducto agua,11984.56,servicios
2026-02-27 04:35:59,POS DAVIPLATA ENVIO #157,15966.49,otras
2025-11-30 09:48:37,POS TRANSFERENCIA NEQUI,21322.52,otras
2026-04-02 21:14:26,PAGO EN SPOTIFY #4939,50964.35,ocio
2025-12-12 02:29:44,TDA Pension Colegio,20134.4,educacion
2025-09-09 15:04:34,TDA Transferencia Nequi,160124.05,otras
2026-07-15 07:39:15,COMPRA PLATZI SUBSCRIPCION #4959,244901.7,educacion
2026-01-13 12:59:25,POS Bar El Cervecero,17889.46,ocio
2025-08-24 18:07:31,TDA JUMBO,16519.44,alimentacion
2026-01-13 19:45:58,AUT ETB INTERNET #7808,37899.18,servicios
2025-09-03 16:25:40,pago en boletas tuboleto #7457,8051.06,ocio
2025-11-05 07:59:19,PAYMENT PENSION COLEGIO,451347.8,educacion
2025-10-28 01:25:38,AUT CREPES AND WAFFLES,16699.77,alimentacion
2026-01-31 20:26:53,aut panaderia kuty #7155,33172.39,alimentacion
2025-09-06 17:32:24,compra transferencia nequi,12641.33,otras
2025-12-13 22:37:52,POS CAJERO DAVIVIENDA #7110,8204.82,otras
2026-03-15 18:02:56,compra drogas la rebaja #3412,110796.65,salud
2026-08-16 10:00:17,pago en uber,29199.68,transporte
2026-08-05 20:45:47,AUT FARMATODO #9537,185333.32,salud
2026-06-06 10:41:25,PAGO EN TALLER AUTOMOTRIZ CENTRAL #617,3634.08,transporte
2026-08-10 18:37:12,AUT HOMECENTER #9100,1381254.11,vivienda
2026-06-28 02:27:48,POS LABORATORIO SYNLAB #3445,771424.28,salud
2025-11-09 12:46:57,TDA ACUEDUCTO AGUA,20517.13,servicios
2025-12-27 20:16:37,aut optica hp #5899,394219.63,salud
2026-07-05 11:31:00,ESTACION TEXACO #6371,14230.67,transporte
2026-02-02 00:19:35,PAYMENT Libreria Panamericana,19017.38,educacion
2026-06-17 08:55:25,PAYMENT ENEL CODENSA LUZ #5926,22395.62,servicios
2026-08-13 01:18:42,AUT CINEPOLIS #5883,27826.46,ocio
2026-06-05 15:19:40,COMPRA Didi Ride,8481.49,transporte
2026-06-26 23:55:39,PAYMENT Drogas La Rebaja,25327.03,salud
2026-03-20 07:31:13,payment laboratorio synlab #2463,94173.43,salud
2026-05-24 13:25:13,PAGO EN CINEMARK #2608,13388.38,ocio
2025-12-07 01:22:45,POS Netflix #8972,20115.3,ocio
2026-02-13 10:36:06,AUT CINEMARK,15779.72,ocio
2026-03-27 19:29:15,COMPRA Oxxo #3461,53300.46,alimentacion
2026-03-26 03:24:48,compra oxxo #7195,25697.76,alimentacion
2025-11-26 10:45:33,AUT PANADERIA KUTY #969,43712.3,alimentacion
2026-01-12 12:20:06,pos matricula uniminuto,32440.16,educacion
2026-06-03 00:15:22,aut amazon marketplace #1167,79892.21,otras
2025-10-07 15:35:15,PAGO EN Gasolinera Terpel #8121,10189.9,transporte
2025-12-04 10:45:35,AUT TRANSFERENCIA NEQUI #8046,68107.83,otras
2025-12-01 23:58:17,tda platzi subscripcion #7251,74583.28,educacion
2025-11-22 11:59:08,compra didi ride #7210,21629.19,transporte
2025-12-10 07:43:59,POS Pension Colegio,54504.72,educacion
2026-03-27 05:19:15,payment bar el cervecero #5252,6560.38,ocio
2025-09-01 10:16:51,COMPRA MercadoLibre #3050,3847.73,otras
2025-12-01 22:49:32,TDA Pago Arriendo Apto #2842,387242.16,vivienda
2025-11-29 19:21:06,homecenter #1391,600582.13,vivienda
2025-11-22 17:23:52,payment oxxo #5361,43023.57,alimentacion
2026-06-28 02:36:39,POS DIDI RIDE,44772.14,transporte
2025-08-22 05:27:14,PAYMENT RAPPI COMIDA #3879,25422.61,alimentacion
2025-12-14 14:54:54,AMAZON MARKETPLACE,9118.31,otras
2026-05-01 01:19:41,pago en recarga celular claro,11320.51,servicios
2026-07-08 02:31:40,TALLER AUTOMOTRIZ CENTRAL #4491,27779.6,transporte
2026-07-12 14:34:52,TDA Homecenter #4201,1672644.91,vivienda
2026-02-05 19:02:30,COMPRA HOMECENTER #1203,1559378.9,vivienda
2025-08-24 03:22:55,PAGO EN TRANSMILENIO CARD #1329,34164.4,transporte
2025-08-20 21:07:33,POS Papeleria Comercial,41711.97,otras
2025-08-31 19:20:42,pos eps sanitas #4801,317231.21,salud
2026-02-19 22:18:25,payment drogueria cruz verde #7657,70635.6,salud
2026-07-11 08:07:38,PAGO EN Easy #4696,1074835.09,vivienda
2025-11-10 00:53:03,Bar El Cervecero,10672.77,ocio
2025-09-09 04:29:42,POS Daviplata Envio,5641.79,otras
2026-08-17 01:00:52,payment netflix #7856,8277.58,ocio
2025-12-02 19:06:19,aut supermercado exito,36050.38,alimentacion
2026-03-19 14:18:42,AUT PENSION COLEGIO #2141,106185.46,educacion
2025-09-11 07:22:24,AUT Playstation Network,51451.77,ocio
2025-10-26 06:20:20,PAYMENT Enel Codensa Luz #8775,28247.67,servicios
2026-06-10 21:51:59,AUT MATRICULA UNIMINUTO,406204.55,educacion
2025-11-26 05:32:26,PAGO EN Drogas La Rebaja,30376.21,salud
2025-10-05 20:14:40,aut laboratorio synlab,34792.48,salud
2026-04-19 05:37:21,PAGO EN DAVIPLATA ENVIO,5831.28,otras
2025-10-13 11:40:07,Daviplata Envio,10484.7,otras
2026-04-29 04:36:16,aut didi ride #1634,28977.74,transporte
2025-11-15 19:06:34,compra homecenter,732732.6,vivienda
2026-04-28 15:46:01,TDA FERRETERIA EL MARTILLO,1284349.82,vivienda
2025-10-27 23:49:50,COMPRA Panaderia Kuty #8695,41982.29,alimentacion
2026-03-02 05:24:36,aut administracion conjunto #1425,590383.59,vivienda
2026-03-30 15:25:05,PAGO EN AMAZON MARKETPLACE #7919,188772.31,otras
2025-09-02 17:29:57,Acueducto Agua #3931,25429.31,servicios
2026-05-23 00:42:12,COMPRA PAPELERIA COMERCIAL,70474.13,otras
2025-09-10 01:15:43,PAPELERIA COMERCIAL #9246,14746.94,otras
2025-11-26 01:00:36,tda spotify #6080,21954.33,ocio
2025-08-23 16:40:38,compra inmobiliaria bogota #6613,1272901.37,vivienda
2026-07-11 13:46:18,TDA RECARGA CELULAR CLARO #8351,30488.21,servicios
2026-03-15 07:43:24,payment mercadolibre #2631,2091.25,otras
2025-09-03 19:23:14,POS Coursera Course #6877,100901.79,educacion
2025-11-16 13:58:41,aut coursera course #5646,432160.38,educacion
2025-09-28 19:55:20,POS FERRETERIA EL MARTILLO #8898,1000978.42,vivienda
2026-03-02 07:26:56,aut homecenter,953126.89,vivienda
2025-09-30 09:22:58,Spotify,4001.48,ocio
2025-09-16 12:20:00,compra optica hp,22192.27,salud
2025-11-04 16:15:12,payment didi ride #4194,26113.87,transporte
2026-03-26 22:38:25,AUT HOMECENTER #2535,933064.83,vivienda
2026-07-05 10:34:11,PAYMENT Drogueria Cruz Verde #5023,186490.1,salud
2026-01-25 23:33:48,RECARGA CELULAR CLARO,24663.51,servicios
2026-04-23 17:15:56,POS FARMATODO,76604.15,salud
2026-07-23 13:59:16,tda carulla #6419,36794.34,alimentacion
2025-10-12 00:02:32,TDA Didi Ride,7418.64,transporte
2025-12-22 06:01:24,PAGO EN ARA #2696,5975.16,alimentacion
2026-06-19 12:40:12,COMPRA HOMECENTER #7414,944684.05,vivienda
2025-12-25 12:44:19,compra boletas tuboleto #7451,15089.63,ocio
2026-07-31 22:44:48,POS ETB Internet #3726,18566.14,servicios
2026-01-09 23:02:51,PAYMENT OPTICA HP #6772,8257.77,salud
2025-12-09 15:18:40,aut movistar factura,39255.38,servicios
2025-08-29 12:51:11,PAYMENT UBER #9637,14195.38,transporte
2026-01-07 11:16:03,pago en playstation network #6864,19728.36,ocio
2025-12-08 09:34:27,compra libreria panamericana,924361.25,educacion
2026-08-06 13:42:51,compra easy #6187,201822.01,vivienda
2025-08-27 08:27:04,pago en transmilenio card #5714,9608.08,transporte
2026-04-10 23:05:31,PAYMENT PAPELERIA COMERCIAL,17865.46,otras
2026-06-27 05:52:11,aut consultorio odontologico #5657,242876.6,salud
2026-03-03 19:24:36,AUT Recarga Celular Claro,10078.48,servicios
2026-06-16 16:42:57,PAGO EN Homecenter #9366,2330321.07,vivienda
2026-03-02 19:02:49,PAYMENT FERRETERIA EL MARTILLO #2238,791364.18,vivienda
2026-05-21 06:35:51,compra cinepolis #6488,12491.45,ocio
2026-08-17 11:19:09,POS Jumbo,30994.1,alimentacion
2026-01-11 13:29:12,pago en laboratorio synlab,30336.61,salud
2025-08-30 02:17:40,Peaje Cundinamarca #155,46318.89,transporte
2026-05-26 11:40:35,payment papeleria comercial #2751,7566.45,otras
2026-01-12 10:27:29,D1,47874.17,alimentacion
2025-09-16 21:36:18,compra ara #1575,26706.3,alimentacion
2026-08-15 18:06:12,acueducto agua #257,17029.8,servicios
2026-03-25 00:22:37,PAGO EN ENEL CODENSA LUZ,126954.64,servicios
2026-03-28 12:36:24,aut recarga celular claro,34593.82,servicios
2026-03-18 08:20:49,rappi comida,59314.7,alimentacion
2026-01-26 19:14:02,POS EASY #5080,1443622.4,vivienda
2026-05-29 02:55:32,AUT Cajero Davivienda #5981,5316.92,otras
2026-07-12 14:36:13,PAGO EN PEAJE CUNDINAMARCA #6078,87296.24,transporte
2026-06-23 10:15:35,payment coursera course #2532,4862.22,educacion
2026-04-10 05:02:45,TDA Panaderia Kuty #152,19633.39,alimentacion
2026-04-30 10:36:48,Recarga Celular Claro,20426.35,servicios
2026-03-07 12:19:40,AUT Daviplata Envio,39407.97,otras
2025-12-18 12:32:02,POS Matricula Uniminuto #208,128343.04,educacion
2025-11-01 04:11:47,vanti gas natural #1195,24340.85,servicios
2025-12-09 06:00:41,PAYMENT Inmobiliaria Bogota #441,724184.59,vivienda
2025-12-23 02:00:23,PAGO EN DROGAS LA REBAJA,16716.89,salud
2026-06-23 17:43:12,AUT PAPELERIA COMERCIAL #1486,4928.39,otras
2025-11-15 02:30:08,EASY #7498,1127943.9,vivienda
2025-12-17 16:44:46,PAGO EN BAR EL CERVECERO #373,21711.43,ocio
2025-10-01 06:12:31,administracion conjunto,1887373.29,vivienda
2025-11-19 01:09:39,compra spotify,7684.71,ocio
2026-05-29 00:37:13,tda coursera course #7230,226698.96,educacion
2026-01-04 23:25:18,pos etb internet #1989,22692.19,servicios
2026-01-01 03:10:45,PAGO EN CINEPOLIS #421,30740.38,ocio
2026-03-01 19:23:00,AUT ADMINISTRACION CONJUNTO #5566,1346713.4,vivienda
2026-08-07 15:27:57,AUT Recarga Celular Claro,30537.96,servicios
2026-04-28 03:55:16,COMPRA Jumbo,27677.52,alimentacion
2026-04-09 11:29:27,AUT INMOBILIARIA BOGOTA,1298290.95,vivienda
2026-02-07 19:07:48,TDA INMOBILIARIA BOGOTA #3332,1075334.91,vivienda
2025-11-14 15:59:39,BAR EL CERVECERO #9874,8274.15,ocio
2026-07-04 22:17:48,COMPRA Rappi Comida #6446,12553.58,alimentacion
2026-08-11 22:45:08,COMPRA Daviplata Envio #3536,16505.8,otras
2025-11-20 13:29:16,playstation network #3345,38591.59,ocio
2026-05-06 05:33:36,POS CABIFY,50606.66,transporte
2026-05-03 01:06:27,PAYMENT Uber #8017,6626.99,transporte
2026-04-09 14:32:22,pago en mercadolibre,6851.63,otras
2026-06-22 12:21:36,COMPRA EASY,1567214.36,vivienda
2025-12-28 02:07:29,compra vanti gas natural #9755,13610.79,servicios
2025-10-02 05:56:57,Bar El Cervecero #2037,19082.11,ocio
2026-01-23 01:58:01,PAGO EN Crepes and Waffles #491,22184.36,alimentacion
2026-03-01 13:37:40,COMPRA PLATZI SUBSCRIPCION #8756,687250.35,educacion
2026-03-29 03:15:49,AUT AMAZON MARKETPLACE #2083,10194.21,otras
2026-04-20 02:58:54,payment vanti gas natural #9044,53424.08,servicios
2026-08-01 21:51:51,acueducto agua #7946,30058.93,servicios
2026-07-23 19:08:17,POS FERRETERIA EL MARTILLO,848577.68,vivienda
2025-08-23 11:01:46,aut administracion conjunto #4774,223644.91,vivienda
2025-10-03 08:16:43,pago en platzi subscripcion #3151,7019.9,educacion
2025-11-27 17:17:18,PAGO EN Daviplata Envio #5729,17666.65,otras
2026-05-20 17:00:16,PAYMENT MERCADOLIBRE #9956,28195.17,otras
2026-06-01 22:20:45,COMPRA Papeleria Comercial #4642,7149.53,otras
2025-10-05 12:33:33,POS CAJERO DAVIVIENDA,7415.34,otras
2026-07-07 06:34:12,PAYMENT DIDI RIDE,29891.38,transporte
2025-08-26 17:30:08,pos laboratorio synlab #6881,91047.8,salud
2025-10-21 06:23:52,AUT GASOLINERA TERPEL,15931.17,transporte
2025-10-07 20:17:42,PAYMENT AMAZON MARKETPLACE #7795,48059.82,otras
2026-07-20 02:21:07,aut uber,6268.03,transporte
2026-08-09 04:37:55,payment drogas la rebaja,33139.18,salud
2026-08-03 14:45:45,Papeleria Comercial #6562,114448.2,otras
2026-01-02 01:23:31,taller automotriz central #8599,19177.44,transporte
2026-01-20 16:18:57,tda vanti gas natural #8742,29021.36,servicios
2026-03-21 17:30:33,MOVISTAR FACTURA #9303,107319.75,servicios
2026-05-20 22:36:44,POS UBER,5118.37,transporte
2025-10-02 15:52:54,pago en movistar factura,43384.53,servicios
2026-07-31 23:03:52,pos enel codensa luz,73012.93,servicios
2026-04-04 03:25:10,AUT Steam Games #596,10642.38,ocio
2026-04-13 21:50:57,PAGO EN Homecenter #4170,1221730.03,vivienda
2026-05-24 21:38:47,POS STEAM GAMES #7719,6718.27,ocio
2025-09-15 01:52:06,TDA Restaurante Don Jediondo #1349,20965.09,alimentacion
2026-08-10 00:12:43,AUT Administracion Conjunto #249,918943.44,vivienda
2026-02-07 18:27:10,POS OPTICA HP #6413,117998.05,salud
2026-04-19 10:13:31,pago en libreria panamericana #7084,378936.46,educacion
2026-06-01 02:14:45,POS Supermercado Exito,127478.48,alimentacion
2025-12-07 18:50:01,INMOBILIARIA BOGOTA,700487.69,vivienda
2026-05-16 07:58:39,PAGO EN MATRICULA UNIMINUTO,413467.46,educacion
2026-05-29 06:37:49,pago en playstation network #4472,10513.2,ocio
2026-05-25 11:53:14,payment eps sanitas #1626,132230.31,salud
2026-08-08 07:22:12,PAYMENT EPS Sanitas,61588.95,salud
2025-09-18 23:25:10,compra pago arriendo apto #5485,953034.84,vivienda
2026-07-31 06:02:03,POS PENSION COLEGIO #4486,164096.42,educacion
2026-04-04 22:45:45,PAYMENT PLAYSTATION NETWORK,4344.68,ocio
2026-01-08 01:55:10,Laboratorio Synlab,14235.1,salud
2026-04-26 15:20:09,TDA CINEPOLIS #1170,14353.93,ocio
2026-01-11 18:28:20,PAGO EN Transmilenio Card #8076,3949.91,transporte
2026-02-03 18:22:21,PAYMENT CONSULTORIO ODONTOLOGICO #2402,122312.22,salud
2026-03-02 23:34:00,TDA ENEL CODENSA LUZ,45384.85,servicios
2026-04-02 19:45:21,POS ETB INTERNET #1108,32738.35,servicios
2026-06-13 15:23:10,payment libreria panamericana #2943,25710.1,educacion
2025-11-15 15:17:53,POS Libreria Panamericana #9963,517190.59,educacion
2026-02-25 00:16:24,AUT CONSULTORIO ODONTOLOGICO,460897.85,salud
2025-09-05 04:31:16,COMPRA Libreria Panamericana,117770.39,educacion
2026-03-06 11:33:01,STEAM GAMES #7141,19098.69,ocio
2026-03-30 14:50:08,TDA ETB INTERNET #8475,30364.92,servicios
2026-07-11 05:42:17,pago en ferreteria el martillo,1002714.63,vivienda
2025-12-06 05:14:05,COMPRA CINEMARK,12287.14,ocio
2026-01-13 14:12:57,tda rappi comida #1545,35325.08,alimentacion
2026-06-07 12:59:40,pago en cinepolis,25184.96,ocio
2025-10-12 01:08:01,pago en consultorio odontologico #5765,647055.0,salud
2026-06-29 13:21:19,PAYMENT STEAM GAMES,5013.8,ocio
2026-07-26 02:51:41,AUT MCDONALDS #7157,33421.34,alimentacion
2025-11-07 06:07:52,COMPRA PLAYSTATION NETWORK,5846.96,ocio
2026-03-07 01:08:01,COMPRA INMOBILIARIA BOGOTA #8867,1895920.33,vivienda
2026-03-28 19:07:04,PENSION COLEGIO #4200,48762.38,educacion
2025-12-17 12:33:41,POS LABORATORIO SYNLAB,10021.41,salud
2025-12-30 07:56:26,AUT Supermercado Exito,60509.13,alimentacion
2025-10-20 17:52:45,AUT Inmobiliaria Bogota #883,2077314.83,vivienda
2025-12-07 05:20:15,POS DAVIPLATA ENVIO,42770.24,otras
2026-02-22 10:13:07,POS FERRETERIA EL MARTILLO,824785.58,vivienda
2025-11-12 06:51:32,TDA LIBRERIA PANAMERICANA,161291.59,educacion
2025-12-07 11:15:44,AUT CONSULTORIO ODONTOLOGICO #6463,232425.43,salud
2026-04-09 20:21:38,Bar El Cervecero,7244.95,ocio
2026-08-11 11:33:26,AUT MOVISTAR FACTURA #8256,25157.01,servicios
2026-05-03 06:03:23,AUT Playstation Network,9731.44,ocio
2025-10-11 04:41:21,COMPRA Ferreteria El Martillo,361957.04,vivienda
2025-11-05 18:21:45,POS INMOBILIARIA BOGOTA #5852,598974.82,vivienda
2026-07-09 04:32:03,AUT Playstation Network #3160,29010.26,ocio
2026-06-06 14:17:39,PANADERIA KUTY #8001,57141.26,alimentacion
2025-08-28 01:21:59,payment ferreteria el martillo #298,1073662.54,vivienda
2026-08-02 22:44:22,aut transmilenio card #6020,20574.92,transporte
2026-07-29 07:51:10,udemy online,184977.33,educacion
2026-03-14 08:11:05,RAPPI COMIDA #6973,19139.85,alimentacion
2025-08-20 00:34:05,TDA Boletas Tuboleto #3527,10757.33,ocio
2026-07-06 17:56:57,aut transferencia nequi,26688.93,otras
2026-01-07 22:48:45,playstation network #9598,16224.23,ocio
2025-12-04 21:21:39,COMPRA Panaderia Kuty #5693,46917.7,alimentacion
2026-01-30 01:44:13,PAGO EN Drogueria Cruz Verde #9691,42101.19,salud
2026-02-06 04:30:41,COMPRA Cajero Davivienda #6635,15101.91,otras
2025-10-05 10:30:56,PAYMENT UDEMY ONLINE #2848,4365859.08,educacion
2025-12-09 23:29:59,LIBRERIA PANAMERICANA #4505,293063.54,educacion
2026-05-22 14:23:14,TDA DAVIPLATA ENVIO #8026,33294.5,otras
2026-08-09 09:51:27,POS Carulla #3308,30134.72,alimentacion
2026-02-06 00:36:01,aut daviplata envio,14027.59,otras
2026-02-24 23:55:11,Acueducto Agua,24872.54,servicios
2025-09-20 04:04:28,TDA RECARGA CELULAR CLARO,32070.67,servicios
2025-12-03 13:49:00,payment enel codensa luz #578,8705.75,servicios
2026-05-04 03:19:33,COMPRA ADMINISTRACION CONJUNTO #6986,284465.21,vivienda
2026-01-01 19:21:54,COMPRA RESTAURANTE DON JEDIONDO #3258,21818.08,alimentacion
2026-06-02 11:36:51,TDA CARULLA #8699,42860.74,alimentacion
2026-05-26 21:56:47,COMPRA Cabify,14539.93,transporte
2025-12-22 11:23:04,PAGO EN Rappi Comida #6378,118479.71,alimentacion
2026-03-02 08:35:18,POS Pension Colegio #496,16665.96,educacion
2025-12-02 15:57:30,LABORATORIO SYNLAB,21450.86,salud
2026-04-19 08:17:10,COMPRA DAVIPLATA ENVIO #5026,100719.2,otras
2026-03-04 14:29:54,PAYMENT PLATZI SUBSCRIPCION #6338,115536.66,educacion
2026-06-15 05:02:04,payment recarga celular claro #3981,45748.1,servicios
2026-05-18 22:23:23,AUT MERCADOLIBRE,171312.89,otras
2025-12-17 16:41:10,aut matricula uniminuto #1082,42934.66,educacion
2026-02-01 17:49:02,TDA Restaurante Don Jediondo #8833,33541.83,alimentacion
2026-08-14 12:44:40,PAYMENT Texaco #5749,14112.49,transporte
2026-06-21 20:54:04,tda udemy online,9456.79,educacion
2025-12-18 18:00:46,payment bar el cervecero,10750.66,ocio
2026-07-10 05:09:02,D1,73485.97,alimentacion
2026-05-01 04:37:37,PAGO EN Papeleria Comercial,37819.86,otras
2025-08-31 06:35:53,AUT Udemy Online,207502.74,educacion
2026-04-18 01:09:55,crepes and waffles,26892.23,alimentacion
2025-11-20 22:31:37,easy,492052.97,vivienda
2026-04-02 03:33:40,compra enel codensa luz #804,57615.87,servicios
2026-07-22 03:08:39,Platzi Subscripcion #4434,54351.06,educacion
2026-05-05 22:29:59,AUT ARA,45948.0,alimentacion
2025-11-28 11:05:24,POS Transferencia Nequi #6533,25934.64,otras
2025-10-15 05:54:13,PAGO EN CAJERO DAVIVIENDA #5788,95008.06,otras
2026-06-29 12:15:09,Enel Codensa Luz,48187.14,servicios
2026-05-29 07:43:34,compra ferreteria el martillo #1805,335321.42,vivienda
2025-12-05 04:27:53,TDA Optica HP #3253,13275.71,salud
2025-11-02 13:16:45,POS Netflix #2971,20035.02,ocio
2026-07-23 14:05:19,compra easy,701795.56,vivienda
2026-03-05 22:46:04,AUT Ara,25231.86,alimentacion
2026-06-04 11:47:16,TDA Restaurante Don Jediondo #7132,81838.44,alimentacion
2025-08-18 16:14:59,compra texaco,21348.0,transporte
2025-09-12 13:21:55,TDA PLATZI SUBSCRIPCION,105129.57,educacion
2026-03-22 00:55:55,PAYMENT PLAYSTATION NETWORK #1737,23060.58,ocio
2025-11-06 10:14:37,aut peaje cundinamarca #9351,12866.75,transporte
2025-10-25 14:35:50,PAYMENT Taller Automotriz Central,73988.66,transporte
2026-01-26 19:58:21,pos netflix #6952,7695.31,ocio
2025-11-27 14:28:14,POS Transferencia Nequi #207,42485.97,otras
2026-01-12 03:00:24,TDA Acueducto Agua #6967,63595.61,servicios
2026-04-01 04:46:39,PAGO EN MATRICULA UNIMINUTO #3953,18906.2,educacion
2026-04-22 02:22:34,aut udemy online #3236,65381.71,educacion
2026-02-21 11:49:27,pago en pension colegio #7626,388733.33,educacion
2026-04-29 13:34:42,aut acueducto agua,53870.95,servicios
2026-07-24 08:58:10,PAYMENT PAPELERIA COMERCIAL,18555.18,otras
2026-07-09 22:15:39,PAYMENT CINEMARK,7988.28,ocio
2026-07-23 06:24:01,compra easy,1294404.75,vivienda
2026-05-03 20:25:50,papeleria comercial #4442,71937.22,otras
2026-02-23 19:38:41,PAGO EN Crepes and Waffles,14303.64,alimentacion
2026-01-16 18:06:27,papeleria comercial #1699,6608.33,otras
2026-01-03 03:07:04,TDA ETB INTERNET,30796.43,servicios
2026-02-20 05:18:29,TDA INMOBILIARIA BOGOTA #8149,1064074.94,vivienda
2025-09-23 22:11:59,tda recarga celular claro #5745,22483.98,servicios
2025-09-30 01:47:06,Pago Arriendo Apto,1096436.89,vivienda
2026-01-27 09:20:41,COMPRA Peaje Cundinamarca,9517.4,transporte
2025-12-21 19:21:55,COMPRA MCDONALDS #8437,6689.17,alimentacion
2026-05-01 16:37:48,POS Vanti Gas Natural,20861.47,servicios
2025-10-01 09:57:28,AUT Inmobiliaria Bogota #5856,757621.57,vivienda
2026-02-13 22:05:52,COMPRA ADMINISTRACION CONJUNTO #9396,618155.93,vivienda
2026-04-30 23:48:11,payment administracion conjunto #8657,363974.12,vivienda
2025-12-30 10:06:43,PAYMENT ADMINISTRACION CONJUNTO #4369,245391.61,vivienda
2026-01-19 00:54:22,payment vanti gas natural #8894,19762.6,servicios
2025-10-06 04:01:50,POS PENSION COLEGIO,289869.74,educacion
2026-07-09 16:56:19,AUT PENSION COLEGIO,445715.85,educacion
2026-04-07 20:43:08,pago en easy #496,1487530.66,vivienda
2026-05-11 07:49:03,laboratorio synlab #6991,19980.25,salud
2025-08-28 16:23:43,PAGO EN Restaurante Don Jediondo #8721,14429.57,alimentacion
2025-11-29 11:40:35,PAYMENT MOVISTAR FACTURA #3470,36242.25,servicios
2025-11-08 23:22:47,AUT Drogas La Rebaja #9281,98578.65,salud
2025-09-10 01:10:20,COMPRA Vanti Gas Natural #4296,34204.13,servicios
2026-06-13 04:07:47,pago en papeleria comercial #7761,2939.33,otras
2025-11-27 00:46:57,Optica HP #6668,18890.74,salud
2025-12-18 18:51:45,acueducto agua #1981,26428.2,servicios
2026-01-16 10:21:21,PAYMENT DROGUERIA CRUZ VERDE #7659,83779.2,salud
2026-01-29 13:35:22,TDA NETFLIX #5469,22859.34,ocio
2025-11-26 16:20:21,TDA TRANSFERENCIA NEQUI,25444.47,otras
2025-11-29 15:20:34,OXXO,47317.1,alimentacion
2026-05-27 05:38:18,payment cinepolis #5218,14177.42,ocio
2025-12-27 09:59:52,COMPRA MATRICULA UNIMINUTO #4191,224749.84,educacion
2026-07-01 07:38:49,POS AMAZON MARKETPLACE #3948,30117.62,otras
2025-12-15 05:58:21,COMPRA Coursera Course,106818.37,educacion
2026-01-23 14:09:55,pago en drogas la rebaja #8965,36490.03,salud
2026-03-27 18:35:05,TDA Recarga Celular Claro #6073,28247.91,servicios
2026-03-13 14:26:57,PAYMENT MATRICULA UNIMINUTO #5881,176576.53,educacion
2026-06-16 04:23:46,pos didi ride #9581,22942.08,transporte
2025-09-29 06:39:39,POS Panaderia Kuty #7677,49249.83,alimentacion
2026-04-11 15:03:38,Estacion Texaco #3955,60382.2,transporte
2025-10-06 14:49:09,pago en steam games #234,16084.55,ocio
2026-03-15 01:26:27,PAYMENT EPS Sanitas #7348,24007.02,salud
2026-05-24 22:06:16,PAYMENT Cabify,39944.49,transporte
2026-06-25 01:28:30,POS FERRETERIA EL MARTILLO,321348.34,vivienda
2025-09-21 11:39:40,PAGO EN CAJERO DAVIVIENDA #4235,7469.52,otras
2025-12-24 20:54:54,compra panaderia kuty #8912,47509.16,alimentacion
2026-06-11 05:55:51,AUT Farmatodo,86511.82,salud
2025-09-11 01:58:46,AUT MATRICULA UNIMINUTO,22157.66,educacion
2025-09-05 13:09:50,COMPRA MATRICULA UNIMINUTO,62356.24,educacion
2025-11-07 04:06:21,pago en enel codensa luz #6915,18701.33,servicios
2026-03-13 09:24:43,AUT DAVIPLATA ENVIO #2862,13538.92,otras
2025-10-17 09:43:29,PAYMENT ENEL CODENSA LUZ #6883,47389.63,servicios
2026-01-18 01:01:01,POS RESTAURANTE DON JEDIONDO #9008,63908.29,alimentacion
2025-11-14 11:59:49,TRANSMILENIO CARD #321,17726.04,transporte
2026-06-24 14:57:58,pos inmobiliaria bogota #3296,525666.81,vivienda
2026-08-06 02:21:12,PAYMENT Laboratorio Synlab,11107.61,salud
2025-12-24 04:16:07,tda optica hp,233795.82,salud
2025-11-09 04:07:24,POS D1 #1106,58319.46,alimentacion
2026-05-29 05:36:59,AUT Peaje Cundinamarca,9547.15,transporte
2026-08-17 12:00:31,AUT EASY #6515,1123275.69,vivienda
2025-08-31 10:41:17,POS Steam Games #1210,12718.89,ocio
2026-06-06 16:41:25,pos rappi comida,28862.9,alimentacion
2025-09-26 06:00:26,TDA EPS Sanitas #2830,79120.93,salud
2026-01-18 23:29:25,TDA PENSION COLEGIO #3649,40546.39,educacion
2025-09-02 20:34:16,AUT ADMINISTRACION CONJUNTO #6497,593472.46,vivienda
2025-12-05 09:01:56,TDA PAPELERIA COMERCIAL #5405,24871.08,otras
2025-08-26 20:25:07,AUT Gasolinera Terpel #3863,11504.5,transporte
2026-04-19 16:58:08,bar el cervecero #5808,21340.45,ocio
2025-11-21 11:31:46,tda laboratorio synlab #6653,383070.05,salud
2025-12-01 05:56:23,POS PEAJE CUNDINAMARCA,9146.55,transporte
2025-10-04 10:52:46,pago en playstation network #2550,4164.75,ocio
2026-04-28 22:03:34,TDA Didi Ride #1035,2976.29,transporte
2025-10-07 09:15:14,payment matricula uniminuto #5469,82408.04,educacion
2026-07-23 21:09:03,POS Consultorio Odontologico #9861,23635.83,salud
2026-07-18 04:42:55,PAGO EN Didi Ride,21743.59,transporte
2025-09-16 03:43:44,AUT Texaco,20319.53,transporte
2026-03-01 08:48:57,COMPRA Papeleria Comercial #5624,4432.78,otras
2026-05-17 15:26:23,TDA COURSERA COURSE #9715,11182.88,educacion
2026-01-25 18:04:02,crepes and waffles #3112,46016.1,alimentacion
2025-08-23 03:50:54,TDA Enel Codensa Luz #462,29180.54,servicios
2026-07-05 20:57:00,COMPRA Papeleria Comercial,14388.46,otras
2026-04-09 08:15:33,PAYMENT OXXO,9645.87,alimentacion
2025-09-23 13:05:51,cajero davivienda #5372,35291.28,otras
2026-04-02 20:49:37,AUT Consultorio Odontologico #5733,198608.24,salud
2025-10-31 21:18:13,AUT BOLETAS TUBOLETO #9065,16229.53,ocio
2026-07-17 03:43:48,POS SUPERMERCADO EXITO #9309,18435.27,alimentacion
2026-06-18 05:02:52,HOMECENTER #3167,749177.56,vivienda
2026-01-29 13:09:19,TDA Udemy Online #2318,19161.59,educacion
2026-06-02 04:12:43,AUT CINEMARK,28017.16,ocio
2025-12-12 18:43:27,PAGO EN Daviplata Envio,23905.03,otras
2026-02-11 15:45:20,pago en crepes and waffles,8826.15,alimentacion
2025-09-25 03:31:21,daviplata envio #7951,16306.61,otras
2026-04-29 05:16:50,COMPRA Amazon Marketplace,35006.94,otras
2026-02-16 12:12:53,payment administracion conjunto #8891,597298.0,vivienda
2025-12-08 12:59:09,POS Gasolinera Terpel,14068.5,transporte
2025-09-22 13:50:57,tda administracion conjunto #1418,349884.6,vivienda
2026-01-22 05:43:18,POS PENSION COLEGIO,194823.48,educacion
2025-12-03 14:47:34,oxxo,21616.77,alimentacion
2025-12-05 21:27:33,COMPRA Playstation Network #7189,2952.74,ocio
2026-03-12 12:15:56,Laboratorio Synlab #5739,32585.31,salud
2025-11-20 10:24:47,pago en bar el cervecero #8438,26550.53,ocio
2025-08-24 02:52:38,AUT Boletas Tuboleto #7082,10189.87,ocio
2026-05-26 23:46:19,PAYMENT COURSERA COURSE #6667,794590.35,educacion
2026-01-09 04:36:42,COMPRA TRANSFERENCIA NEQUI #980,33825.42,otras
2026-05-21 22:48:05,PAYMENT STEAM GAMES,16934.88,ocio
2026-02-09 01:54:36,PAGO EN PAGO ARRIENDO APTO #8451,675332.9,vivienda
2026-03-29 20:40:19,TDA LIBRERIA PANAMERICANA,90949.21,educacion
2026-01-18 18:00:09,pago en transferencia nequi,16925.5,otras
2026-02-07 01:34:54,POS PLATZI SUBSCRIPCION #6418,68684.36,educacion
2026-02-18 14:36:07,pos homecenter #5586,1003014.27,vivienda
2025-09-28 17:55:05,POS TRANSMILENIO CARD #2076,7767.87,transporte
2025-12-16 01:32:18,TDA CAJERO DAVIVIENDA,7510.87,otras
2025-10-12 06:29:24,compra pension colegio #1790,25646.59,educacion
2025-09-18 21:58:31,COMPRA Easy #7640,2489002.86,vivienda
2026-03-23 06:16:33,POS Papeleria Comercial #195,37434.31,otras
2025-11-06 02:10:47,TDA VANTI GAS NATURAL,32295.89,servicios
2026-04-04 21:25:21,pos homecenter,386733.54,vivienda
2025-09-19 00:20:42,aut crepes and waffles #2643,59794.79,alimentacion
2026-01-21 00:29:43,tda pension colegio #4545,85829.19,educacion
2026-07-08 21:49:38,PAGO EN EASY,829436.11,vivienda
2026-03-08 16:56:21,aut easy #6505,405967.27,vivienda
2026-07-09 12:33:01,TDA TRANSMILENIO CARD #7626,20831.93,transporte
2026-06-08 19:34:45,AUT Cinepolis #1431,9930.01,ocio
2025-09-09 07:44:23,PAGO EN ETB Internet #1203,16994.3,servicios
2025-11-23 07:28:39,TDA MercadoLibre #553,45894.76,otras
2025-12-16 09:24:56,POS EASY #6979,289924.35,vivienda
2025-12-26 15:36:26,PAGO EN Playstation Network #8808,19837.78,ocio
2025-08-31 14:44:24,aut platzi subscripcion #7338,224444.41,educacion
2026-05-12 00:22:05,AUT BAR EL CERVECERO,7217.4,ocio
2026-04-06 23:00:50,aut eps sanitas #669,19883.36,salud
2026-07-21 20:44:30,homecenter #8623,638058.08,vivienda
2025-11-29 13:44:11,AUT ADMINISTRACION CONJUNTO,863908.14,vivienda
2025-11-06 16:33:20,PAGO EN EASY #2925,665495.4,vivienda
2026-06-22 01:32:47,TDA CINEPOLIS #5793,18096.86,ocio
2026-03-17 07:42:02,POS Transferencia Nequi,128409.5,otras
2025-12-16 23:58:01,Cajero Davivienda #1782,13257.03,otras
2025-11-16 23:41:41,COMPRA COURSERA COURSE #6844,12604.18,educacion
2026-02-12 14:44:38,pos papeleria comercial #1732,50308.21,otras
2026-02-21 00:17:49,AUT JUMBO,139616.08,alimentacion
2026-03-20 21:37:23,recarga celular claro,34052.58,servicios
2026-05-29 03:08:46,pago en administracion conjunto #4684,379781.28,vivienda
2026-08-10 04:56:04,TDA Jumbo,32888.76,alimentacion
2026-01-29 18:16:31,COMPRA MOVISTAR FACTURA,13751.26,servicios
2025-09-16 12:50:19,tda peaje cundinamarca #9066,32162.93,transporte
2025-10-05 20:48:13,TRANSFERENCIA NEQUI #2569,5702.78,otras
2025-10-19 09:15:44,TDA Didi Ride,13765.0,transporte
2026-06-03 23:41:48,payment cinemark #3343,6614.13,ocio
2025-10-20 23:30:47,PAGO EN Cinepolis,14600.01,ocio
2026-02-03 09:11:03,pago en coursera course #940,63601.35,educacion
2025-09-01 14:31:43,TDA OPTICA HP,59542.06,salud
2026-02-25 17:53:57,COMPRA Daviplata Envio #5335,22524.31,otras
2026-04-17 14:43:29,POS Spotify,6696.49,ocio
2026-02-22 15:24:59,AUT UBER #4463,31703.72,transporte
2026-06-04 07:34:11,PAGO EN EPS SANITAS,46460.5,salud
2026-01-26 19:51:38,aut matricula uniminuto #6228,30144.72,educacion
2025-08-21 00:44:26,pago en pago arriendo apto #5960,2798393.15,vivienda
2025-10-02 02:24:02,aut cinemark,18648.13,ocio
2025-12-09 16:48:29,AUT FERRETERIA EL MARTILLO,665333.48,vivienda
2026-08-10 11:49:48,AUT Acueducto Agua #5756,62888.76,servicios
2025-11-30 17:21:04,COMPRA Papeleria Comercial,138942.52,otras
2025-12-20 15:18:05,AUT Rappi Comida,32329.02,alimentacion
2026-07-28 21:36:22,PAYMENT ETB INTERNET #4833,33138.08,servicios
2026-03-24 09:32:19,PAGO EN Udemy Online #7554,30163.76,educacion
2025-10-20 21:10:14,PAYMENT OXXO,32281.38,alimentacion
2025-12-08 03:16:30,TDA Cinepolis #8863,11622.01,ocio
2026-05-10 11:19:49,TDA PAPELERIA COMERCIAL,26498.07,otras
2026-06-25 05:12:40,COMPRA DROGAS LA REBAJA #4035,70688.38,salud
2026-05-21 21:49:58,TDA Movistar Factura #1820,37642.8,servicios
2026-03-07 03:24:55,PAYMENT ACUEDUCTO AGUA,31026.15,servicios
2025-11-23 00:09:56,HOMECENTER #9794,352763.95,vivienda
2026-02-13 04:48:03,TDA Didi Ride #909,7749.47,transporte
2026-08-16 00:29:05,PAYMENT LABORATORIO SYNLAB #2466,26875.0,salud
2026-08-12 11:27:11,ETB Internet,22712.16,servicios
2026-05-24 02:32:43,tda matricula uniminuto,348338.21,educacion
2025-10-20 05:15:21,COMPRA STEAM GAMES #9842,5919.12,ocio
2026-05-22 03:29:13,POS Pension Colegio #2254,64286.31,educacion
2025-08-21 05:59:06,pos supermercado exito #2220,77839.76,alimentacion
2026-01-26 02:40:10,TDA LABORATORIO SYNLAB,35246.97,salud
2025-10-14 19:47:59,POS Administracion Conjunto,961499.56,vivienda
2025-09-12 11:22:39,pago en uber #2750,15905.37,transporte
2025-12-16 13:00:33,TDA Recarga Celular Claro,31384.52,servicios
2025-10-29 07:41:50,pago en laboratorio synlab,38127.09,salud
2026-05-13 23:24:53,TDA UDEMY ONLINE #6257,219801.15,educacion
2026-03-14 06:27:56,AUT AMAZON MARKETPLACE,4698.24,otras
2025-12-23 23:54:57,pos didi ride #104,13004.09,transporte
2025-09-10 04:00:39,POS CREPES AND WAFFLES #3990,46039.64,alimentacion
2026-02-15 10:59:26,COMPRA EPS Sanitas,88173.77,salud
2025-10-17 04:41:34,PAYMENT BOLETAS TUBOLETO,37989.57,ocio
2025-12-31 12:54:06,TDA Taller Automotriz Central,12683.76,transporte
2026-03-22 14:09:26,AUT Movistar Factura #5363,65361.52,servicios
2025-12-29 09:40:53,PAYMENT PAPELERIA COMERCIAL,11395.53,otras
2025-08-22 22:08:28,PAGO EN CONSULTORIO ODONTOLOGICO #8332,211400.78,salud
2025-12-02 01:43:18,COMPRA UDEMY ONLINE #2815,263276.62,educacion
2026-07-02 04:25:50,Laboratorio Synlab #8653,17947.31,salud
2026-04-01 10:05:06,AUT UBER,23773.7,transporte
2025-12-14 04:14:40,PAGO EN FARMATODO,46334.43,salud
2026-04-16 23:12:56,TDA EPS Sanitas #9617,97552.22,salud
2026-08-15 06:49:33,TDA Matricula Uniminuto,75514.06,educacion
2026-03-23 08:23:26,COMPRA MATRICULA UNIMINUTO #2728,68275.38,educacion
2026-04-23 14:35:03,drogas la rebaja #7354,221019.02,salud
2025-11-04 02:42:11,TDA FERRETERIA EL MARTILLO #5809,687465.87,vivienda
2026-04-04 14:14:31,tda movistar factura,44172.31,servicios
2025-09-26 10:15:12,PAYMENT Easy #5873,637168.3,vivienda
2025-11-09 11:49:32,compra spotify,42901.59,ocio
2025-10-25 16:33:24,TDA Cinemark,8309.59,ocio
2026-03-24 08:08:05,compra oxxo,22218.6,alimentacion
2025-10-05 15:24:45,AUT PLATZI SUBSCRIPCION #9445,615026.49,educacion
2026-04-02 12:38:12,DROGAS LA REBAJA,30048.23,salud
2026-06-10 22:35:20,TDA CONSULTORIO ODONTOLOGICO,285267.25,salud
2025-12-23 15:45:39,aut transferencia nequi #1247,53736.11,otras
2026-06-13 05:48:28,COURSERA COURSE #7577,81995.56,educacion
2026-04-09 07:21:30,TDA NETFLIX,3754.44,ocio
2026-06-26 23:01:20,PAGO EN EASY,721010.53,vivienda
2026-07-21 19:53:26,AUT CINEPOLIS,14344.77,ocio
2026-05-04 01:17:16,Consultorio Odontologico #111,177006.11,salud
2025-11-06 17:19:29,TDA Netflix,40615.82,ocio
2025-08-18 11:20:18,POS Libreria Panamericana,43391.35,educacion
2025-11-09 11:50:39,PAGO EN OXXO,68936.8,alimentacion
2026-08-13 10:27:07,compra matricula uniminuto #6787,247330.95,educacion
2025-10-13 07:50:46,AUT Panaderia Kuty,85710.46,alimentacion
2025-10-20 10:39:49,PAGO EN BOLETAS TUBOLETO #4169,18940.98,ocio
2026-07-23 02:26:21,Pension Colegio #5423,9595.05,educacion
2025-12-21 00:10:20,PAYMENT DROGUERIA CRUZ VERDE #3785,41317.25,salud
2026-07-31 09:20:07,POS ETB INTERNET #3715,13447.86,servicios
2025-10-09 15:08:37,Panaderia Kuty,30881.59,alimentacion
2026-06-26 22:24:53,PAGO EN TRANSFERENCIA NEQUI #4466,58688.8,otras
2026-01-29 15:30:49,aut gasolinera terpel #6838,23733.33,transporte
2026-02-16 14:54:21,TDA Crepes and Waffles #1378,90987.07,alimentacion
2025-12-12 22:29:34,PAGO EN FARMATODO #6683,71391.16,salud
2026-06-08 14:13:39,payment cajero davivienda #1111,6012.97,otras
2025-11-18 22:36:39,pago en enel codensa luz #6876,5928.29,servicios
2026-01-17 03:46:10,PAYMENT Inmobiliaria Bogota,797538.4,vivienda
2026-06-13 23:53:55,POS MercadoLibre,17784.34,otras
2026-05-18 17:07:18,compra carulla #4851,16621.35,alimentacion
2026-01-02 07:12:24,PAYMENT OXXO,9316.09,alimentacion
2026-07-09 03:13:27,pos drogueria cruz verde,21846.2,salud
2025-12-18 12:50:14,PAGO EN Supermercado Exito #1239,31082.7,alimentacion
2025-09-16 19:19:07,compra rappi comida,61864.53,alimentacion
2026-07-10 12:14:10,COMPRA COURSERA COURSE,123791.91,educacion
2025-10-20 22:45:40,TDA INMOBILIARIA BOGOTA,1914257.45,vivienda
2026-07-07 04:12:22,COMPRA MATRICULA UNIMINUTO #7610,28489.05,educacion
2026-05-20 16:41:09,COMPRA LIBRERIA PANAMERICANA #5801,284153.73,educacion
2026-07-09 14:39:27,pos d1 #8655,37715.97,alimentacion
2026-03-23 02:33:06,payment cinepolis #7155,21726.07,ocio
2026-02-23 18:26:51,PAGO EN CINEMARK #8658,9842.25,ocio
2026-06-19 20:07:56,PAYMENT CABIFY #5853,47311.67,transporte
2026-05-10 14:32:02,PAYMENT EPS SANITAS #2657,67829.14,salud
2026-03-22 02:29:50,PAYMENT FERRETERIA EL MARTILLO #5587,485208.03,vivienda
2026-04-27 16:23:02,compra peaje cundinamarca,17839.64,transporte
2025-10-25 13:38:27,compra didi ride,14536.23,transporte
2026-07-19 19:26:25,POS Matricula Uniminuto #7011,177551.15,educacion
2026-07-15 15:05:34,PAGO EN Panaderia Kuty,14131.74,alimentacion
2026-06-12 18:18:25,pago en drogas la rebaja #690,47463.35,salud
2025-12-29 19:19:12,COMPRA TRANSFERENCIA NEQUI #7287,32705.79,otras
2026-01-29 03:08:16,TDA RESTAURANTE DON JEDIONDO,37287.69,alimentacion
2026-04-14 01:03:40,POS Drogas La Rebaja #7259,215698.17,salud
2026-07-23 18:06:17,PAYMENT CREPES AND WAFFLES,67455.15,alimentacion
2026-01-12 23:12:23,PAYMENT Pago Arriendo Apto #344,726149.74,vivienda
2025-10-25 22:53:53,Inmobiliaria Bogota,830691.25,vivienda
2025-08-21 13:55:09,pos matricula uniminuto,140758.18,educacion
2026-02-05 02:56:04,estacion texaco,25925.17,transporte
2026-03-09 17:08:40,TDA Estacion Texaco,3487.39,transporte
2025-08-19 14:46:34,AUT Laboratorio Synlab #5111,35183.1,salud
2025-12-15 23:29:45,AUT STEAM GAMES #5931,4726.28,ocio
2025-09-22 23:35:58,TDA ADMINISTRACION CONJUNTO #820,1570600.47,vivienda
2026-08-08 02:23:09,tda enel codensa luz #4078,25938.67,servicios
2026-02-28 16:49:07,AUT ETB Internet,23956.51,servicios
2026-04-10 01:59:32,POS COURSERA COURSE,289571.29,educacion
2025-08-30 10:57:01,AUT ESTACION TEXACO,26372.9,transporte
2025-12-02 05:10:40,Daviplata Envio #415,7125.0,otras
2026-02-19 08:34:38,PAYMENT AMAZON MARKETPLACE,20518.76,otras
2025-09-03 11:47:04,payment vanti gas natural #289,22002.25,servicios
2026-05-17 22:39:56,pos drogas la rebaja #3755,7194.08,salud
2025-12-01 21:55:49,COMPRA UBER,9689.05,transporte
2025-09-08 15:50:21,AUT PLAYSTATION NETWORK #9306,11748.98,ocio
2026-07-03 04:23:48,payment homecenter #6446,680803.8,vivienda
2026-07-18 15:54:55,PAYMENT Carulla,11094.61,alimentacion
2026-08-12 16:04:08,TDA CINEMARK #6672,29916.51,ocio
2026-04-10 09:11:11,PAYMENT Acueducto Agua,25304.52,servicios
2026-02-09 22:30:44,pago en restaurante don jediondo #4021,37423.06,alimentacion
2025-10-23 22:06:28,TDA Consultorio Odontologico,76168.69,salud
2026-06-04 16:21:18,COMPRA VANTI GAS NATURAL,16766.77,servicios
2026-06-04 22:25:00,movistar factura #9655,35376.87,servicios
2026-06-27 00:14:40,payment cinepolis #6725,10332.48,ocio
2025-09-01 06:26:06,POS AMAZON MARKETPLACE,8985.92,otras
2025-08-28 15:13:30,TDA RESTAURANTE DON JEDIONDO #704,57455.04,alimentacion
2026-07-30 17:36:00,AUT PANADERIA KUTY #3673,119771.27,alimentacion
2025-10-15 22:17:44,pos drogas la rebaja,108804.97,salud
2026-05-30 08:17:26,PAGO EN Oxxo,75991.9,alimentacion
2026-07-21 15:56:40,AUT Matricula Uniminuto #4817,52851.6,educacion
2025-09-18 14:25:35,COMPRA DROGAS LA REBAJA #6529,8455.89,salud
2026-07-07 08:29:20,AUT Jumbo,119624.15,alimentacion
2025-09-08 04:51:00,PAYMENT Rappi Comida #2027,187889.99,alimentacion
2026-04-22 00:10:19,AUT DIDI RIDE,72296.15,transporte
2025-09-10 15:21:37,PAGO EN MERCADOLIBRE,15743.99,otras
2025-09-24 06:58:55,PAYMENT Taller Automotriz Central #1633,6379.4,transporte
2025-12-03 04:43:44,PAYMENT Amazon Marketplace #481,7587.95,otras
2026-04-28 20:28:05,COMPRA ARA,9442.86,alimentacion
2026-05-30 20:00:39,EASY #7403,683904.0,vivienda
2025-12-24 15:06:26,AUT FARMATODO #8920,286715.51,salud
2026-07-12 20:31:18,COMPRA RECARGA CELULAR CLARO,24710.97,servicios
2026-08-01 01:57:19,PAGO EN Vanti Gas Natural #7343,32253.88,servicios
2025-10-22 03:37:46,PAGO EN Vanti Gas Natural,61411.86,servicios
2026-05-24 21:14:09,PAGO EN CINEMARK #8190,10068.16,ocio
2026-03-05 23:05:12,POS EPS SANITAS #2898,460047.31,salud
2026-05-02 11:59:25,COMPRA Supermercado Exito #1558,178737.86,alimentacion
2026-01-26 03:22:33,COMPRA Gasolinera Terpel,16026.51,transporte
2026-05-04 11:57:11,COMPRA RESTAURANTE DON JEDIONDO,22878.95,alimentacion
2025-09-11 15:52:06,pos peaje cundinamarca #502,33776.29,transporte
2026-07-03 20:26:43,TDA PLAYSTATION NETWORK #5892,10474.85,ocio
2025-10-13 17:22:28,POS Vanti Gas Natural #8270,13441.02,servicios
2025-11-28 23:40:19,PAGO EN PLATZI SUBSCRIPCION,459312.64,educacion
2025-10-23 11:03:21,PAGO EN Ferreteria El Martillo,1513398.64,vivienda
2025-09-03 17:17:37,POS ETB INTERNET #2415,29534.28,servicios
2026-04-10 18:20:47,tda eps sanitas,12220.24,salud
2026-05-11 21:44:59,POS RECARGA CELULAR CLARO #716,12865.24,servicios
2026-01-23 08:56:44,tda recarga celular claro,28690.97,servicios
2026-04-21 03:52:02,pago en udemy online,54184.75,educacion
2026-07-10 11:36:35,aut transmilenio card #8962,13266.75,transporte
2025-12-16 06:42:30,enel codensa luz,49671.07,servicios
2026-03-23 03:14:13,TDA PAGO ARRIENDO APTO #4596,1132465.41,vivienda
2025-10-02 03:37:27,POS TRANSMILENIO CARD #8965,62338.12,transporte
2026-02-14 12:13:52,POS AMAZON MARKETPLACE,8179.42,otras
2026-07-08 03:30:51,TDA PENSION COLEGIO,65392.98,educacion
2025-09-19 20:54:38,payment daviplata envio,47050.73,otras
2026-08-13 17:12:59,PAGO EN Restaurante Don Jediondo #3749,51972.12,alimentacion
2025-09-20 16:10:26,PAGO EN MERCADOLIBRE #3640,101964.54,otras
2026-08-08 22:55:42,PAGO EN EASY #9478,938766.47,vivienda
2025-10-27 07:28:38,aut drogas la rebaja #8082,374340.1,salud
2025-09-19 23:54:57,Netflix #6645,19496.93,ocio
2025-12-18 17:46:17,POS Cabify,46908.34,transporte
2026-04-17 19:00:45,drogueria cruz verde,34342.32,salud
2026-06-11 04:49:02,AUT RESTAURANTE DON JEDIONDO #1552,36732.96,alimentacion
2026-06-19 18:00:13,aut enel codensa luz,46470.21,servicios
2025-11-09 21:55:58,PAGO EN Consultorio Odontologico #6154,289027.17,salud
2026-01-09 21:18:48,Netflix #9222,22258.2,ocio
2025-09-17 23:58:56,tda libreria panamericana,89339.04,educacion
2025-11-21 06:09:18,PAGO EN LIBRERIA PANAMERICANA,515453.33,educacion
2026-07-08 14:43:27,AUT Ferreteria El Martillo #8734,195792.91,vivienda
2026-04-23 21:16:37,pago en easy #6490,310723.68,vivienda
2026-06-03 16:47:47,POS RESTAURANTE DON JEDIONDO,62649.27,alimentacion
2025-10-07 23:37:23,compra recarga celular claro,27131.89,servicios
2025-09-07 03:33:57,COMPRA Spotify,20411.62,ocio
2026-05-18 14:02:24,PAGO EN INMOBILIARIA BOGOTA,758156.05,vivienda
2025-10-25 13:33:46,PAYMENT Transferencia Nequi,38985.52,otras
2025-10-10 23:18:39,gasolinera terpel #8732,8664.92,transporte
2025-12-17 23:30:00,POS Recarga Celular Claro #8547,37884.28,servicios
2025-11-13 04:32:54,PAGO EN PAGO ARRIENDO APTO,1324636.6,vivienda
2025-12-01 09:07:11,TDA LABORATORIO SYNLAB,187701.02,salud
2025-10-25 05:14:57,compra transmilenio card #8229,110436.82,transporte
2025-11-26 03:48:01,TDA DIDI RIDE #5139,22464.43,transporte
2026-02-04 03:47:54,PAYMENT CINEPOLIS,16183.34,ocio
2025-09-22 07:47:16,Drogueria Cruz Verde #5925,9177.5,salud
2026-01-02 08:42:42,tda panaderia kuty,23738.91,alimentacion
2026-01-05 15:33:56,PAYMENT VANTI GAS NATURAL,23960.23,servicios
2026-06-13 09:27:36,COMPRA OXXO,84141.54,alimentacion
2026-03-08 13:33:23,POS ETB INTERNET,18646.23,servicios
2026-07-05 13:56:45,COMPRA DAVIPLATA ENVIO,48841.71,otras
2026-05-11 06:07:14,PAYMENT Drogas La Rebaja #5937,48933.43,salud
2025-08-31 16:48:12,tda peaje cundinamarca #5277,15375.78,transporte
2026-01-14 05:14:58,AUT Didi Ride,22561.6,transporte
2026-03-14 08:29:27,pago en consultorio odontologico,31879.8,salud
2025-11-07 05:57:52,payment cinemark #7466,9893.9,ocio
2026-02-01 22:15:06,COMPRA AMAZON MARKETPLACE #6437,4004.66,otras
2026-04-25 07:40:32,POS Recarga Celular Claro #4276,23184.23,servicios
2026-06-22 16:13:56,POS ENEL CODENSA LUZ,20171.36,servicios
2025-11-05 23:59:26,PAYMENT Drogas La Rebaja,27789.71,salud
2026-05-16 03:41:28,BOLETAS TUBOLETO #8624,17886.67,ocio
2026-03-19 15:50:02,PAYMENT AMAZON MARKETPLACE #4371,42558.38,otras
2026-06-21 21:48:40,PAYMENT ADMINISTRACION CONJUNTO,838455.43,vivienda
2025-09-21 16:21:58,PAYMENT Uber #206,44173.21,transporte
2026-06-13 19:08:21,EPS Sanitas #7170,92329.42,salud
2025-11-25 17:10:21,COMPRA LABORATORIO SYNLAB,35434.39,salud
2026-02-15 01:36:53,COMPRA BOLETAS TUBOLETO #4225,9662.43,ocio
2025-08-29 15:33:43,compra matricula uniminuto,143686.15,educacion
2026-03-06 05:30:43,PAYMENT FERRETERIA EL MARTILLO #5965,1029166.97,vivienda
2026-04-19 12:51:02,PAGO EN ETB INTERNET,62237.1,servicios
2026-02-17 23:43:17,PAGO EN CREPES AND WAFFLES #5534,94177.67,alimentacion
2026-02-14 21:30:05,Udemy Online #8362,51546.13,educacion
2025-12-20 20:56:20,TDA Ferreteria El Martillo,686112.05,vivienda
2026-03-24 09:09:24,aut carulla,62119.44,alimentacion
2026-04-30 02:17:25,payment optica hp #4032,158704.23,salud
2026-08-02 10:56:09,netflix,25778.05,ocio
2025-12-20 15:10:12,pago en spotify,12775.51,ocio
2025-09-27 01:30:30,pos pension colegio #9651,21920.4,educacion
2026-01-03 19:29:15,COMPRA PAPELERIA COMERCIAL #5191,8111.71,otras
2025-10-18 02:06:24,PAGO EN Optica HP #4352,66164.34,salud
2026-02-18 02:23:17,TDA ARA #8704,47752.2,alimentacion
2025-12-26 04:27:14,TDA Restaurante Don Jediondo #3366,15078.97,alimentacion
2026-08-03 02:49:38,compra libreria panamericana #5135,104139.18,educacion
2025-10-29 02:27:02,pos transferencia nequi #9109,41407.79,otras
2025-12-14 09:08:26,POS MERCADOLIBRE #6762,6965.84,otras
2026-02-14 17:43:14,POS MOVISTAR FACTURA,52208.38,servicios
2025-10-28 17:35:19,COMPRA Transferencia Nequi,15100.28,otras
2026-02-03 22:18:09,PAGO EN Inmobiliaria Bogota #3630,1551244.19,vivienda
2026-02-10 16:49:37,payment peaje cundinamarca #2070,11157.79,transporte
2026-03-29 02:49:47,tda libreria panamericana,28797.66,educacion
2026-02-02 08:38:42,payment vanti gas natural #1345,20437.32,servicios
2026-01-19 12:30:10,PAYMENT DROGAS LA REBAJA #3071,44149.51,salud
2026-07-07 08:47:13,TDA Amazon Marketplace,14935.86,otras
2025-11-23 12:36:44,pos vanti gas natural,23633.0,servicios
2026-01-09 09:03:31,pos vanti gas natural,32872.08,servicios
2025-12-26 15:41:55,aut playstation network #7572,11851.08,ocio
2026-05-07 23:02:37,pago en farmatodo,45582.37,salud
2025-12-12 00:15:46,SUPERMERCADO EXITO,9252.22,alimentacion
2026-08-13 05:15:18,UBER #4214,25655.88,transporte
2026-06-09 19:43:58,PAYMENT Drogas La Rebaja,44439.16,salud
2025-09-28 07:43:45,pago en texaco,76823.33,transporte
2026-01-29 20:04:00,compra optica hp,17439.24,salud
2026-03-29 17:01:23,PAYMENT Cinemark #9990,3767.6,ocio
2026-04-04 18:18:52,PAYMENT Transferencia Nequi #7103,40866.6,otras
2025-10-20 03:16:40,COMPRA Inmobiliaria Bogota #6509,897991.8,vivienda
2025-10-21 01:15:47,compra platzi subscripcion #3264,29433.25,educacion
2026-07-27 18:06:41,PAGO EN Pension Colegio #232,15745.36,educacion
2026-05-15 08:50:30,COMPRA Spotify,39190.03,ocio
2025-11-02 12:14:46,TDA OPTICA HP #1742,232238.8,salud
2026-06-05 10:11:44,PAYMENT LIBRERIA PANAMERICANA #9860,4989.3,educacion
2025-10-06 21:06:54,PAYMENT Playstation Network #1661,9693.82,ocio
2025-12-24 19:36:04,PAGO EN TRANSFERENCIA NEQUI #2163,116330.67,otras
2025-09-21 13:01:17,POS Pago Arriendo Apto #4454,548181.91,vivienda
2026-06-21 08:28:04,PAGO EN Administracion Conjunto #3261,543417.22,vivienda
2026-06-24 16:52:11,aut mercadolibre #3875,16601.37,otras
2026-02-11 13:57:53,PAYMENT Movistar Factura,13731.69,servicios
2025-10-20 15:32:41,pago en libreria panamericana,12762.53,educacion
2025-08-17 18:18:15,TDA Gasolinera Terpel #3278,46503.95,transporte
2025-10-13 17:09:39,vanti gas natural #2387,8903.84,servicios
2026-07-26 08:10:46,ETB Internet #2403,31205.91,servicios
2025-12-12 10:35:59,AUT PENSION COLEGIO,286042.42,educacion
2025-09-17 15:35:48,AUT TEXACO,4884.86,transporte
2025-11-17 03:50:07,tda pension colegio,32561.24,educacion
2026-02-02 23:22:31,aut mcdonalds,95850.35,alimentacion
2026-05-25 15:52:00,aut drogueria cruz verde #3492,88095.87,salud
2025-10-16 07:06:52,POS OPTICA HP #403,24859.26,salud
2026-03-21 02:39:56,AUT CONSULTORIO ODONTOLOGICO,183960.05,salud
2025-08-19 08:32:01,PAGO EN Carulla,95342.27,alimentacion
2025-10-18 07:30:23,PAGO EN BAR EL CERVECERO #7076,16128.4,ocio
2025-09-25 05:42:21,PAYMENT PANADERIA KUTY #3990,17674.39,alimentacion
2026-03-18 23:13:24,supermercado exito,26088.27,alimentacion
2026-01-17 11:13:55,AUT UDEMY ONLINE #3386,139199.59,educacion
2025-11-07 23:00:46,compra pension colegio #5960,78722.65,educacion
2026-05-04 00:43:40,POS PAGO ARRIENDO APTO,1281285.34,vivienda
2026-07-06 07:09:38,aut steam games #2230,4578.64,ocio
2026-05-18 16:55:50,tda mercadolibre,4943.04,otras
2026-06-09 18:38:38,CREPES AND WAFFLES #6314,41969.43,alimentacion
2026-01-14 22:53:44,PAYMENT PAPELERIA COMERCIAL #9422,13473.17,otras
2025-12-19 01:44:40,AUT Steam Games,8613.33,ocio
2026-01-19 17:37:47,POS Crepes and Waffles,8826.86,alimentacion
2026-08-01 04:36:36,POS ACUEDUCTO AGUA #1445,27220.55,servicios
2026-07-01 19:27:05,PAYMENT EASY #6407,706689.69,vivienda
2026-05-28 02:00:23,TDA PLATZI SUBSCRIPCION,216246.62,educacion
2026-04-06 06:19:06,PAYMENT COURSERA COURSE #1063,107225.28,educacion
2026-03-12 20:45:33,POS RECARGA CELULAR CLARO #5584,24845.64,servicios
2025-12-30 03:28:53,COMPRA Oxxo #5734,93115.93,alimentacion
2026-05-04 14:08:53,tda drogas la rebaja,11571.33,salud
2026-04-02 04:21:32,aut ara #4437,55776.69,alimentacion
2025-11-11 12:46:59,PAGO EN BAR EL CERVECERO,4147.23,ocio
2025-10-25 15:01:00,TDA ACUEDUCTO AGUA #4733,16268.45,servicios
2026-01-07 19:00:35,Playstation Network,5716.66,ocio
2025-12-27 10:05:07,pos matricula uniminuto,252289.13,educacion
2026-07-03 03:34:50,AUT SPOTIFY #124,12761.82,ocio
2026-04-11 13:20:14,peaje cundinamarca,17815.91,transporte
2026-06-05 08:39:07,CREPES AND WAFFLES,14982.13,alimentacion
2026-08-07 15:00:15,Transmilenio Card #8362,13770.39,transporte
2026-04-25 03:39:40,tda acueducto agua #3198,17016.2,servicios
2025-10-10 01:26:34,pos laboratorio synlab #8534,74742.23,salud
2025-10-29 10:27:27,drogas la rebaja,16478.3,salud
2025-11-07 11:16:23,aut playstation network,33889.35,ocio
2026-02-02 12:40:22,payment d1 #7508,9504.64,alimentacion
2025-12-27 07:37:19,POS Estacion Texaco #9140,8726.61,transporte
2026-04-28 10:35:08,tda acueducto agua,73594.11,servicios
2026-01-29 18:21:43,pos easy #8627,561808.74,vivienda
2025-12-06 02:30:11,PAGO EN Uber,5522.63,transporte
2026-01-14 15:49:36,PAGO EN Cinemark #1038,15573.87,ocio
2026-07-02 09:16:58,TDA UBER,11756.33,transporte
2025-08-30 23:03:10,pos transferencia nequi #4624,9548.41,otras
2026-01-28 05:19:03,TDA Steam Games,6203.63,ocio
2025-10-19 22:46:30,compra consultorio odontologico,1030145.86,salud
2026-05-09 10:18:45,GASOLINERA TERPEL,14380.14,transporte
2026-07-07 10:03:19,pago en netflix #4179,3470.67,ocio
2026-02-13 23:50:19,pago en movistar factura,65921.89,servicios
2025-12-29 22:04:21,pos platzi subscripcion,205517.22,educacion
2026-05-28 23:25:49,POS TRANSFERENCIA NEQUI,10234.64,otras
2026-04-29 03:35:00,compra easy #2486,416702.8,vivienda
2026-06-25 12:04:34,TALLER AUTOMOTRIZ CENTRAL #1913,33061.53,transporte
2025-10-18 21:59:25,compra coursera course #719,73401.38,educacion
2025-10-06 10:23:03,TDA NETFLIX #1351,3469.67,ocio
2026-03-02 07:45:06,TDA VANTI GAS NATURAL #8558,78617.06,servicios
2026-05-10 23:12:43,POS SUPERMERCADO EXITO #3492,25663.05,alimentacion
2025-08-21 22:27:32,PAYMENT CARULLA #6351,120145.33,alimentacion
2026-04-28 08:27:47,TDA BOLETAS TUBOLETO #4126,32692.61,ocio
2026-01-20 10:35:31,AUT HOMECENTER #4907,400069.78,vivienda
2026-06-13 00:02:17,COMPRA UDEMY ONLINE #8378,341064.82,educacion
2025-12-13 02:11:08,TDA CAJERO DAVIVIENDA,11482.25,otras
2025-11-25 21:13:43,TDA Ferreteria El Martillo,237988.98,vivienda
2026-04-20 16:50:43,TDA OXXO,25856.61,alimentacion
2026-04-08 20:44:26,aut pension colegio,159080.4,educacion
2026-02-28 09:59:53,compra homecenter #7400,552582.49,vivienda
2026-06-16 17:55:31,tda gasolinera terpel #3131,13679.54,transporte
2026-05-20 22:59:05,gasolinera terpel,50473.79,transporte
2026-07-11 06:39:53,PLAYSTATION NETWORK #1477,14393.7,ocio
2026-01-06 03:12:12,AUT Cinemark #5953,7403.37,ocio
2026-06-18 11:47:11,aut netflix #4143,21838.31,ocio
2026-01-29 03:01:06,pos farmatodo #2200,60927.7,salud
2026-06-08 10:31:50,drogas la rebaja #2911,3060.2,salud
2026-07-21 10:21:43,compra panaderia kuty #2638,51158.42,alimentacion
2025-09-17 12:11:02,payment daviplata envio #1842,32592.21,otras
2025-08-20 03:17:11,pago en easy #5217,738275.75,vivienda
2026-08-15 05:36:23,MERCADOLIBRE #4101,53728.59,otras
2026-04-03 15:04:11,COMPRA BOLETAS TUBOLETO,8344.22,ocio
2025-11-02 04:19:55,COMPRA INMOBILIARIA BOGOTA #1170,892605.39,vivienda
2026-06-29 02:37:02,pos carulla #4715,10367.51,alimentacion
2026-05-27 00:26:11,pos pension colegio #7718,160895.19,educacion
2026-02-02 07:53:43,pago en oxxo,173242.52,alimentacion
2026-02-13 22:21:06,payment eps sanitas #2178,16410.19,salud
2025-09-01 21:49:19,payment coursera course #7850,39665.51,educacion
2026-07-20 11:49:43,compra papeleria comercial #9793,10829.02,otras
2026-02-12 04:17:33,POS Matricula Uniminuto #352,115381.33,educacion
2025-09-05 21:09:50,aut enel codensa luz,14216.78,servicios
2026-05-11 00:02:29,payment papeleria comercial #9352,33565.28,otras
2025-11-23 10:18:04,payment supermercado exito #1836,71501.37,alimentacion
2025-12-26 11:48:59,pago en udemy online #5935,187440.48,educacion
2025-12-10 10:42:40,POS Drogueria Cruz Verde #8023,7007.55,salud
2026-03-16 05:13:39,COMPRA Ara #6151,80509.79,alimentacion
2025-10-25 20:18:44,TDA PAGO ARRIENDO APTO,1280063.76,vivienda
2026-01-03 00:51:27,COMPRA Didi Ride #6756,38068.61,transporte
2025-08-24 05:44:01,payment peaje cundinamarca,25224.17,transporte
2025-12-21 12:14:22,tda cajero davivienda #6871,27451.86,otras
2026-04-21 10:14:00,POS Rappi Comida #8735,82943.22,alimentacion
2026-04-05 19:30:24,cinemark #6163,51352.01,ocio
2026-01-03 04:12:17,compra daviplata envio #3331,8492.68,otras
2025-08-31 15:41:48,aut bar el cervecero #3078,28415.44,ocio
2026-05-31 07:26:40,PAYMENT Farmatodo,44585.38,salud
2025-11-21 23:48:50,Platzi Subscripcion #4779,84490.33,educacion
2025-09-19 01:49:06,pos homecenter,290129.19,vivienda
2025-09-23 03:55:31,CAJERO DAVIVIENDA #477,16567.7,otras
2026-05-26 16:35:40,pos papeleria comercial #8254,8125.28,otras
2026-04-20 05:41:13,POS Platzi Subscripcion #8084,56577.95,educacion
2026-01-31 20:35:35,pago en pension colegio #3885,26427.92,educacion
2025-12-29 13:40:42,PAYMENT HOMECENTER #954,557186.32,vivienda
2026-05-12 00:18:55,payment etb internet #8923,21085.35,servicios
2025-11-20 05:37:42,AUT Recarga Celular Claro #8124,28511.22,servicios
2026-07-02 01:55:31,administracion conjunto #4822,276827.57,vivienda
2026-03-26 10:32:44,tda mercadolibre #2154,5189.96,otras
2025-09-02 05:14:47,compra easy,906320.76,vivienda
2025-12-22 06:28:12,PAYMENT CABIFY #4767,8798.23,transporte
2025-09-01 07:18:33,PAGO EN Administracion Conjunto,1389865.97,vivienda
2026-04-11 02:01:52,tda bar el cervecero #7583,15641.59,ocio
2026-04-22 03:18:24,AUT RAPPI COMIDA,59006.9,alimentacion
2026-01-12 18:07:55,pos papeleria comercial,90281.9,otras
2026-05-26 03:39:15,COMPRA BAR EL CERVECERO #422,10755.82,ocio
2025-12-26 14:42:54,INMOBILIARIA BOGOTA,516746.64,vivienda
2026-06-04 10:07:10,pago en daviplata envio #1876,52664.8,otras
2026-01-28 12:42:33,PAYMENT BOLETAS TUBOLETO,19085.03,ocio
2025-08-26 03:04:26,PAGO EN Bar El Cervecero,11717.85,ocio
2026-06-03 10:49:05,drogas la rebaja,226523.45,salud
2026-05-24 16:11:17,AUT LIBRERIA PANAMERICANA #5354,76519.95,educacion
2026-06-01 20:46:12,COMPRA Enel Codensa Luz,27437.45,servicios
2026-07-08 10:28:59,PAGO EN Homecenter #2315,738763.85,vivienda
2025-10-01 15:36:31,COMPRA JUMBO #1293,17194.16,alimentacion
2026-03-27 03:34:23,PAYMENT COURSERA COURSE #2753,108347.88,educacion
2025-12-13 04:29:13,POS Consultorio Odontologico,227848.5,salud
2026-03-05 01:38:27,aut didi ride #871,26915.87,transporte
2026-07-15 04:34:22,PAYMENT DAVIPLATA ENVIO #649,22721.42,otras
2026-05-14 01:23:25,POS PAGO ARRIENDO APTO,661946.25,vivienda
2026-01-09 18:34:51,pos pago arriendo apto #117,889593.79,vivienda
2026-02-17 02:21:50,PAYMENT CINEPOLIS,22580.38,ocio
2026-06-08 20:51:37,aut cabify #4565,31204.42,transporte
2025-12-02 03:38:35,PAYMENT FARMATODO #4431,34028.33,salud
2026-05-11 23:06:58,SUPERMERCADO EXITO,47090.44,alimentacion
2025-12-02 22:54:34,PAYMENT VANTI GAS NATURAL,35881.02,servicios
2026-05-05 04:42:57,COMPRA MOVISTAR FACTURA,14701.18,servicios
2026-04-09 05:56:08,tda cinemark,15029.37,ocio
2026-08-05 17:53:46,PAYMENT Peaje Cundinamarca #3029,2578.15,transporte
2026-05-07 19:48:14,PAGO EN RECARGA CELULAR CLARO #5894,35936.91,servicios
2025-12-01 08:00:04,LIBRERIA PANAMERICANA #3018,218035.17,educacion
2026-01-22 13:39:49,PAGO EN Transferencia Nequi #841,46515.74,otras
2025-08-24 16:55:05,COMPRA DAVIPLATA ENVIO #7747,14838.1,otras
2026-04-29 16:06:43,TDA SPOTIFY #4901,16586.31,ocio
2025-12-02 03:28:28,POS Recarga Celular Claro #6520,63219.77,servicios
2026-02-13 00:42:34,Papeleria Comercial #3596,90560.16,otras
2026-06-20 08:11:07,POS CARULLA #3485,35477.78,alimentacion
2025-12-18 23:54:19,TDA NETFLIX,14728.27,ocio
2025-11-11 09:19:52,COMPRA FERRETERIA EL MARTILLO #2793,1420538.65,vivienda
2025-08-24 10:53:48,PAGO EN Amazon Marketplace #4794,4910.83,otras
2025-12-21 12:01:07,TDA MCDONALDS #3165,28044.26,alimentacion
2025-09-11 04:22:52,PAGO EN Acueducto Agua #4666,59954.56,servicios
2025-12-07 05:13:38,POS EPS SANITAS #6103,143303.58,salud
2026-05-20 23:04:45,payment pension colegio #3317,153755.13,educacion
2026-07-04 14:24:37,compra transferencia nequi #4979,4886.19,otras
2026-04-02 18:12:07,AUT Peaje Cundinamarca,17241.61,transporte
2026-04-20 22:57:18,TDA UDEMY ONLINE #926,48635.14,educacion
2025-12-23 02:38:09,ETB Internet,32814.42,servicios
2026-01-15 12:33:21,POS Platzi Subscripcion #829,37376.0,educacion
2026-08-13 13:29:12,PAYMENT PENSION COLEGIO #642,28828.85,educacion
2025-08-22 07:34:48,POS VANTI GAS NATURAL #3468,7793.78,servicios
2025-12-27 17:01:46,PAYMENT Farmatodo,187960.13,salud
2025-12-29 22:48:46,TDA Udemy Online #5432,61100.5,educacion
2025-10-15 09:07:27,PAGO EN Recarga Celular Claro #5953,29563.25,servicios
2026-07-15 05:37:11,PAYMENT Gasolinera Terpel #6537,17997.46,transporte
2026-02-27 05:13:32,compra optica hp,15151.01,salud
2026-03-12 03:17:05,pos texaco,5807.13,transporte
2025-10-22 11:05:05,PAGO EN ESTACION TEXACO,7296.98,transporte
2026-01-15 22:04:45,DAVIPLATA ENVIO,10687.52,otras
2026-01-20 22:06:05,Pension Colegio #2427,153265.58,educacion
2026-05-01 00:36:04,PAGO EN FERRETERIA EL MARTILLO #7359,452511.93,vivienda
2025-09-16 23:07:46,pos amazon marketplace #6233,126309.51,otras
2026-02-22 09:18:45,TDA Farmatodo #6064,151731.25,salud
2025-12-29 12:52:00,payment homecenter #9689,1184718.47,vivienda
2025-11-06 00:57:44,PAGO EN Easy #3393,678883.39,vivienda
2026-03-11 02:35:52,AUT HOMECENTER #1941,1809513.24,vivienda
2025-12-13 12:14:07,PAYMENT OPTICA HP #6748,38568.6,salud
2026-06-05 00:56:39,pos restaurante don jediondo #6149,35418.55,alimentacion
2026-02-08 18:43:20,pos inmobiliaria bogota #2444,807731.29,vivienda
2026-02-14 22:44:36,aut cinepolis #6803,21835.15,ocio
2025-10-16 23:32:34,payment ara,60447.26,alimentacion
2026-04-01 14:27:07,COMPRA D1 #1525,24832.28,alimentacion
2026-04-16 21:01:04,Uber #7465,11162.39,transporte
2026-03-24 19:37:26,compra mercadolibre #2457,41768.72,otras
2026-01-25 18:11:17,PAGO EN Coursera Course #8271,232881.24,educacion
2026-06-05 05:53:33,COMPRA Laboratorio Synlab,31802.93,salud
2026-03-21 12:50:12,aut etb internet,10380.53,servicios
2026-02-24 00:37:50,PAGO EN OPTICA HP #7822,39024.79,salud
2026-01-10 04:20:54,AUT Cabify #6923,31608.24,transporte
2025-10-07 13:57:13,crepes and waffles #604,153942.35,alimentacion
2026-04-10 05:13:47,POS ARA,13927.68,alimentacion
2025-09-24 02:21:44,COMPRA EPS Sanitas,30661.76,salud
2025-11-10 05:11:55,COMPRA NETFLIX #9967,10172.24,ocio
2025-09-29 09:37:01,compra vanti gas natural,60686.9,servicios
2025-12-07 19:22:22,COMPRA DAVIPLATA ENVIO,21270.12,otras
2026-07-19 07:50:05,COMPRA Bar El Cervecero #922,7078.88,ocio
2026-06-11 06:14:04,acueducto agua #3145,37617.22,servicios
2026-01-20 05:07:18,PAGO EN CAJERO DAVIVIENDA #6565,14696.45,otras
2026-01-23 02:05:30,POS Peaje Cundinamarca #2942,5991.23,transporte
2026-06-05 04:53:26,COURSERA COURSE #1840,33815.41,educacion
2026-01-26 20:09:54,Vanti Gas Natural,76147.32,servicios
2025-12-03 17:47:32,pago en playstation network,17482.34,ocio
2026-06-12 16:01:20,TDA VANTI GAS NATURAL #7946,28700.1,servicios
2026-04-19 05:02:23,pos transmilenio card #2305,14401.62,transporte
2026-05-02 09:33:35,COMPRA DAVIPLATA ENVIO,29500.1,otras
2026-04-20 07:34:30,PAGO EN TRANSMILENIO CARD,23207.07,transporte
2025-12-18 20:19:24,cinepolis #3660,16391.5,ocio
2026-03-13 10:51:03,payment cinemark #6989,14478.09,ocio
2026-01-16 17:45:56,AUT Bar El Cervecero,24542.43,ocio
2026-07-17 01:25:57,peaje cundinamarca #7355,18412.66,transporte
2026-02-25 14:37:29,compra farmatodo #5119,16718.43,salud
2025-12-06 14:47:59,cinemark #7477,8701.96,ocio
2025-10-17 09:29:27,TDA PENSION COLEGIO #2640,9183.63,educacion
2026-01-19 19:13:18,compra peaje cundinamarca #2060,111762.95,transporte
2025-08-18 17:33:05,TDA CAJERO DAVIVIENDA,52195.66,otras
2026-07-05 17:21:34,DROGUERIA CRUZ VERDE #5040,19671.43,salud
2026-06-09 17:30:49,COMPRA TALLER AUTOMOTRIZ CENTRAL,13993.38,transporte
2026-04-29 06:35:05,pago en d1 #1803,21818.18,alimentacion
2026-05-09 19:44:42,tda gasolinera terpel #6085,72279.26,transporte
2026-01-13 07:33:28,AUT CINEPOLIS,4944.77,ocio
2026-04-28 01:49:03,POS Transferencia Nequi #3495,24697.96,otras
2026-01-26 21:00:00,COMPRA Cinemark #7087,12382.39,ocio
2025-10-29 18:53:13,POS Pension Colegio,266254.09,educacion
2025-08-28 17:07:36,COMPRA PEAJE CUNDINAMARCA,16422.24,transporte
2025-11-12 12:04:17,PAYMENT Steam Games,3902.04,ocio
2026-04-11 05:19:02,compra pension colegio,73032.41,educacion
2026-02-28 22:06:42,pago en drogas la rebaja #6820,16825.01,salud
2026-04-07 06:49:31,TDA Consultorio Odontologico #6621,53505.38,salud
2026-05-28 18:33:32,TDA LABORATORIO SYNLAB #4273,237422.07,salud
2025-08-26 07:16:11,AUT JUMBO,9031.37,alimentacion
2026-04-11 06:18:34,PAYMENT Transmilenio Card #1738,8776.21,transporte
2025-10-21 01:57:14,tda peaje cundinamarca #4906,10966.24,transporte
2026-04-17 08:28:55,PAGO EN INMOBILIARIA BOGOTA #6952,580138.03,vivienda
2026-05-10 05:10:15,AUT PAGO ARRIENDO APTO,1137195.16,vivienda
2026-01-08 05:51:11,PAYMENT Homecenter,657285.23,vivienda
2026-06-01 23:23:03,POS PEAJE CUNDINAMARCA #277,26218.55,transporte
2026-07-26 13:22:41,payment pago arriendo apto,501087.58,vivienda
2026-01-15 15:21:03,PAYMENT Homecenter #8261,837314.15,vivienda
2026-03-04 00:26:12,PAYMENT Transferencia Nequi,47944.42,otras
2026-07-13 15:53:57,spotify #1869,8001.55,ocio
2026-02-11 05:09:37,tda matricula uniminuto,252112.26,educacion
2026-05-25 05:51:13,AUT Daviplata Envio #2407,23210.8,otras
2025-10-24 11:31:47,AUT MATRICULA UNIMINUTO #3301,346123.97,educacion
2026-08-16 09:13:52,PAYMENT PEAJE CUNDINAMARCA #7509,15043.81,transporte
2026-08-10 06:22:55,PAGO EN ETB INTERNET #4335,33817.94,servicios
2025-12-20 18:27:09,TDA Estacion Texaco #4142,17386.59,transporte
2025-12-09 05:14:03,PAGO EN CAJERO DAVIVIENDA,20006.0,otras
2026-07-30 19:16:58,pos peaje cundinamarca #3933,22766.32,transporte
2025-11-05 19:53:33,compra matricula uniminuto,187994.68,educacion
2026-02-12 12:57:01,pago en vanti gas natural #7309,12711.48,servicios
2025-11-20 14:26:53,PAGO EN CREPES AND WAFFLES #2222,114337.16,alimentacion
2026-04-08 17:07:59,pago en crepes and waffles #6795,8203.12,alimentacion
2025-11-19 08:57:50,AUT D1 #5377,20997.32,alimentacion
2026-02-12 15:03:45,POS FARMATODO,44192.22,salud
2026-04-23 12:31:58,AUT VANTI GAS NATURAL #5157,34455.14,servicios
2026-06-25 13:21:01,AUT Bar El Cervecero #7689,40268.34,ocio
2026-07-08 20:00:36,COMPRA Amazon Marketplace #8485,3434.78,otras
2026-07-22 02:52:14,pago en farmatodo,28044.18,salud
2025-11-20 12:44:16,PAYMENT PENSION COLEGIO,7690.95,educacion
2026-05-24 20:24:14,aut movistar factura #1358,27418.5,servicios
2025-08-20 02:36:07,PAGO EN Peaje Cundinamarca,23029.13,transporte
2025-08-29 23:42:47,pago en bar el cervecero,40682.65,ocio
2026-05-07 07:21:10,payment cinepolis,14536.88,ocio
2026-07-20 04:03:18,AUT NETFLIX #6866,27745.19,ocio
2026-02-16 01:06:45,AUT Crepes and Waffles,57934.58,alimentacion
2025-09-13 18:18:00,TDA BAR EL CERVECERO,9850.98,ocio
2025-11-26 10:05:35,EASY,313208.24,vivienda
2026-03-14 02:49:49,PAGO EN Inmobiliaria Bogota,860269.83,vivienda
2026-05-22 10:08:11,POS Pension Colegio #5179,16472.99,educacion
2026-04-25 17:45:17,PAYMENT CREPES AND WAFFLES #6479,102351.24,alimentacion
2026-05-22 00:31:49,PAGO EN LABORATORIO SYNLAB #640,41016.58,salud
2026-02-03 17:45:29,tda netflix,30841.74,ocio
2026-07-04 21:40:11,compra transferencia nequi #7667,13626.69,otras
2025-09-09 15:41:36,payment inmobiliaria bogota,857100.51,vivienda
2026-06-28 15:41:12,MERCADOLIBRE,27155.88,otras
2026-07-05 02:49:57,POS Crepes and Waffles #5893,35030.16,alimentacion
2026-06-11 23:49:18,POS DIDI RIDE #3843,12217.28,transporte
2026-01-05 13:19:45,PAGO EN RECARGA CELULAR CLARO,34046.2,servicios
2026-05-22 17:52:14,POS TALLER AUTOMOTRIZ CENTRAL #9333,7835.76,transporte
2026-04-18 19:38:58,COMPRA CREPES AND WAFFLES,13800.38,alimentacion
2026-02-04 07:58:09,pos ferreteria el martillo #9686,1537542.83,vivienda
2026-06-19 05:45:51,CARULLA,64973.48,alimentacion
2025-09-26 16:16:53,LIBRERIA PANAMERICANA,106838.11,educacion
2026-07-12 09:42:47,pago en oxxo #4042,137601.06,alimentacion
2026-06-07 18:57:42,AUT EASY #8202,621157.96,vivienda
2026-06-06 02:17:58,PAYMENT PLATZI SUBSCRIPCION,482745.01,educacion
2026-05-24 19:55:07,PAYMENT Optica HP #3552,59464.3,salud
2026-01-06 18:08:30,AUT Easy #5138,394411.3,vivienda
2026-04-29 09:48:48,POS ENEL CODENSA LUZ #788,81537.97,servicios
2025-10-11 13:30:56,compra coursera course,324114.79,educacion
2026-06-22 09:32:14,COMPRA Matricula Uniminuto #7017,85372.11,educacion
2025-11-07 00:34:44,etb internet,41618.61,servicios
2025-09-24 03:43:19,POS COURSERA COURSE #9372,60812.82,educacion
2026-04-23 18:39:00,PAYMENT Matricula Uniminuto,266993.3,educacion
2025-09-15 04:49:23,pago en pago arriendo apto,173746.54,vivienda
2026-08-01 15:33:09,POS Rappi Comida #2588,16061.16,alimentacion
2026-02-24 08:16:26,compra transmilenio card #6373,43535.58,transporte
2026-06-07 10:00:55,COMPRA ETB INTERNET #3700,23160.57,servicios
2025-12-28 10:14:39,TDA VANTI GAS NATURAL,30470.84,servicios
2026-05-12 02:11:59,AUT Gasolinera Terpel,5366.29,transporte
2025-12-23 20:25:51,compra optica hp,374240.42,salud
2026-05-16 02:49:56,TDA Acueducto Agua #202,54957.63,servicios
2026-03-26 02:44:36,OPTICA HP,39310.47,salud
2026-04-05 06:55:00,SPOTIFY #5172,10063.93,ocio
2026-06-09 02:29:14,AUT TEXACO,45553.55,transporte
2025-10-13 22:07:42,TDA UDEMY ONLINE #6501,1065510.45,educacion
2025-12-07 10:48:41,pago en movistar factura,47679.47,servicios
2025-11-11 06:30:54,TDA FERRETERIA EL MARTILLO #2457,2684705.51,vivienda
2026-03-24 07:00:47,TDA TALLER AUTOMOTRIZ CENTRAL #1333,7862.69,transporte
2026-05-21 15:34:20,POS CREPES AND WAFFLES,18854.19,alimentacion
2025-12-14 12:44:55,TDA FERRETERIA EL MARTILLO #7952,357408.74,vivienda
2025-10-17 21:55:50,COMPRA ACUEDUCTO AGUA,35068.42,servicios
2026-04-20 14:46:14,payment gasolinera terpel,21121.42,transporte
2026-02-18 00:25:14,AUT Pago Arriendo Apto #6391,665856.41,vivienda
2026-02-04 06:15:33,Spotify #959,23540.58,ocio
2025-12-09 22:55:20,PAYMENT Coursera Course #9518,433130.49,educacion
2026-06-02 06:32:25,PAGO EN Ferreteria El Martillo #5526,292027.3,vivienda
2025-10-06 08:38:47,POS CARULLA,22525.93,alimentacion
2026-04-10 08:17:02,pago en steam games,23720.63,ocio
2026-07-17 02:16:52,AUT UDEMY ONLINE #7416,56314.85,educacion
2025-11-25 08:42:30,cinemark,7640.79,ocio
2025-11-13 22:47:42,COMPRA TRANSFERENCIA NEQUI,60994.41,otras
2026-07-13 21:35:10,PAGO EN AMAZON MARKETPLACE,6066.27,otras
2026-03-31 22:32:45,tda steam games,10817.22,ocio
2025-10-14 01:17:30,POS FERRETERIA EL MARTILLO #3521,888408.04,vivienda
2025-08-22 02:54:53,TDA MATRICULA UNIMINUTO #8075,49583.63,educacion
2026-01-05 20:40:44,COMPRA Gasolinera Terpel,36491.7,transporte
2026-03-02 22:51:42,AUT DAVIPLATA ENVIO #7440,12470.52,otras
2026-07-21 09:36:01,COMPRA CINEMARK #7690,35811.83,ocio
2026-01-22 01:11:28,Rappi Comida,32840.01,alimentacion
2026-04-14 14:54:35,TDA PAGO ARRIENDO APTO #3060,1091171.1,vivienda
2025-12-29 02:44:51,payment taller automotriz central #8825,35292.35,transporte
2025-10-16 23:19:21,COMPRA DROGUERIA CRUZ VERDE #6946,24580.43,salud
2026-07-14 13:21:02,pago en pago arriendo apto #5795,212757.45,vivienda
2025-12-17 11:53:53,pago en boletas tuboleto #1147,17197.67,ocio
2026-01-09 19:45:25,TDA LABORATORIO SYNLAB #9901,53077.97,salud
2026-07-19 12:38:18,pos platzi subscripcion,192334.48,educacion
2026-04-26 05:45:07,PAYMENT Homecenter,636718.88,vivienda
2026-07-21 14:43:26,PAYMENT Drogas La Rebaja,30531.97,salud
2026-02-20 15:29:59,pago en boletas tuboleto,54498.64,ocio
2026-02-21 09:38:14,TDA BAR EL CERVECERO #173,4766.43,ocio
2025-08-22 23:06:08,enel codensa luz #7701,41788.24,servicios
2025-09-11 13:58:58,ENEL CODENSA LUZ #1729,19057.94,servicios
2025-11-12 17:58:03,aut oxxo #5529,27760.71,alimentacion
2025-11-05 14:30:18,pago en transferencia nequi,16040.9,otras
2025-10-14 17:22:17,PAYMENT ACUEDUCTO AGUA,16612.98,servicios
2026-04-10 19:23:32,tda ara #210,57352.94,alimentacion
2026-06-19 23:00:51,AUT Movistar Factura,61968.79,servicios
2026-04-26 20:51:10,PAGO EN LABORATORIO SYNLAB #4945,82208.59,salud
2026-01-02 21:16:46,PAYMENT OPTICA HP #2766,54924.8,salud
2026-02-11 19:38:01,PAGO EN Farmatodo #3121,16562.82,salud
2026-08-06 21:26:56,POS FERRETERIA EL MARTILLO #4715,994599.24,vivienda
2026-08-04 09:47:31,PAYMENT Movistar Factura #5411,98106.59,servicios
2026-07-09 15:35:57,AUT Didi Ride #9768,12802.23,transporte
2026-07-11 21:22:06,TDA Cabify #9887,12856.63,transporte
2026-08-01 05:40:00,platzi subscripcion,50346.94,educacion
2026-06-01 08:35:15,TDA SPOTIFY,9484.46,ocio
2026-01-05 15:04:22,aut coursera course,3661.55,educacion
2025-08-30 04:32:27,AUT Peaje Cundinamarca #5804,25965.7,transporte
2026-04-17 16:56:06,compra netflix #7857,7391.7,ocio
2025-12-23 09:44:53,compra cinemark,4327.81,ocio
2025-09-12 12:46:23,AUT Carulla #5046,66340.24,alimentacion
2026-03-20 07:25:48,DAVIPLATA ENVIO #1403,7465.01,otras
2026-07-12 05:22:52,compra movistar factura #517,21956.06,servicios
2026-03-14 06:26:36,PAGO EN GASOLINERA TERPEL,67494.28,transporte
2026-06-23 07:34:40,tda boletas tuboleto,4981.81,ocio
2026-02-06 21:21:53,pago en papeleria comercial #6033,4757.14,otras
2026-03-08 12:40:51,PAGO EN Spotify,16131.26,ocio
2025-11-20 11:08:31,COMPRA STEAM GAMES #5010,29870.93,ocio
2026-06-23 01:32:19,AUT MATRICULA UNIMINUTO #6769,14924.96,educacion
2025-10-27 09:11:21,AUT RAPPI COMIDA #5415,50319.69,alimentacion
2026-08-16 01:42:18,pos steam games #2079,20064.35,ocio
2026-07-16 11:08:06,PAGO EN Homecenter,212034.38,vivienda
2025-11-14 02:43:38,Rappi Comida,68789.13,alimentacion
2026-05-23 00:54:51,payment panaderia kuty #7042,73224.45,alimentacion
2025-10-25 08:13:07,UBER #1747,13621.34,transporte
2026-04-11 00:01:11,COMPRA COURSERA COURSE #9945,443660.82,educacion
2026-03-19 19:13:51,aut bar el cervecero,29599.68,ocio
2025-09-21 21:58:27,AUT MCDONALDS,39438.36,alimentacion
2025-10-30 05:30:19,AUT EPS SANITAS,29834.18,salud
2026-07-06 01:03:32,AUT Boletas Tuboleto,6761.64,ocio
2026-08-04 08:17:27,pos mcdonalds,35240.43,alimentacion
2026-03-08 09:02:08,POS Amazon Marketplace #2880,38939.29,otras
2025-09-10 01:44:56,TDA CINEMARK #4340,10647.46,ocio
2025-11-13 19:42:09,POS ACUEDUCTO AGUA #7789,7197.57,servicios
2026-04-01 21:21:14,pago en coursera course,452460.92,educacion
2026-02-18 19:02:18,COMPRA Movistar Factura #9391,30155.84,servicios
2025-09-24 14:23:23,TDA Coursera Course #8957,62595.62,educacion
2026-07-25 19:55:55,pos transferencia nequi #1551,51904.38,otras
2025-12-19 06:25:12,tda texaco #7853,71123.62,transporte
2025-09-14 19:21:45,COMPRA FARMATODO #3952,2248.23,salud
2026-02-19 04:30:54,POS Taller Automotriz Central,26657.81,transporte
2026-02-05 01:14:00,payment estacion texaco #9958,4994.12,transporte
2026-02-18 07:25:13,AUT Easy #770,984083.77,vivienda
2025-09-25 05:21:21,TDA UBER,20234.3,transporte
2026-04-03 07:49:34,COMPRA RESTAURANTE DON JEDIONDO #987,60390.15,alimentacion
2026-04-06 18:56:49,Libreria Panamericana,54225.3,educacion
2025-12-11 22:17:01,AUT Taller Automotriz Central,3341.2,transporte
2025-08-21 03:56:47,PAGO EN PEAJE CUNDINAMARCA #7895,12024.1,transporte
2026-01-31 08:03:28,COMPRA ARA,50285.8,alimentacion
2026-05-24 01:09:30,tda supermercado exito,81823.02,alimentacion
2026-06-15 08:17:58,compra pension colegio #1697,24192.61,educacion
2025-11-01 02:06:03,Transmilenio Card,45449.38,transporte
2026-06-26 08:43:37,easy #8200,494487.24,vivienda
2026-04-13 01:11:30,PAGO EN Pension Colegio #1071,152503.05,educacion
2025-08-17 15:03:35,compra mercadolibre #1588,13228.2,otras
2026-06-06 11:27:22,pago en pago arriendo apto #3911,813663.67,vivienda
2026-04-07 23:28:18,COMPRA Optica HP #5583,130753.01,salud
2026-02-24 17:51:27,payment mercadolibre #4814,6457.43,otras
2025-10-24 23:50:28,PAYMENT TEXACO,9779.9,transporte
2026-03-02 10:45:29,COMPRA McDonalds #2343,42107.03,alimentacion
2026-03-05 03:08:18,pos drogas la rebaja #6284,688136.18,salud
2026-04-25 00:53:13,PAYMENT SPOTIFY #9521,7301.0,ocio
2025-11-28 00:57:59,PAGO EN EASY #1745,2480771.93,vivienda
2025-11-22 03:29:53,AUT PLATZI SUBSCRIPCION #9602,1093952.63,educacion
2025-12-02 08:19:06,AUT OPTICA HP #8728,44044.59,salud
2026-03-23 09:48:27,PAGO EN Platzi Subscripcion,69024.51,educacion
2025-12-15 08:42:25,AUT LIBRERIA PANAMERICANA #5863,43024.36,educacion
2026-02-04 07:57:01,CONSULTORIO ODONTOLOGICO #8119,45477.69,salud
2026-06-07 06:34:55,tda pension colegio #6010,18250.3,educacion
2026-02-22 19:01:26,POS Coursera Course,90085.38,educacion
2025-12-19 09:40:29,CINEMARK #4336,38094.16,ocio
2026-02-16 03:52:54,PAGO EN Playstation Network #4890,8710.12,ocio
2025-10-19 18:56:05,compra drogas la rebaja,37616.7,salud
2025-09-11 21:30:12,PAYMENT Enel Codensa Luz #381,9694.52,servicios
2026-05-05 19:02:15,pago en inmobiliaria bogota #1446,912950.78,vivienda
2025-09-23 03:52:56,POS PENSION COLEGIO #9864,135588.25,educacion
2025-12-28 10:08:23,aut etb internet,27951.37,servicios
2026-05-11 05:21:58,compra coursera course,76100.3,educacion
2026-07-02 21:14:17,tda daviplata envio,16436.21,otras
2025-10-31 14:53:09,PAGO EN CABIFY,28330.95,transporte
2026-06-09 16:44:49,PAGO EN Estacion Texaco,17572.05,transporte
2025-11-08 05:45:58,D1 #3549,46722.33,alimentacion
2026-02-28 07:22:13,PAGO EN ESTACION TEXACO #3056,21883.42,transporte
2025-12-19 17:12:32,pos daviplata envio #1227,67739.67,otras
2026-02-16 16:38:41,Spotify #951,21458.92,ocio
2026-05-10 08:44:35,compra pago arriendo apto #9998,818899.88,vivienda
2026-08-12 15:51:05,COMPRA AMAZON MARKETPLACE #6208,100551.17,otras
2025-11-07 02:30:28,PAGO EN RESTAURANTE DON JEDIONDO,50828.62,alimentacion
2026-05-05 08:53:16,pago en cajero davivienda,81223.73,otras
2025-12-21 04:09:27,compra eps sanitas #1535,95572.16,salud
2025-10-30 23:07:13,pos platzi subscripcion,10825.9,educacion
2026-06-18 14:44:08,AUT Cinemark #1733,33302.39,ocio
2026-07-14 10:59:26,AUT PENSION COLEGIO #9279,116100.5,educacion
2026-04-11 09:12:20,TDA OPTICA HP #4281,46297.8,salud
2025-10-17 11:01:39,COMPRA BAR EL CERVECERO,16267.81,ocio
2026-03-06 00:15:35,TDA Coursera Course #1718,65252.54,educacion
2026-04-28 05:25:08,TDA Daviplata Envio #927,27640.26,otras
2026-06-19 18:06:54,PAGO EN Pago Arriendo Apto #3310,511383.13,vivienda
2026-06-16 06:17:15,aut supermercado exito,100651.35,alimentacion
2025-11-30 01:16:41,POS DAVIPLATA ENVIO #3729,19661.39,otras
2026-08-14 17:10:37,TDA Inmobiliaria Bogota #8258,579806.49,vivienda
2026-02-16 17:37:58,PAGO EN Drogas La Rebaja #4017,17722.35,salud
2026-01-08 10:28:07,POS RAPPI COMIDA,45027.14,alimentacion
2025-12-14 08:44:15,payment drogas la rebaja,60223.49,salud
2026-05-26 15:52:11,POS Acueducto Agua #5069,33963.94,servicios
2026-07-05 11:26:26,EPS SANITAS #4703,15835.71,salud
2025-12-17 21:41:19,pos netflix #9447,4355.41,ocio
2025-12-15 01:22:13,compra cabify,31667.06,transporte
2026-03-24 04:39:17,texaco #8177,68608.91,transporte
2026-06-09 15:16:47,PAYMENT Cinemark #1023,6512.98,ocio
2025-08-19 15:19:00,PAGO EN Supermercado Exito #441,129515.14,alimentacion
2025-09-07 21:56:51,PAYMENT AMAZON MARKETPLACE #2171,29258.08,otras
2026-01-01 18:20:50,PAGO EN MOVISTAR FACTURA,26789.42,servicios
2026-06-26 05:02:40,POS Supermercado Exito #6833,26422.23,alimentacion
2026-02-10 20:57:56,Playstation Network #9694,5068.69,ocio
2025-08-25 00:00:29,COMPRA Papeleria Comercial #7489,59143.89,otras
2025-11-03 23:12:27,PAGO EN TRANSMILENIO CARD,8972.81,transporte
2026-05-01 13:14:28,COMPRA Peaje Cundinamarca,8938.96,transporte
2025-11-24 19:52:45,aut estacion texaco,44034.72,transporte
2026-07-06 18:23:22,compra homecenter,235675.22,vivienda
2025-08-26 15:08:57,drogas la rebaja #2383,9173.21,salud
2026-01-30 11:01:06,D1,35792.46,alimentacion
2025-12-21 22:03:01,COMPRA MOVISTAR FACTURA #6046,32079.44,servicios
2026-03-22 21:45:53,pago en papeleria comercial #2957,35765.34,otras
2025-11-02 21:28:25,COMPRA OPTICA HP #5441,35172.57,salud
2026-04-14 06:28:57,enel codensa luz,122788.89,servicios
2026-02-04 08:30:13,compra amazon marketplace,17537.69,otras
2025-09-27 22:12:55,PAGO EN Didi Ride #9851,14651.42,transporte
2025-11-19 20:39:13,PAYMENT D1 #5916,19195.11,alimentacion
2025-12-21 20:10:00,pension colegio,114541.01,educacion
2026-02-19 17:24:42,PAYMENT Udemy Online #6391,206478.89,educacion
2026-04-04 17:02:55,payment farmatodo,184229.19,salud
2025-09-04 07:11:44,pago en taller automotriz central,4720.38,transporte
2026-01-15 22:05:44,Platzi Subscripcion #2821,73482.72,educacion
2026-08-05 09:53:20,LIBRERIA PANAMERICANA #808,168728.19,educacion
2026-02-22 13:59:57,compra enel codensa luz #7471,38262.84,servicios
2025-12-04 05:33:48,COMPRA ENEL CODENSA LUZ #6623,27009.1,servicios
2026-04-02 01:25:36,administracion conjunto,1009993.43,vivienda
2025-09-09 11:19:04,POS DAVIPLATA ENVIO #860,9808.81,otras
2025-09-08 05:28:14,compra enel codensa luz,68510.57,servicios
2025-12-28 12:33:55,POS NETFLIX #5309,26764.71,ocio
2026-03-14 07:59:47,pos drogas la rebaja #475,11165.45,salud
2026-02-03 14:03:36,pension colegio,27170.21,educacion
2025-09-29 13:19:37,PAYMENT RESTAURANTE DON JEDIONDO,15716.44,alimentacion
2025-10-08 14:04:09,AUT ADMINISTRACION CONJUNTO,1095566.33,vivienda
2025-09-15 04:04:12,payment spotify #4407,5435.41,ocio
2026-06-14 12:13:57,cajero davivienda,15819.14,otras
2026-01-25 03:07:46,COMPRA Cajero Davivienda #4891,34707.27,otras
2026-07-22 20:15:18,COMPRA Ara #2845,34443.21,alimentacion
2026-04-03 11:51:25,AUT Boletas Tuboleto #8205,16014.04,ocio
2026-03-28 09:20:02,Cinepolis,6335.59,ocio
2026-03-23 15:08:22,COMPRA VANTI GAS NATURAL,38442.26,servicios
2026-02-03 15:20:07,AUT Cabify #6720,10384.91,transporte
2025-12-22 18:09:17,POS Platzi Subscripcion #9970,66866.7,educacion
2026-03-17 16:59:16,pago en optica hp #1263,63672.3,salud
2025-11-26 16:31:24,PAGO EN EPS Sanitas #7294,54906.45,salud
2026-03-11 15:58:47,TDA Supermercado Exito #6131,37018.91,alimentacion
2026-05-12 05:42:16,PAGO EN Movistar Factura #9266,17147.78,servicios
2025-10-10 23:41:51,POS PLAYSTATION NETWORK #3067,10832.6,ocio
2026-07-21 14:11:35,POS HOMECENTER #429,730372.64,vivienda
2026-05-20 17:11:55,PAGO EN UDEMY ONLINE,18956.42,educacion
2025-12-17 08:46:32,TDA DAVIPLATA ENVIO #4834,13869.77,otras
2026-08-03 22:37:15,PAYMENT D1 #8793,49520.59,alimentacion
2026-06-03 15:32:09,ACUEDUCTO AGUA,12500.68,servicios
2025-10-27 22:45:16,pos matricula uniminuto,395496.8,educacion
2026-02-15 07:33:48,INMOBILIARIA BOGOTA #8038,1562453.59,vivienda
2026-02-12 09:26:48,aut transferencia nequi #7618,6341.37,otras
2025-12-24 18:20:33,amazon marketplace,85615.33,otras
2026-05-07 14:46:33,peaje cundinamarca #2446,15847.65,transporte
2025-11-26 00:44:26,PAGO EN EPS SANITAS #875,77681.0,salud
2026-04-08 20:33:43,tda mcdonalds,24408.32,alimentacion
2026-08-14 15:39:51,pago en amazon marketplace #9838,55439.35,otras
2025-10-10 21:51:20,aut carulla #6168,50255.5,alimentacion
2026-04-23 20:33:28,tda vanti gas natural,16506.48,servicios
2026-01-30 09:27:28,POS Recarga Celular Claro #5649,13371.47,servicios
2026-06-26 11:30:48,POS TRANSFERENCIA NEQUI #438,5113.8,otras
2026-06-23 09:14:53,COMPRA OPTICA HP #2012,60278.81,salud
2026-07-06 10:12:45,ACUEDUCTO AGUA #785,37929.44,servicios
2025-09-09 20:21:16,Carulla #9046,61130.89,alimentacion
2026-01-09 11:28:42,COMPRA Acueducto Agua,25064.59,servicios
2026-03-25 03:17:13,gasolinera terpel #7689,6365.85,transporte
2025-08-29 21:29:22,POS TRANSFERENCIA NEQUI,11135.85,otras
2026-07-22 12:08:55,POS Matricula Uniminuto,393492.92,educacion
2026-06-20 07:03:37,Movistar Factura #2554,20115.04,servicios
2026-02-24 12:18:20,AUT Cinemark #2313,14770.58,ocio
2026-03-28 16:06:48,POS BOLETAS TUBOLETO #2489,6292.07,ocio
2026-04-20 19:14:16,Transferencia Nequi,30840.47,otras
2026-05-29 15:51:51,PLATZI SUBSCRIPCION,56998.4,educacion
2026-03-24 23:29:10,COMPRA Cinepolis,27797.43,ocio
2026-03-22 06:05:27,pos consultorio odontologico,114796.18,salud
2026-03-11 22:49:48,drogas la rebaja,28416.45,salud
2026-06-23 13:51:08,tda oxxo #5757,32815.91,alimentacion
2026-07-12 02:31:35,compra cinepolis #4226,9083.53,ocio
2026-03-28 07:48:57,COMPRA EPS SANITAS #6240,10286.87,salud
2026-04-11 08:21:01,tda taller automotriz central #8344,8335.69,transporte
2025-10-30 13:38:42,compra uber #372,21555.7,transporte
2026-06-11 08:28:39,FERRETERIA EL MARTILLO,886605.76,vivienda
2026-01-31 19:09:34,PAYMENT TRANSMILENIO CARD #7673,20613.33,transporte
2026-02-14 07:13:29,aut farmatodo,35175.1,salud
2026-07-28 19:50:30,aut daviplata envio #5003,55997.74,otras
2025-10-15 13:06:04,tda inmobiliaria bogota #6435,757762.39,vivienda
2025-12-23 18:16:14,compra amazon marketplace #618,44500.42,otras
2025-10-26 23:46:03,pago en etb internet,9281.1,servicios
2026-03-28 19:55:08,ARA,1575.11,alimentacion
2026-02-09 18:28:13,ENEL CODENSA LUZ,31897.18,servicios
2026-06-16 18:56:42,TDA Platzi Subscripcion #4436,17859.33,educacion
2026-05-31 14:41:55,PAYMENT ENEL CODENSA LUZ #2033,23683.38,servicios
2026-07-28 20:13:32,pago en transferencia nequi #2841,16283.42,otras
2026-01-20 08:22:47,Easy #7706,1890667.24,vivienda
2025-12-09 12:59:16,Optica HP #7774,76114.66,salud
2026-04-16 15:39:17,pago en enel codensa luz,29718.21,servicios
2025-08-24 18:20:29,PAYMENT Pension Colegio,269517.71,educacion
2025-11-12 21:44:24,tda udemy online #4607,153613.83,educacion
2026-01-30 07:46:05,POS EASY,554262.57,vivienda
2025-11-25 23:07:45,COMPRA Didi Ride #5447,47302.97,transporte
2026-04-01 09:13:42,COMPRA PLATZI SUBSCRIPCION #9162,26063.73,educacion
2026-06-11 14:39:44,COMPRA Pago Arriendo Apto #5554,885535.93,vivienda
2026-03-12 04:26:22,PAYMENT Administracion Conjunto #2752,288213.88,vivienda
2026-04-28 06:33:24,ENEL CODENSA LUZ #6138,30405.12,servicios
2025-11-03 05:40:13,POS Consultorio Odontologico,60614.45,salud
2026-08-11 19:23:35,compra carulla #7746,138852.01,alimentacion
2026-07-30 08:04:41,pago en texaco,4409.53,transporte
2026-07-20 05:44:12,PAGO EN CARULLA,22455.49,alimentacion
2025-10-15 16:49:28,TDA CABIFY,37813.22,transporte
2026-06-13 15:15:09,compra movistar factura #4087,32898.76,servicios
2025-11-05 11:50:52,pos laboratorio synlab #9035,59774.57,salud
2025-10-26 22:57:21,POS ENEL CODENSA LUZ #1151,15158.53,servicios
2025-08-27 14:52:29,PAGO EN Papeleria Comercial #7295,12199.88,otras
2026-04-08 04:45:34,DROGUERIA CRUZ VERDE,192826.31,salud
2026-06-16 03:34:07,POS Gasolinera Terpel,17216.81,transporte
2026-03-15 04:19:13,pos pension colegio #7627,154883.99,educacion
2025-09-13 08:03:32,POS OPTICA HP,43186.92,salud
2026-07-21 12:36:55,payment pension colegio,23868.08,educacion
2026-08-13 00:22:14,AUT Panaderia Kuty #3338,76653.33,alimentacion
2026-04-30 01:00:23,payment vanti gas natural,36386.0,servicios
2025-11-03 18:26:18,pago en texaco #1106,143641.11,transporte
2025-10-19 20:24:28,AUT Ferreteria El Martillo,396587.18,vivienda
2025-11-30 17:04:28,pago en transferencia nequi #3146,50139.93,otras
2026-08-16 01:24:52,aut pension colegio #6266,20458.37,educacion
2026-06-13 09:13:31,PAYMENT LIBRERIA PANAMERICANA,119230.74,educacion
2025-08-28 00:51:58,TDA Ferreteria El Martillo #8394,1310479.89,vivienda
2026-07-24 06:37:12,payment peaje cundinamarca #2301,2793.58,transporte
2025-10-04 05:54:51,STEAM GAMES #8821,11574.36,ocio
2025-08-27 07:24:46,COMPRA CAJERO DAVIVIENDA #9667,12541.4,otras
2026-07-20 08:26:11,netflix #9757,8173.32,ocio
2026-07-15 04:03:18,PAGO EN Consultorio Odontologico #7607,74886.87,salud
2025-11-06 10:35:31,farmatodo #5749,168173.97,salud
2025-09-05 13:09:19,PAGO EN PANADERIA KUTY #449,32642.72,alimentacion
2026-02-03 17:59:52,AUT LIBRERIA PANAMERICANA,126321.27,educacion
2025-11-02 13:52:58,AUT AMAZON MARKETPLACE #4683,24693.83,otras
2026-06-12 20:32:03,payment oxxo,36367.94,alimentacion
2026-04-03 15:40:04,TDA Movistar Factura #2995,13994.15,servicios
2025-09-22 11:53:11,AUT Pago Arriendo Apto #4052,1418437.91,vivienda
2026-03-02 05:15:44,TDA Supermercado Exito,45988.94,alimentacion
2026-05-25 19:26:43,COMPRA Bar El Cervecero #3103,17613.43,ocio
2025-10-03 16:48:22,tda boletas tuboleto #8087,7596.5,ocio
2026-06-07 06:31:38,COMPRA INMOBILIARIA BOGOTA,553749.54,vivienda
2025-10-03 04:15:57,Playstation Network #3718,11810.05,ocio
2026-06-01 01:43:43,PAYMENT TEXACO #8136,4533.67,transporte
2026-01-03 14:53:06,AUT Administracion Conjunto #2427,264919.0,vivienda
2025-12-18 11:58:36,pago en drogueria cruz verde #7124,25315.63,salud
2025-10-30 14:31:05,aut pension colegio #9072,184799.16,educacion
2025-09-21 16:40:41,COMPRA TRANSFERENCIA NEQUI #3634,11462.8,otras
2026-01-04 04:34:08,PAGO EN GASOLINERA TERPEL,7208.93,transporte
2025-11-24 13:52:09,PAYMENT DROGAS LA REBAJA #8028,20007.17,salud
2025-09-29 22:17:21,COMPRA ENEL CODENSA LUZ,20471.61,servicios
2025-08-23 16:55:53,POS PEAJE CUNDINAMARCA,13115.2,transporte
2026-01-12 00:34:23,payment laboratorio synlab,530764.45,salud
2026-01-19 21:35:21,pago en mercadolibre #7835,63235.47,otras
2026-01-02 04:18:44,COMPRA Cabify #7304,45355.95,transporte
2025-12-15 19:41:02,PAYMENT Crepes and Waffles,92490.78,alimentacion
2026-02-02 01:00:21,CINEPOLIS #9812,6639.72,ocio
2025-12-12 05:07:13,aut consultorio odontologico #6584,12776.96,salud
2026-05-16 18:13:57,POS PLATZI SUBSCRIPCION #9469,26153.95,educacion
2026-04-27 00:54:59,POS TEXACO #8978,59937.37,transporte
2026-06-28 01:46:16,PAYMENT JUMBO,23441.11,alimentacion
2026-07-23 14:48:52,TDA McDonalds,13345.24,alimentacion
2025-08-23 14:10:40,COMPRA Homecenter #6151,563206.87,vivienda
2026-05-27 19:04:52,compra netflix #1557,11304.73,ocio
2026-07-31 22:10:40,POS Boletas Tuboleto #1113,16121.18,ocio
2025-09-04 01:19:09,AUT FERRETERIA EL MARTILLO,847944.63,vivienda
2026-07-12 12:55:24,PAGO EN Coursera Course,36540.75,educacion
2025-10-25 07:32:41,POS Pension Colegio #4888,224759.83,educacion
2025-08-21 00:53:04,PAYMENT PAPELERIA COMERCIAL #4867,11623.76,otras
2026-03-06 20:21:09,Udemy Online,81835.66,educacion
2025-10-10 21:23:36,AUT CINEMARK #6676,21606.34,ocio
2026-02-15 21:25:00,COMPRA Drogas La Rebaja,24197.3,salud
2025-09-10 04:41:51,payment easy #5547,518341.28,vivienda
2026-06-25 01:10:16,tda playstation network #6321,20214.75,ocio
2026-07-19 21:21:58,POS RAPPI COMIDA #5614,18284.58,alimentacion
2026-05-01 02:57:57,payment vanti gas natural #6433,21356.79,servicios
2026-01-08 18:58:39,AUT Cinepolis,19712.72,ocio
2026-01-25 13:22:22,POS RECARGA CELULAR CLARO #6813,92268.26,servicios
2026-01-27 06:02:13,PAYMENT PAGO ARRIENDO APTO,1048889.67,vivienda
2025-10-24 06:11:03,TDA MATRICULA UNIMINUTO,174062.15,educacion
2025-10-15 05:24:48,TDA MATRICULA UNIMINUTO,186644.66,educacion
2026-06-27 18:45:49,PAGO EN ACUEDUCTO AGUA #3546,14130.43,servicios
2025-10-26 23:12:59,pos recarga celular claro #1201,28835.37,servicios
2026-07-24 20:02:25,aut drogueria cruz verde #6448,47441.7,salud
2026-06-18 21:41:08,tda uber,24086.96,transporte
2025-08-29 01:52:48,pos eps sanitas #8389,55723.59,salud
2025-11-04 16:34:46,Ferreteria El Martillo,916044.12,vivienda
2026-01-21 04:46:32,COMPRA MERCADOLIBRE #5547,16131.56,otras
2026-01-09 08:46:23,TDA Taller Automotriz Central #6997,19010.52,transporte
2026-04-15 23:05:58,pos transmilenio card,5972.7,transporte
2025-08-28 11:52:51,PAPELERIA COMERCIAL #2150,15995.98,otras
2025-12-24 05:00:49,AUT DROGAS LA REBAJA,226367.92,salud
2026-07-28 14:51:07,AUT Pago Arriendo Apto #6714,883180.61,vivienda
2025-08-30 17:25:27,PAYMENT CINEMARK,13165.5,ocio
2026-07-22 02:20:12,Inmobiliaria Bogota,2275417.17,vivienda
2026-08-07 05:35:57,COMPRA COURSERA COURSE #5443,19283.36,educacion
2025-09-04 11:51:04,PAYMENT Papeleria Comercial,7262.97,otras
2026-01-10 20:40:56,aut bar el cervecero #8158,44307.0,ocio
2026-05-25 00:50:41,POS Cinemark,13796.53,ocio
2025-10-22 08:32:19,boletas tuboleto,11273.29,ocio
2025-09-25 07:35:12,payment cinemark #1897,5770.75,ocio
2025-12-30 20:15:05,transferencia nequi #8862,34464.89,otras
2025-09-22 05:06:07,AUT MOVISTAR FACTURA #3298,37297.29,servicios
2025-09-12 04:38:44,pos administracion conjunto #4740,378247.26,vivienda
2026-02-18 04:11:28,aut cajero davivienda #8374,19143.61,otras
2026-01-25 15:14:29,tda cajero davivienda,15748.24,otras
2026-02-04 11:25:05,TDA STEAM GAMES #2433,15981.45,ocio
2026-07-16 05:28:40,aut daviplata envio,7192.18,otras
2026-06-27 18:50:02,pago en estacion texaco,55645.29,transporte
2025-08-17 17:10:15,PAGO EN Amazon Marketplace,55040.46,otras
2026-02-18 09:21:21,COMPRA CINEPOLIS,10360.72,ocio
2026-08-01 18:50:57,ADMINISTRACION CONJUNTO,640592.48,vivienda
2025-10-06 05:20:33,TDA Enel Codensa Luz #9318,24788.79,servicios
2026-04-29 08:17:47,PAYMENT FERRETERIA EL MARTILLO,457263.4,vivienda
2026-01-06 09:55:22,COMPRA TRANSFERENCIA NEQUI #2808,14137.28,otras
2026-05-04 00:40:56,EASY #4178,620225.11,vivienda
2025-09-23 20:56:31,PAYMENT Gasolinera Terpel #7615,77001.6,transporte
2026-02-24 19:41:23,TDA Laboratorio Synlab,138868.14,salud
2026-07-06 04:45:33,Amazon Marketplace #7010,56086.74,otras
2025-11-01 15:58:24,McDonalds #907,48822.2,alimentacion
2025-11-10 14:34:22,payment pago arriendo apto #8078,373100.76,vivienda
2025-10-06 20:20:22,POS Matricula Uniminuto,93921.13,educacion
2025-11-13 00:44:25,AUT Pension Colegio #2098,316344.2,educacion
2025-09-18 08:30:06,COMPRA TRANSMILENIO CARD,5811.31,transporte
2025-09-23 05:56:39,TDA D1,60430.1,alimentacion
2026-01-21 06:29:34,TDA ADMINISTRACION CONJUNTO,2938957.65,vivienda
2026-07-27 21:07:09,COMPRA Taller Automotriz Central,46893.53,transporte
2025-09-27 07:14:34,pos d1,112557.93,alimentacion
2025-11-13 06:59:59,PAYMENT ENEL CODENSA LUZ,30668.87,servicios
2025-10-28 03:17:27,aut udemy online,315375.21,educacion
2026-04-30 12:12:46,AUT MERCADOLIBRE #5089,10744.47,otras
2025-12-23 01:27:32,tda mercadolibre,48818.46,otras
2026-02-12 21:59:14,POS TRANSFERENCIA NEQUI #9910,42378.15,otras
2026-04-03 20:57:25,pos udemy online,139789.56,educacion
2026-03-06 04:20:34,TDA ACUEDUCTO AGUA,59254.94,servicios
2026-07-26 14:02:02,TDA EASY #5905,527935.34,vivienda
2026-06-08 13:10:00,Pago Arriendo Apto #8566,651977.6,vivienda
2025-12-22 19:06:17,acueducto agua #9460,28489.11,servicios
2026-01-09 23:33:39,POS Drogueria Cruz Verde #6412,15794.67,salud
2025-10-12 20:00:10,TDA Cinepolis #914,15659.8,ocio
2026-05-30 10:17:12,POS DROGAS LA REBAJA #2859,7399.57,salud
2026-06-03 21:42:47,PAGO EN Amazon Marketplace,62752.55,otras
2026-04-19 19:59:44,PAGO EN PAGO ARRIENDO APTO #9321,750115.46,vivienda
2026-06-21 20:52:39,payment playstation network #9434,9277.76,ocio
2025-10-27 04:24:55,AUT GASOLINERA TERPEL #9393,8510.57,transporte
2025-10-11 22:52:37,PAGO EN TRANSFERENCIA NEQUI,17420.81,otras
2025-08-30 16:24:39,payment acueducto agua #2450,40658.2,servicios
2025-10-19 07:19:28,PAYMENT Amazon Marketplace #1960,38091.22,otras
2025-12-20 16:39:52,pago en administracion conjunto,477670.88,vivienda
2026-03-27 14:40:47,TDA DIDI RIDE #2074,8421.68,transporte
2026-02-21 08:12:21,aut easy,1081802.54,vivienda
2025-10-29 08:23:08,coursera course,41488.98,educacion
2026-07-21 03:00:47,POS SPOTIFY #927,13931.91,ocio
2026-01-21 23:26:27,PAGO EN Cinepolis #583,14568.66,ocio
2025-11-08 20:51:48,tda matricula uniminuto #3621,143555.15,educacion
2026-04-15 17:29:52,COMPRA Pension Colegio,276488.5,educacion
2026-03-17 10:24:36,COMPRA INMOBILIARIA BOGOTA #2542,341882.45,vivienda
2025-10-02 04:35:55,payment libreria panamericana #8498,9962.75,educacion
2025-12-03 21:45:29,COMPRA Amazon Marketplace,12488.37,otras
2026-06-11 21:29:13,MercadoLibre,133456.17,otras
2026-08-11 05:40:59,compra libreria panamericana,1117504.82,educacion
2025-12-26 09:53:08,pos drogueria cruz verde,367432.48,salud
2025-11-24 13:52:05,AUT CAJERO DAVIVIENDA,18160.76,otras
2026-06-26 20:07:22,PAYMENT Cinemark,3837.28,ocio
2026-06-13 06:04:44,AUT PAPELERIA COMERCIAL #1413,2115.32,otras
2026-02-10 15:37:06,POS Libreria Panamericana,47247.46,educacion
2025-09-23 21:55:19,payment coursera course,77832.29,educacion
2026-07-15 22:56:29,TDA ETB INTERNET,58710.58,servicios
2026-06-09 20:37:50,COMPRA VANTI GAS NATURAL #4627,45282.83,servicios
2025-11-27 12:30:32,pago en mcdonalds,43561.28,alimentacion
2026-06-17 02:47:13,payment acueducto agua #3609,15773.6,servicios
2026-01-30 01:50:54,PAYMENT PLAYSTATION NETWORK #7687,6818.91,ocio
2025-08-27 07:19:13,Uber,22668.12,transporte
2025-10-05 10:58:36,payment taller automotriz central,33770.6,transporte
2025-11-13 15:24:14,pos papeleria comercial #2905,32593.93,otras
2026-07-05 19:19:56,TDA MOVISTAR FACTURA #5618,14461.44,servicios
2025-10-03 03:30:53,POS PENSION COLEGIO,215518.31,educacion
2026-05-21 05:14:49,tda mercadolibre,33722.18,otras
2025-10-05 11:38:21,PAGO EN UDEMY ONLINE,27315.25,educacion
2025-12-14 16:10:32,payment transmilenio card #5081,8902.71,transporte
2026-02-02 19:47:20,PAGO EN PAPELERIA COMERCIAL,43848.51,otras
2026-08-17 07:40:22,COMPRA DROGUERIA CRUZ VERDE,37874.82,salud
2026-07-20 03:10:03,acueducto agua,69806.92,servicios
2025-10-27 08:30:56,TDA PANADERIA KUTY #6113,54225.33,alimentacion
2026-07-01 21:38:49,PAGO EN MERCADOLIBRE,13539.53,otras
2025-11-01 02:50:22,TDA Papeleria Comercial,21802.82,otras
2026-07-09 15:55:54,AUT INMOBILIARIA BOGOTA #6957,757690.32,vivienda
2025-11-11 14:18:10,POS RESTAURANTE DON JEDIONDO #2559,20277.92,alimentacion
2025-11-02 14:14:59,POS CAJERO DAVIVIENDA #2363,8843.27,otras
2026-06-02 14:34:51,Enel Codensa Luz #6218,40979.78,servicios
2026-03-09 13:09:22,PAGO EN CREPES AND WAFFLES,71411.82,alimentacion
2026-06-16 07:59:28,POS DAVIPLATA ENVIO #9440,40286.89,otras
2026-03-24 00:53:41,compra vanti gas natural #4249,66782.13,servicios
2026-03-09 08:13:16,COMPRA RECARGA CELULAR CLARO,19437.04,servicios
2026-06-24 05:24:31,POS RAPPI COMIDA #2467,138609.6,alimentacion
2026-01-05 06:38:43,pos enel codensa luz,15669.12,servicios
2025-11-14 22:08:53,aut ferreteria el martillo,397276.85,vivienda
2026-03-11 14:30:45,Easy,253729.67,vivienda
2026-01-09 20:46:41,FERRETERIA EL MARTILLO #8381,558228.03,vivienda
2025-09-25 07:47:58,payment ferreteria el martillo,539159.43,vivienda
2025-10-20 18:16:47,tda ferreteria el martillo,1000051.81,vivienda
2026-04-20 18:40:01,AUT DROGAS LA REBAJA #7430,64105.15,salud
2025-11-13 07:19:03,POS ACUEDUCTO AGUA,13150.51,servicios
2025-10-15 11:39:49,compra consultorio odontologico #708,31824.8,salud
2026-04-11 04:56:23,AUT HOMECENTER,583688.53,vivienda
2026-07-16 18:20:09,POS NETFLIX #8665,3853.79,ocio
2025-12-03 13:31:13,PAYMENT Coursera Course #3327,30420.25,educacion
2026-01-20 02:51:02,AUT Pension Colegio,39144.83,educacion
2026-01-15 19:23:13,AUT Cinepolis #2622,36444.2,ocio
2026-01-28 00:54:40,TDA EPS SANITAS,60511.93,salud
2026-02-15 04:33:35,PAYMENT Gasolinera Terpel #7585,32726.87,transporte
2025-10-09 07:10:27,mercadolibre #7360,4921.48,otras
2026-08-16 18:34:28,AUT Easy #8828,1493344.35,vivienda
2025-08-17 13:44:27,TDA Oxxo #4437,102835.06,alimentacion
2025-11-23 01:00:11,POS PAGO ARRIENDO APTO #8061,219914.26,vivienda
2026-03-21 06:28:45,PAGO EN MOVISTAR FACTURA #2022,17620.35,servicios
2025-12-16 10:49:02,compra pago arriendo apto #9211,982110.73,vivienda
2026-08-10 21:54:52,payment daviplata envio #8753,41956.49,otras
